species_name,taxon_id,combine_match,adult_mass_g,adult_mass_g_provenance,dispersal_km,dispersal_km_provenance,habitat_breadth_n,habitat_breadth_n_provenance,det_diet_breadth_n,det_diet_breadth_n_provenance,home_range_km2,home_range_km2_provenance,density_n_km2,density_n_km2_provenance,trophic_level,trophic_level_provenance,dphy_invertebrate,dphy_invertebrate_provenance,dphy_vertebrate,dphy_vertebrate_provenance,dphy_plant,dphy_plant_provenance,det_inv,det_inv_provenance,det_vend,det_vend_provenance,det_vect,det_vect_provenance,det_vfish,det_vfish_provenance,det_vunk,det_vunk_provenance,det_scav,det_scav_provenance,det_fruit,det_fruit_provenance,det_nect,det_nect_provenance,det_seed,det_seed_provenance,det_plantother,det_plantother_provenance,fossoriality,fossoriality_provenance,social_group_n,social_group_n_provenance,activity_cycle,activity_cycle_provenance
Alexandromys oeconomus,ALOE,False,,missing,,missing,,missing,,missing,,missing,,missing,,missing,,missing,,missing,,missing,,missing,,missing,,missing,,missing,,missing,,missing,,missing,,missing,,missing,,missing,,missing,,missing,,missing
Arborimus albipes,ARAL,True,23.0,reported,0.133,reported,2.0,reported,1.0,reported,,missing,,missing,1.0,reported,0.0,reported,0.0,reported,100.0,reported,0.0,reported,0.0,reported,0.0,reported,0.0,reported,0.0,reported,0.0,reported,0.0,reported,0.0,reported,0.0,reported,100.0,reported,2.0,reported,,missing,1.0,imputed
Arborimus longicaudus,ARLO,True,22.39,reported,0.131,reported,1.0,reported,1.0,reported,,missing,,missing,1.0,reported,0.0,reported,0.0,reported,100.0,reported,0.0,reported,0.0,reported,0.0,reported,0.0,reported,0.0,reported,0.0,reported,0.0,reported,0.0,reported,0.0,reported,100.0,reported,2.0,reported,1.0,reported,1.0,reported
Arborimus pomo,ARPO,True,34.245,reported,0.166,reported,1.0,reported,1.0,reported,,missing,,missing,1.0,reported,0.0,reported,0.0,reported,100.0,reported,0.0,reported,0.0,reported,0.0,reported,0.0,reported,0.0,reported,0.0,reported,0.0,reported,0.0,reported,0.0,reported,100.0,reported,2.0,reported,,missing,1.0,reported
Baiomys taylori,BATA,True,7.43,reported,0.072,reported,4.0,reported,1.0,reported,0.0,reported,2464.99,reported,1.0,reported,10.0,reported,0.0,reported,90.0,reported,10.0,reported,0.0,reported,0.0,reported,0.0,reported,0.0,reported,0.0,reported,0.0,reported,0.0,reported,10.0,reported,80.0,reported,1.0,imputed,,missing,2.0,reported
Chaetodipus baileyi,CHBA,True,28.77,reported,0.151,reported,1.0,reported,1.0,reported,,missing,3480.0,reported,2.0,reported,10.0,reported,0.0,reported,90.0,reported,10.0,reported,0.0,reported,0.0,reported,0.0,reported,0.0,reported,0.0,reported,0.0,reported,0.0,reported,80.0,reported,10.0,reported,1.0,imputed,,missing,1.0,reported
Chaetodipus californicus,CHCA,True,23.01,reported,0.133,reported,1.0,reported,1.0,reported,,missing,,missing,2.0,reported,10.0,reported,0.0,reported,90.0,reported,10.0,reported,0.0,reported,0.0,reported,0.0,reported,0.0,reported,0.0,reported,0.0,reported,0.0,reported,80.0,reported,10.0,reported,1.0,imputed,,missing,1.0,reported
Chaetodipus eremicus,CHER,True,15.57,reported,0.107,reported,2.0,reported,1.0,imputed,,missing,,missing,1.0,reported,10.0,reported,0.0,reported,90.0,reported,,missing,,missing,,missing,,missing,,missing,,missing,,missing,,missing,,missing,,missing,1.0,imputed,,missing,1.0,reported
Chaetodipus fallax,CHFA,True,18.945,reported,0.12,reported,2.0,reported,1.0,reported,0.002,reported,502.5,reported,2.0,reported,10.0,reported,0.0,reported,90.0,reported,10.0,reported,0.0,reported,0.0,reported,0.0,reported,0.0,reported,0.0,reported,0.0,reported,0.0,reported,80.0,reported,10.0,reported,1.0,reported,1.0,reported,1.0,reported
Chaetodipus formosus,CHFO,True,19.225,reported,0.121,reported,3.0,reported,1.0,reported,,missing,,missing,2.0,reported,10.0,reported,0.0,reported,90.0,reported,10.0,reported,0.0,reported,0.0,reported,0.0,reported,0.0,reported,0.0,reported,0.0,reported,0.0,reported,80.0,reported,10.0,reported,1.0,imputed,,missing,1.0,reported
Chaetodipus hispidus,CHHI,True,35.7,reported,0.17,reported,2.0,reported,1.0,reported,,missing,,missing,2.0,reported,10.0,reported,0.0,reported,90.0,reported,10.0,reported,0.0,reported,0.0,reported,0.0,reported,0.0,reported,0.0,reported,0.0,reported,0.0,reported,80.0,reported,10.0,reported,1.0,reported,1.0,reported,1.0,reported
Chaetodipus intermedius,CHIN,True,15.45,reported,0.107,reported,3.0,reported,1.0,reported,,missing,425.17,reported,2.0,reported,10.0,reported,0.0,reported,90.0,reported,10.0,reported,0.0,reported,0.0,reported,0.0,reported,0.0,reported,0.0,reported,0.0,reported,0.0,reported,80.0,reported,10.0,reported,1.0,imputed,,missing,1.0,reported
Chaetodipus nelsoni,CHNE,True,14.965,reported,0.105,reported,3.0,reported,1.0,reported,0.003,reported,433.333,reported,1.0,reported,10.0,reported,0.0,reported,90.0,reported,10.0,reported,0.0,reported,0.0,reported,0.0,reported,0.0,reported,0.0,reported,0.0,reported,0.0,reported,80.0,reported,10.0,reported,1.0,reported,,missing,1.0,reported
Chaetodipus penicillatus,CHPE,True,15.57,reported,0.107,reported,2.0,reported,1.0,reported,0.005,reported,307.429,reported,2.0,reported,10.0,reported,0.0,reported,90.0,reported,10.0,reported,0.0,reported,0.0,reported,0.0,reported,0.0,reported,0.0,reported,0.0,reported,0.0,reported,80.0,reported,10.0,reported,1.0,imputed,,missing,1.0,reported
Chaetodipus rudinoris,CHRU,True,28.77,reported,0.151,reported,2.0,reported,1.0,imputed,,missing,,missing,1.0,reported,0.0,reported,0.0,reported,100.0,reported,,missing,,missing,,missing,,missing,,missing,,missing,,missing,,missing,,missing,,missing,1.0,imputed,,missing,1.0,reported
Chaetodipus spinatus,CHSN,True,16.34,reported,0.11,reported,2.0,reported,1.0,reported,,missing,,missing,1.0,reported,10.0,reported,0.0,reported,90.0,reported,10.0,reported,0.0,reported,0.0,reported,0.0,reported,0.0,reported,0.0,reported,0.0,reported,0.0,reported,80.0,reported,10.0,reported,1.0,imputed,,missing,1.0,reported
Clethrionomys gapperi,CLGA,False,,missing,,missing,,missing,,missing,,missing,,missing,,missing,,missing,,missing,,missing,,missing,,missing,,missing,,missing,,missing,,missing,,missing,,missing,,missing,,missing,,missing,,missing,,missing
Clethrionomys rutilus,CLRU,False,,missing,,missing,,missing,,missing,,missing,,missing,,missing,,missing,,missing,,missing,,missing,,missing,,missing,,missing,,missing,,missing,,missing,,missing,,missing,,missing,,missing,,missing,,missing
Dicrostonyx groenlandicus,DIGR,True,58.44,reported,0.222,reported,1.0,reported,2.0,reported,0.007,reported,518.17,reported,1.0,reported,0.0,reported,0.0,reported,100.0,reported,0.0,reported,0.0,reported,0.0,reported,0.0,reported,0.0,reported,0.0,reported,20.0,reported,0.0,reported,0.0,reported,80.0,reported,1.0,imputed,,missing,2.0,imputed
Dicrostonyx nelsoni,DINE,True,58.44,reported,0.222,reported,1.0,reported,2.0,reported,,missing,,missing,1.0,reported,0.0,reported,0.0,reported,100.0,reported,0.0,reported,0.0,reported,0.0,reported,0.0,reported,0.0,reported,0.0,reported,20.0,reported,0.0,reported,0.0,reported,80.0,reported,1.0,imputed,,missing,2.0,imputed
Dipodomys agilis,DIAG,True,60.57,reported,0.227,reported,2.0,reported,4.0,reported,0.002,reported,687.9,reported,1.0,reported,20.0,reported,0.0,reported,80.0,reported,20.0,reported,0.0,reported,0.0,reported,0.0,reported,0.0,reported,0.0,reported,20.0,reported,0.0,reported,30.0,reported,30.0,reported,1.0,imputed,,missing,1.0,reported
Dipodomys californicus,DICA,True,65.0,reported,0.236,reported,3.0,reported,4.0,reported,,missing,,missing,1.0,reported,20.0,reported,0.0,reported,80.0,reported,20.0,reported,0.0,reported,0.0,reported,0.0,reported,0.0,reported,0.0,reported,20.0,reported,0.0,reported,30.0,reported,30.0,reported,1.0,imputed,,missing,1.0,reported
Dipodomys compactus,DICO,True,49.25,reported,0.202,reported,4.0,reported,4.0,reported,,missing,,missing,1.0,reported,20.0,reported,0.0,reported,80.0,reported,20.0,reported,0.0,reported,0.0,reported,0.0,reported,0.0,reported,0.0,reported,20.0,reported,0.0,reported,30.0,reported,30.0,reported,1.0,imputed,,missing,1.0,reported
Dipodomys deserti,DIDE,True,106.75,reported,0.31,reported,1.0,reported,4.0,reported,,missing,160.5,reported,2.0,reported,20.0,reported,0.0,reported,80.0,reported,20.0,reported,0.0,reported,0.0,reported,0.0,reported,0.0,reported,0.0,reported,20.0,reported,0.0,reported,30.0,reported,30.0,reported,1.0,reported,,missing,1.0,reported
Dipodomys elator,DIEL,True,105.82,reported,0.308,reported,3.0,reported,4.0,reported,0.001,reported,1284.37,reported,2.0,reported,20.0,reported,0.0,reported,80.0,reported,20.0,reported,0.0,reported,0.0,reported,0.0,reported,0.0,reported,0.0,reported,20.0,reported,0.0,reported,30.0,reported,30.0,reported,1.0,imputed,,missing,1.0,reported
Dipodomys heermanni,DIHE,True,64.15,reported,0.234,reported,5.0,reported,4.0,reported,,missing,1160.33,reported,1.0,reported,20.0,reported,0.0,reported,80.0,reported,20.0,reported,0.0,reported,0.0,reported,0.0,reported,0.0,reported,0.0,reported,20.0,reported,0.0,reported,30.0,reported,30.0,reported,1.0,reported,1.0,reported,1.0,reported
Dipodomys ingens,DIIN,True,122.805,reported,0.334,reported,2.0,reported,4.0,reported,0.0,reported,3868.35,reported,1.0,reported,20.0,reported,0.0,reported,80.0,reported,20.0,reported,0.0,reported,0.0,reported,0.0,reported,0.0,reported,0.0,reported,20.0,reported,0.0,reported,30.0,reported,30.0,reported,1.0,reported,,missing,1.0,reported
Dipodomys merriami,DIME,True,37.805,reported,0.175,reported,2.0,reported,4.0,reported,0.002,reported,673.0,reported,2.0,reported,20.0,reported,0.0,reported,80.0,reported,20.0,reported,0.0,reported,0.0,reported,0.0,reported,0.0,reported,0.0,reported,20.0,reported,0.0,reported,30.0,reported,30.0,reported,1.0,imputed,,missing,1.0,reported
Dipodomys microps,DIMI,True,55.16,reported,0.215,reported,3.0,reported,4.0,reported,0.03,reported,1160.36,reported,1.0,reported,20.0,reported,0.0,reported,80.0,reported,20.0,reported,0.0,reported,0.0,reported,0.0,reported,0.0,reported,0.0,reported,20.0,reported,0.0,reported,30.0,reported,30.0,reported,1.0,reported,,missing,1.0,reported
Dipodomys nitratoides,DINI,True,37.8,reported,0.175,reported,2.0,reported,4.0,reported,,missing,,missing,1.0,reported,20.0,reported,0.0,reported,80.0,reported,20.0,reported,0.0,reported,0.0,reported,0.0,reported,0.0,reported,0.0,reported,20.0,reported,0.0,reported,30.0,reported,30.0,reported,1.0,reported,1.0,reported,1.0,reported
Dipodomys ordii,DIOR,True,49.6,reported,0.203,reported,2.0,reported,4.0,reported,0.004,reported,404.0,reported,2.0,reported,20.0,reported,0.0,reported,80.0,reported,20.0,reported,0.0,reported,0.0,reported,0.0,reported,0.0,reported,0.0,reported,20.0,reported,0.0,reported,30.0,reported,30.0,reported,1.0,imputed,,missing,1.0,reported
Dipodomys panamintinus,DIPA,True,56.58,reported,0.218,reported,3.0,reported,4.0,reported,0.004,reported,,missing,1.0,reported,20.0,reported,0.0,reported,80.0,reported,20.0,reported,0.0,reported,0.0,reported,0.0,reported,0.0,reported,0.0,reported,20.0,reported,0.0,reported,30.0,reported,30.0,reported,1.0,reported,1.0,reported,1.0,reported
Dipodomys simulans,DISI,True,57.7,reported,0.221,reported,4.0,reported,1.0,imputed,,missing,,missing,1.0,reported,10.0,reported,0.0,reported,90.0,reported,,missing,,missing,,missing,,missing,,missing,,missing,,missing,,missing,,missing,,missing,1.0,imputed,,missing,1.0,reported
Dipodomys spectabilis,DISP,True,124.61,reported,0.337,reported,1.0,reported,4.0,reported,0.001,reported,728.0,reported,2.0,reported,20.0,reported,0.0,reported,80.0,reported,20.0,reported,0.0,reported,0.0,reported,0.0,reported,0.0,reported,0.0,reported,20.0,reported,0.0,reported,30.0,reported,30.0,reported,1.0,reported,,missing,1.0,reported
Dipodomys stephensi,DIST,True,66.495,reported,0.239,reported,2.0,reported,4.0,reported,0.001,reported,3379.99,reported,2.0,reported,20.0,reported,0.0,reported,80.0,reported,20.0,reported,0.0,reported,0.0,reported,0.0,reported,0.0,reported,0.0,reported,20.0,reported,0.0,reported,30.0,reported,30.0,reported,1.0,imputed,1.0,reported,1.0,reported
Dipodomys venustus,DIVE,True,82.0,reported,0.268,reported,2.0,reported,4.0,reported,,missing,,missing,1.0,reported,20.0,reported,0.0,reported,80.0,reported,20.0,reported,0.0,reported,0.0,reported,0.0,reported,0.0,reported,0.0,reported,20.0,reported,0.0,reported,30.0,reported,30.0,reported,1.0,reported,,missing,1.0,reported
Lemmiscus curtatus,LECU,True,28.27,reported,0.149,reported,2.0,reported,1.0,reported,,missing,589.92,reported,1.0,reported,0.0,reported,0.0,reported,100.0,reported,0.0,reported,0.0,reported,0.0,reported,0.0,reported,0.0,reported,0.0,reported,0.0,reported,0.0,reported,0.0,reported,100.0,reported,1.0,reported,,missing,2.0,reported
Lemmus trimucronatus,LETR,True,60.8,reported,0.227,reported,1.0,reported,1.0,imputed,0.005,reported,1784.72,reported,1.0,reported,0.0,reported,0.0,reported,100.0,reported,,missing,,missing,,missing,,missing,,missing,,missing,,missing,,missing,,missing,,missing,1.0,imputed,,missing,2.0,reported
Liomys irroratus,LIIR,False,,missing,,missing,,missing,,missing,,missing,,missing,,missing,,missing,,missing,,missing,,missing,,missing,,missing,,missing,,missing,,missing,,missing,,missing,,missing,,missing,,missing,,missing,,missing
Microdipodops megacephalus,MIME,True,13.405,reported,0.099,reported,2.0,reported,2.0,reported,0.004,reported,,missing,1.0,reported,20.0,reported,0.0,reported,80.0,reported,20.0,reported,0.0,reported,0.0,reported,0.0,reported,0.0,reported,0.0,reported,0.0,reported,0.0,reported,80.0,reported,0.0,reported,1.0,reported,,missing,1.0,reported
Microdipodops pallidus,MIPA,True,13.55,reported,0.1,reported,1.0,reported,2.0,reported,,missing,,missing,2.0,reported,20.0,reported,0.0,reported,80.0,reported,20.0,reported,0.0,reported,0.0,reported,0.0,reported,0.0,reported,0.0,reported,0.0,reported,0.0,reported,80.0,reported,0.0,reported,1.0,reported,,missing,1.0,reported
Microtus californicus,MICA,True,53.5,reported,0.212,reported,1.0,reported,2.0,reported,0.0,reported,8775.0,reported,1.0,reported,0.0,reported,0.0,reported,100.0,reported,0.0,reported,0.0,reported,0.0,reported,0.0,reported,0.0,reported,0.0,reported,0.0,reported,0.0,reported,20.0,reported,80.0,reported,1.0,imputed,,missing,2.0,reported
Microtus canicaudus,MICC,True,35.1,reported,0.168,reported,2.0,reported,2.0,reported,0.0,reported,,missing,1.0,reported,0.0,reported,0.0,reported,100.0,reported,0.0,reported,0.0,reported,0.0,reported,0.0,reported,0.0,reported,0.0,reported,0.0,reported,0.0,reported,20.0,reported,80.0,reported,1.0,reported,,missing,2.0,reported
Microtus chrotorrhinus,MICH,True,38.995,reported,0.178,reported,2.0,reported,2.0,reported,,missing,,missing,1.0,reported,0.0,reported,0.0,reported,100.0,reported,0.0,reported,0.0,reported,0.0,reported,0.0,reported,0.0,reported,0.0,reported,0.0,reported,0.0,reported,20.0,reported,80.0,reported,1.0,reported,,missing,2.0,reported
Microtus longicaudus,MILO,True,32.5,reported,0.161,reported,5.0,reported,2.0,reported,,missing,1200.0,reported,1.0,reported,0.0,reported,0.0,reported,100.0,reported,0.0,reported,0.0,reported,0.0,reported,0.0,reported,0.0,reported,0.0,reported,0.0,reported,0.0,reported,20.0,reported,80.0,reported,1.0,imputed,,missing,2.0,reported
Microtus miurus,MIMI,True,40.25,reported,0.181,reported,1.0,reported,2.0,reported,0.001,reported,902.105,reported,1.0,reported,0.0,reported,0.0,reported,100.0,reported,0.0,reported,0.0,reported,0.0,reported,0.0,reported,0.0,reported,0.0,reported,0.0,reported,0.0,reported,20.0,reported,80.0,reported,1.0,imputed,,missing,2.0,reported
Microtus montanus,MIMO,True,35.1,reported,0.168,reported,2.0,reported,2.0,reported,0.0,reported,3160.0,reported,1.0,reported,0.0,reported,0.0,reported,100.0,reported,0.0,reported,0.0,reported,0.0,reported,0.0,reported,0.0,reported,0.0,reported,0.0,reported,0.0,reported,20.0,reported,80.0,reported,1.0,imputed,,missing,2.0,reported
Microtus ochrogaster,MIOC,True,46.7,reported,0.197,reported,3.0,reported,2.0,reported,0.0,reported,8990.59,reported,2.0,reported,0.0,reported,0.0,reported,100.0,reported,0.0,reported,0.0,reported,0.0,reported,0.0,reported,0.0,reported,0.0,reported,0.0,reported,0.0,reported,20.0,reported,80.0,reported,1.0,reported,2.75,reported,2.0,reported
Microtus oeconomus,MIOE,True,33.1,reported,0.163,reported,5.0,reported,2.0,reported,0.001,reported,3985.97,reported,1.0,reported,0.0,reported,0.0,reported,100.0,reported,0.0,reported,0.0,reported,0.0,reported,0.0,reported,0.0,reported,0.0,reported,0.0,reported,0.0,reported,20.0,reported,80.0,reported,1.0,imputed,,missing,2.0,reported
Microtus oregoni,MIOR,True,20.425,reported,0.125,reported,4.0,reported,2.0,reported,0.001,reported,551.7,reported,1.0,reported,0.0,reported,0.0,reported,100.0,reported,0.0,reported,0.0,reported,0.0,reported,0.0,reported,0.0,reported,0.0,reported,0.0,reported,0.0,reported,20.0,reported,80.0,reported,1.0,reported,,missing,2.0,reported
Microtus pennsylvanicus,MIPE,True,38.55,reported,0.177,reported,5.0,reported,2.0,reported,0.0,reported,2537.98,reported,1.0,reported,0.0,reported,0.0,reported,100.0,reported,0.0,reported,0.0,reported,0.0,reported,0.0,reported,0.0,reported,0.0,reported,0.0,reported,0.0,reported,20.0,reported,80.0,reported,1.0,imputed,,missing,2.0,reported
Microtus pinetorum,MIPI,True,25.5,reported,0.141,reported,3.0,reported,2.0,reported,0.001,reported,1460.0,reported,1.0,reported,0.0,reported,0.0,reported,100.0,reported,0.0,reported,0.0,reported,0.0,reported,0.0,reported,0.0,reported,0.0,reported,0.0,reported,0.0,reported,20.0,reported,80.0,reported,1.0,reported,,missing,2.0,reported
Microtus richardsoni,MIRI,True,72.825,reported,0.251,reported,2.0,reported,2.0,reported,0.0,reported,620.0,reported,2.0,reported,0.0,reported,0.0,reported,100.0,reported,0.0,reported,0.0,reported,0.0,reported,0.0,reported,0.0,reported,0.0,reported,0.0,reported,0.0,reported,20.0,reported,80.0,reported,1.0,reported,,missing,2.0,reported
Microtus townsendii,MITO,True,52.2,reported,0.209,reported,3.0,reported,2.0,reported,0.001,reported,34348.94,reported,1.0,reported,0.0,reported,0.0,reported,100.0,reported,0.0,reported,0.0,reported,0.0,reported,0.0,reported,0.0,reported,0.0,reported,0.0,reported,0.0,reported,20.0,reported,80.0,reported,1.0,reported,,missing,2.0,reported
Microtus xanthognathus,MIXA,True,92.65,reported,0.286,reported,1.0,reported,2.0,reported,0.001,reported,1000.0,reported,1.0,reported,0.0,reported,0.0,reported,100.0,reported,0.0,reported,0.0,reported,0.0,reported,0.0,reported,0.0,reported,0.0,reported,0.0,reported,0.0,reported,20.0,reported,80.0,reported,1.0,imputed,,missing,2.0,reported
Mictomys borealis,MIBO,False,,missing,,missing,,missing,,missing,,missing,,missing,,missing,,missing,,missing,,missing,,missing,,missing,,missing,,missing,,missing,,missing,,missing,,missing,,missing,,missing,,missing,,missing,,missing
Mus musculus,MUMU,True,20.5,reported,0.125,reported,5.0,reported,3.0,reported,0.001,reported,7206.667,reported,2.0,reported,20.0,reported,0.0,reported,80.0,reported,20.0,reported,0.0,reported,0.0,reported,0.0,reported,0.0,reported,0.0,reported,0.0,reported,0.0,reported,20.0,reported,60.0,reported,2.0,reported,,missing,1.0,reported
Myodes californicus,MYCA,True,22.8,reported,0.132,reported,1.0,reported,3.0,reported,0.001,reported,434.02,reported,2.0,reported,20.0,reported,0.0,reported,80.0,reported,20.0,reported,0.0,reported,0.0,reported,0.0,reported,0.0,reported,0.0,reported,0.0,reported,0.0,reported,30.0,reported,50.0,reported,1.0,imputed,,missing,2.0,reported
Myodes gapperi,MYGA,True,22.8,reported,0.132,reported,2.0,reported,3.0,reported,0.0,reported,2550.0,reported,2.0,reported,20.0,reported,0.0,reported,80.0,reported,20.0,reported,0.0,reported,0.0,reported,0.0,reported,0.0,reported,0.0,reported,0.0,reported,0.0,reported,30.0,reported,50.0,reported,1.0,imputed,1.0,reported,2.0,reported
Myodes rutilus,MYRU,True,25.0,reported,0.139,reported,2.0,reported,3.0,reported,,missing,420.17,reported,1.0,reported,20.0,reported,0.0,reported,80.0,reported,20.0,reported,0.0,reported,0.0,reported,0.0,reported,0.0,reported,0.0,reported,0.0,reported,0.0,reported,30.0,reported,50.0,reported,1.0,imputed,,missing,2.0,reported
Napaeozapus abietorum,NAAB,False,,missing,,missing,,missing,,missing,,missing,,missing,,missing,,missing,,missing,,missing,,missing,,missing,,missing,,missing,,missing,,missing,,missing,,missing,,missing,,missing,,missing,,missing,,missing
Napaeozapus insignis,NAIN,True,21.8,reported,0.129,reported,3.0,reported,3.0,reported,0.01,reported,667.18,reported,2.0,reported,20.0,reported,0.0,reported,80.0,reported,20.0,reported,0.0,reported,0.0,reported,0.0,reported,0.0,reported,0.0,reported,10.0,reported,0.0,reported,40.0,reported,30.0,reported,1.0,reported,,missing,1.0,reported
Neofiber alleni,NEAN,True,265.38,reported,0.511,reported,3.0,reported,1.0,reported,0.0,reported,14515.71,reported,1.0,reported,0.0,reported,0.0,reported,100.0,reported,0.0,reported,0.0,reported,0.0,reported,0.0,reported,0.0,reported,0.0,reported,0.0,reported,0.0,reported,0.0,reported,100.0,reported,1.0,reported,1.0,reported,1.0,reported
Neotoma albigula,NEAL,True,190.5,reported,0.426,reported,4.0,reported,2.0,reported,0.0,reported,337.143,reported,1.0,reported,10.0,reported,0.0,reported,90.0,reported,10.0,reported,0.0,reported,0.0,reported,0.0,reported,0.0,reported,0.0,reported,0.0,reported,0.0,reported,20.0,reported,70.0,reported,1.0,reported,1.0,reported,1.0,reported
Neotoma cinerea,NECI,True,285.89,reported,0.532,reported,5.0,reported,2.0,reported,0.03,reported,,missing,1.0,reported,10.0,reported,0.0,reported,90.0,reported,10.0,reported,0.0,reported,0.0,reported,0.0,reported,0.0,reported,0.0,reported,0.0,reported,0.0,reported,20.0,reported,70.0,reported,1.0,imputed,4.0,reported,1.0,reported
Neotoma devia,NEDE,True,113.4,reported,0.32,reported,2.0,reported,2.0,reported,,missing,,missing,1.0,reported,10.0,reported,0.0,reported,90.0,reported,10.0,reported,0.0,reported,0.0,reported,0.0,reported,0.0,reported,0.0,reported,0.0,reported,0.0,reported,20.0,reported,70.0,reported,2.0,imputed,,missing,1.0,reported
Neotoma floridana,NEFL,True,208.18,reported,0.447,reported,4.0,reported,2.0,reported,0.002,reported,566.667,reported,1.0,reported,10.0,reported,0.0,reported,90.0,reported,10.0,reported,0.0,reported,0.0,reported,0.0,reported,0.0,reported,0.0,reported,0.0,reported,0.0,reported,20.0,reported,70.0,reported,1.0,imputed,1.0,reported,1.0,reported
Neotoma fuscipes,NEFU,True,213.26,reported,0.453,reported,2.0,reported,2.0,reported,0.002,reported,1700.0,reported,1.0,reported,10.0,reported,0.0,reported,90.0,reported,10.0,reported,0.0,reported,0.0,reported,0.0,reported,0.0,reported,0.0,reported,0.0,reported,0.0,reported,20.0,reported,70.0,reported,1.0,imputed,1.0,reported,1.0,reported
Neotoma lepida,NELE,True,113.4,reported,0.32,reported,2.0,reported,2.0,reported,0.001,reported,310.0,reported,1.0,reported,10.0,reported,0.0,reported,90.0,reported,10.0,reported,0.0,reported,0.0,reported,0.0,reported,0.0,reported,0.0,reported,0.0,reported,0.0,reported,20.0,reported,70.0,reported,2.0,reported,,missing,1.0,reported
Neotoma leucodon,NELC,True,190.5,reported,0.426,reported,3.0,reported,2.0,imputed,,missing,,missing,1.0,reported,0.0,reported,0.0,reported,100.0,reported,,missing,,missing,,missing,,missing,,missing,,missing,,missing,,missing,,missing,,missing,1.0,imputed,,missing,1.0,reported
Neotoma macrotis,NEMC,True,219.5,reported,0.46,reported,3.0,reported,2.0,imputed,,missing,,missing,1.0,reported,0.0,reported,0.0,reported,100.0,reported,,missing,,missing,,missing,,missing,,missing,,missing,,missing,,missing,,missing,,missing,1.0,imputed,,missing,1.0,reported
Neotoma magister,NEMA,True,208.59,reported,0.448,reported,3.0,reported,2.0,imputed,,missing,,missing,1.0,reported,0.0,reported,0.0,reported,100.0,reported,,missing,,missing,,missing,,missing,,missing,,missing,,missing,,missing,,missing,,missing,1.0,imputed,,missing,1.0,reported
Neotoma mexicana,NEME,True,203.0,reported,0.441,reported,2.0,reported,2.0,reported,,missing,164.167,reported,1.0,reported,10.0,reported,0.0,reported,90.0,reported,10.0,reported,0.0,reported,0.0,reported,0.0,reported,0.0,reported,0.0,reported,0.0,reported,0.0,reported,20.0,reported,70.0,reported,1.0,imputed,,missing,1.0,reported
Neotoma micropus,NEMI,True,203.09,reported,0.441,reported,1.0,reported,2.0,reported,0.0,reported,1850.0,reported,1.0,reported,10.0,reported,0.0,reported,90.0,reported,10.0,reported,0.0,reported,0.0,reported,0.0,reported,0.0,reported,0.0,reported,0.0,reported,0.0,reported,20.0,reported,70.0,reported,1.0,imputed,,missing,1.0,reported
Neotoma stephensi,NEST,True,125.33,reported,0.338,reported,2.0,reported,2.0,reported,,missing,,missing,1.0,reported,10.0,reported,0.0,reported,90.0,reported,10.0,reported,0.0,reported,0.0,reported,0.0,reported,0.0,reported,0.0,reported,0.0,reported,0.0,reported,20.0,reported,70.0,reported,1.0,imputed,,missing,1.0,reported
Ochrotomys nuttalli,OCNU,True,22.0,reported,0.13,reported,2.0,reported,1.0,reported,0.003,reported,302.33,reported,1.0,reported,0.0,reported,0.0,reported,100.0,reported,0.0,reported,0.0,reported,0.0,reported,0.0,reported,0.0,reported,0.0,reported,0.0,reported,0.0,reported,100.0,reported,0.0,reported,2.0,reported,3.75,reported,1.0,reported
Ondatra zibethicus,ONZI,True,997.955,reported,1.059,reported,2.0,reported,1.0,reported,0.003,reported,,missing,1.0,reported,10.0,reported,0.0,reported,90.0,reported,10.0,reported,0.0,reported,0.0,reported,0.0,reported,0.0,reported,0.0,reported,0.0,reported,0.0,reported,0.0,reported,90.0,reported,1.0,reported,,missing,2.0,reported
Onychomys arenicola,ONAR,True,24.96,reported,1.066,reported,2.0,reported,1.0,reported,,missing,,missing,3.0,reported,90.0,reported,0.0,reported,10.0,reported,90.0,reported,0.0,reported,0.0,reported,0.0,reported,0.0,reported,0.0,reported,0.0,reported,0.0,reported,0.0,reported,10.0,reported,1.0,imputed,,missing,1.0,reported
Onychomys leucogaster,ONLE,True,32.5,reported,0.161,reported,4.0,reported,1.0,reported,0.02,reported,,missing,2.0,reported,90.0,reported,0.0,reported,10.0,reported,90.0,reported,0.0,reported,0.0,reported,0.0,reported,0.0,reported,0.0,reported,0.0,reported,0.0,reported,0.0,reported,10.0,reported,1.0,reported,,missing,1.0,reported
Onychomys torridus,ONTO,True,22.0,reported,1.002,reported,2.0,reported,1.0,reported,0.01,reported,100.0,reported,3.0,reported,90.0,reported,0.0,reported,10.0,reported,90.0,reported,0.0,reported,0.0,reported,0.0,reported,0.0,reported,0.0,reported,0.0,reported,0.0,reported,0.0,reported,10.0,reported,1.0,reported,2.0,reported,1.0,reported
Oryzomys couesi,ORCO,True,53.26,reported,0.211,reported,1.0,reported,4.0,reported,,missing,200.0,reported,2.0,reported,20.0,reported,0.0,reported,80.0,reported,20.0,reported,0.0,reported,0.0,reported,0.0,reported,0.0,reported,0.0,reported,20.0,reported,0.0,reported,20.0,reported,40.0,reported,1.0,imputed,,missing,2.0,reported
Oryzomys palustris,ORPA,True,50.465,reported,0.205,reported,3.0,reported,4.0,reported,0.003,reported,170.0,reported,2.0,reported,20.0,reported,0.0,reported,80.0,reported,20.0,reported,0.0,reported,0.0,reported,0.0,reported,0.0,reported,0.0,reported,20.0,reported,0.0,reported,20.0,reported,40.0,reported,1.0,reported,,missing,2.0,reported
Perognathus alticolus,PEAL,False,,missing,,missing,,missing,,missing,,missing,,missing,,missing,,missing,,missing,,missing,,missing,,missing,,missing,,missing,,missing,,missing,,missing,,missing,,missing,,missing,,missing,,missing,,missing
Perognathus amplus,PEAM,True,11.835,reported,0.092,reported,3.0,reported,1.0,reported,,missing,,missing,2.0,reported,10.0,reported,0.0,reported,90.0,reported,10.0,reported,0.0,reported,0.0,reported,0.0,reported,0.0,reported,0.0,reported,0.0,reported,0.0,reported,80.0,reported,10.0,reported,1.0,imputed,,missing,1.0,reported
Perognathus fasciatus,PEFA,True,11.42,reported,0.091,reported,3.0,reported,1.0,reported,,missing,231.0,reported,2.0,reported,10.0,reported,0.0,reported,90.0,reported,10.0,reported,0.0,reported,0.0,reported,0.0,reported,0.0,reported,0.0,reported,0.0,reported,0.0,reported,80.0,reported,10.0,reported,1.0,reported,,missing,1.0,reported
Perognathus flavescens,PEFV,True,9.105,reported,0.08,reported,3.0,reported,1.0,reported,0.0,reported,,missing,2.0,reported,10.0,reported,0.0,reported,90.0,reported,10.0,reported,0.0,reported,0.0,reported,0.0,reported,0.0,reported,0.0,reported,0.0,reported,0.0,reported,80.0,reported,10.0,reported,1.0,reported,,missing,1.0,reported
Perognathus flavus,PEFL,True,7.97,reported,0.074,reported,2.0,reported,1.0,reported,0.002,reported,134.0,reported,2.0,reported,10.0,reported,0.0,reported,90.0,reported,10.0,reported,0.0,reported,0.0,reported,0.0,reported,0.0,reported,0.0,reported,0.0,reported,0.0,reported,80.0,reported,10.0,reported,1.0,reported,1.0,reported,1.0,reported
Perognathus inornatus,PEIN,True,8.575,reported,0.077,reported,3.0,reported,1.0,reported,0.0,reported,40.0,reported,1.0,reported,10.0,reported,0.0,reported,90.0,reported,10.0,reported,0.0,reported,0.0,reported,0.0,reported,0.0,reported,0.0,reported,0.0,reported,0.0,reported,80.0,reported,10.0,reported,1.0,reported,,missing,1.0,reported
Perognathus longimembris,PELO,True,8.35,reported,0.076,reported,3.0,reported,1.0,reported,0.002,reported,174.0,reported,2.0,reported,10.0,reported,0.0,reported,90.0,reported,10.0,reported,0.0,reported,0.0,reported,0.0,reported,0.0,reported,0.0,reported,0.0,reported,0.0,reported,80.0,reported,10.0,reported,1.0,imputed,,missing,1.0,reported
Perognathus merriami,PEMR,True,7.47,reported,0.072,reported,3.0,reported,1.0,reported,0.008,reported,170.0,reported,2.0,reported,10.0,reported,0.0,reported,90.0,reported,10.0,reported,0.0,reported,0.0,reported,0.0,reported,0.0,reported,0.0,reported,0.0,reported,0.0,reported,80.0,reported,10.0,reported,1.0,reported,,missing,1.0,reported
Perognathus mollipilosus,PEMO,False,,missing,,missing,,missing,,missing,,missing,,missing,,missing,,missing,,missing,,missing,,missing,,missing,,missing,,missing,,missing,,missing,,missing,,missing,,missing,,missing,,missing,,missing,,missing
Perognathus parvus,PEPA,True,20.1,reported,0.124,reported,5.0,reported,1.0,reported,0.002,reported,8230.0,reported,2.0,reported,10.0,reported,0.0,reported,90.0,reported,10.0,reported,0.0,reported,0.0,reported,0.0,reported,0.0,reported,0.0,reported,0.0,reported,0.0,reported,80.0,reported,10.0,reported,1.0,reported,1.0,reported,1.0,reported
Peromyscus attwateri,PEAT,True,28.3,reported,0.149,reported,2.0,reported,3.0,reported,0.002,reported,296.52,reported,2.0,reported,50.0,reported,10.0,reported,40.0,reported,50.0,reported,0.0,reported,0.0,reported,0.0,reported,0.0,reported,10.0,reported,20.0,reported,0.0,reported,20.0,reported,0.0,reported,2.0,imputed,,missing,1.0,reported
Peromyscus boylii,PEBO,True,23.9,reported,0.136,reported,4.0,reported,3.0,reported,0.003,reported,6550.0,reported,2.0,reported,50.0,reported,10.0,reported,40.0,reported,50.0,reported,0.0,reported,0.0,reported,0.0,reported,0.0,reported,10.0,reported,20.0,reported,0.0,reported,20.0,reported,0.0,reported,2.0,imputed,,missing,1.0,reported
Peromyscus californicus,PECA,True,45.5,reported,0.194,reported,2.0,reported,3.0,reported,0.001,reported,3972.23,reported,2.0,reported,50.0,reported,10.0,reported,40.0,reported,50.0,reported,0.0,reported,0.0,reported,0.0,reported,0.0,reported,10.0,reported,20.0,reported,0.0,reported,20.0,reported,0.0,reported,2.0,imputed,,missing,1.0,reported
Peromyscus crinitus,PECR,True,16.33,reported,0.11,reported,3.0,reported,3.0,reported,0.003,reported,750.0,reported,2.0,reported,50.0,reported,10.0,reported,40.0,reported,50.0,reported,0.0,reported,0.0,reported,0.0,reported,0.0,reported,10.0,reported,20.0,reported,0.0,reported,20.0,reported,0.0,reported,2.0,imputed,1.0,reported,1.0,reported
Peromyscus eremicus,PEER,True,21.75,reported,0.129,reported,2.0,reported,3.0,reported,0.002,reported,351.429,reported,2.0,reported,50.0,reported,10.0,reported,40.0,reported,50.0,reported,0.0,reported,0.0,reported,0.0,reported,0.0,reported,10.0,reported,20.0,reported,0.0,reported,20.0,reported,0.0,reported,2.0,reported,1.0,reported,1.0,reported
Peromyscus fraterculus,PEFR,True,21.75,reported,0.129,reported,3.0,reported,3.0,imputed,,missing,,missing,2.0,reported,20.0,reported,0.0,reported,80.0,reported,,missing,,missing,,missing,,missing,,missing,,missing,,missing,,missing,,missing,,missing,2.0,imputed,,missing,1.0,reported
Peromyscus gossypinus,PEGO,True,22.65,reported,0.132,reported,5.0,reported,3.0,reported,0.004,reported,2464.2,reported,2.0,reported,50.0,reported,10.0,reported,40.0,reported,50.0,reported,0.0,reported,0.0,reported,0.0,reported,0.0,reported,10.0,reported,20.0,reported,0.0,reported,20.0,reported,0.0,reported,2.0,reported,,missing,1.0,reported
Peromyscus gratus,PEGR,True,27.35,reported,0.146,reported,2.0,reported,3.0,reported,,missing,,missing,2.0,reported,50.0,reported,10.0,reported,40.0,reported,50.0,reported,0.0,reported,0.0,reported,0.0,reported,0.0,reported,10.0,reported,20.0,reported,0.0,reported,20.0,reported,0.0,reported,2.0,imputed,,missing,1.0,reported
Peromyscus keeni,PEKE,True,22.05,reported,0.13,reported,3.0,reported,3.0,reported,0.003,reported,1431.364,reported,2.0,reported,50.0,reported,10.0,reported,40.0,reported,50.0,reported,0.0,reported,0.0,reported,0.0,reported,0.0,reported,10.0,reported,20.0,reported,0.0,reported,20.0,reported,0.0,reported,2.0,imputed,,missing,1.0,reported
Peromyscus melanotis,PEML,True,21.4,reported,0.128,reported,3.0,reported,3.0,reported,0.001,reported,1733.75,reported,2.0,reported,50.0,reported,10.0,reported,40.0,reported,50.0,reported,0.0,reported,0.0,reported,0.0,reported,0.0,reported,10.0,reported,20.0,reported,0.0,reported,20.0,reported,0.0,reported,2.0,imputed,,missing,1.0,reported
Peromyscus merriami,PEME,True,22.0,reported,0.13,reported,1.0,reported,3.0,reported,,missing,,missing,2.0,reported,50.0,reported,10.0,reported,40.0,reported,50.0,reported,0.0,reported,0.0,reported,0.0,reported,0.0,reported,10.0,reported,20.0,reported,0.0,reported,20.0,reported,0.0,reported,2.0,imputed,,missing,1.0,reported
Peromyscus nasutus,PENA,True,28.0,reported,0.148,reported,2.0,reported,3.0,reported,,missing,,missing,2.0,reported,50.0,reported,10.0,reported,40.0,reported,50.0,reported,0.0,reported,0.0,reported,0.0,reported,0.0,reported,10.0,reported,20.0,reported,0.0,reported,20.0,reported,0.0,reported,2.0,imputed,,missing,1.0,reported
Peromyscus pectoralis,PEPE,True,33.0,reported,0.162,reported,5.0,reported,3.0,reported,0.002,reported,,missing,2.0,reported,50.0,reported,10.0,reported,40.0,reported,50.0,reported,0.0,reported,0.0,reported,0.0,reported,0.0,reported,10.0,reported,20.0,reported,0.0,reported,20.0,reported,0.0,reported,2.0,reported,,missing,1.0,reported
Peromyscus polionotus,PEPO,True,14.0,reported,0.101,reported,4.0,reported,3.0,reported,0.003,reported,889.0,reported,2.0,reported,50.0,reported,10.0,reported,40.0,reported,50.0,reported,0.0,reported,0.0,reported,0.0,reported,0.0,reported,10.0,reported,20.0,reported,0.0,reported,20.0,reported,0.0,reported,2.0,imputed,,missing,1.0,reported
Peromyscus truei,PETR,True,33.0,reported,0.162,reported,2.0,reported,3.0,reported,0.009,reported,300.0,reported,2.0,reported,50.0,reported,10.0,reported,40.0,reported,50.0,reported,0.0,reported,0.0,reported,0.0,reported,0.0,reported,10.0,reported,20.0,reported,0.0,reported,20.0,reported,0.0,reported,2.0,imputed,,missing,1.0,reported
Phenacomys intermedius,PHIN,True,25.2,reported,0.14,reported,3.0,reported,3.0,reported,,missing,1000.0,reported,1.0,reported,0.0,reported,0.0,reported,100.0,reported,0.0,reported,0.0,reported,0.0,reported,0.0,reported,0.0,reported,0.0,reported,20.0,reported,0.0,reported,20.0,reported,60.0,reported,1.0,imputed,,missing,2.0,reported
Phenacomys ungava,PHUN,True,27.0,reported,0.145,reported,2.0,reported,3.0,reported,,missing,,missing,1.0,reported,0.0,reported,0.0,reported,100.0,reported,0.0,reported,0.0,reported,0.0,reported,0.0,reported,0.0,reported,0.0,reported,20.0,reported,0.0,reported,20.0,reported,60.0,reported,1.0,imputed,,missing,2.0,reported
Podomys floridanus,POFL,True,31.025,reported,0.157,reported,4.0,reported,3.0,reported,0.003,reported,,missing,2.0,reported,30.0,reported,0.0,reported,70.0,reported,30.0,reported,0.0,reported,0.0,reported,0.0,reported,0.0,reported,0.0,reported,0.0,reported,0.0,reported,40.0,reported,30.0,reported,1.0,reported,,missing,1.0,reported
Rattus exulans,RAEX,True,60.315,reported,0.226,reported,7.0,reported,3.0,reported,0.001,reported,12900.0,reported,2.0,reported,30.0,reported,0.0,reported,70.0,reported,30.0,reported,0.0,reported,0.0,reported,0.0,reported,0.0,reported,0.0,reported,20.0,reported,0.0,reported,40.0,reported,10.0,reported,1.0,imputed,,missing,1.0,reported
Rattus norvegicus,RANO,True,280.0,reported,3.484,reported,1.0,reported,3.0,reported,0.003,reported,,missing,3.0,reported,30.0,reported,0.0,reported,70.0,reported,30.0,reported,0.0,reported,0.0,reported,0.0,reported,0.0,reported,0.0,reported,20.0,reported,0.0,reported,40.0,reported,10.0,reported,1.0,reported,,missing,1.0,reported
Rattus rattus,RARA,True,200.0,reported,0.437,reported,5.0,reported,3.0,reported,0.002,reported,1453.667,reported,2.0,reported,30.0,reported,0.0,reported,70.0,reported,30.0,reported,0.0,reported,0.0,reported,0.0,reported,0.0,reported,0.0,reported,20.0,reported,0.0,reported,40.0,reported,10.0,reported,2.0,reported,,missing,1.0,reported
Reithrodontomys fulvescens,REFU,True,12.5,reported,0.095,reported,2.0,reported,2.0,reported,0.001,reported,1200.0,reported,2.0,reported,0.0,reported,0.0,reported,100.0,reported,0.0,reported,0.0,reported,0.0,reported,0.0,reported,0.0,reported,0.0,reported,0.0,reported,0.0,reported,50.0,reported,50.0,reported,2.0,reported,1.5,reported,1.0,reported
Reithrodontomys humulis,REHU,True,9.275,reported,0.081,reported,3.0,reported,2.0,reported,0.003,reported,326.97,reported,2.0,reported,0.0,reported,0.0,reported,100.0,reported,0.0,reported,0.0,reported,0.0,reported,0.0,reported,0.0,reported,0.0,reported,0.0,reported,0.0,reported,50.0,reported,50.0,reported,2.0,reported,1.0,reported,1.0,reported
Reithrodontomys megalotis,REME,True,10.72,reported,0.087,reported,5.0,reported,2.0,reported,0.001,reported,764.818,reported,2.0,reported,0.0,reported,0.0,reported,100.0,reported,0.0,reported,0.0,reported,0.0,reported,0.0,reported,0.0,reported,0.0,reported,0.0,reported,0.0,reported,50.0,reported,50.0,reported,2.0,reported,1.0,reported,1.0,reported
Reithrodontomys montanus,REMO,True,9.95,reported,0.084,reported,2.0,reported,2.0,reported,0.002,reported,300.58,reported,2.0,reported,0.0,reported,0.0,reported,100.0,reported,0.0,reported,0.0,reported,0.0,reported,0.0,reported,0.0,reported,0.0,reported,0.0,reported,0.0,reported,50.0,reported,50.0,reported,2.0,reported,1.0,reported,1.0,reported
Reithrodontomys raviventris,RERA,True,11.0,reported,0.089,reported,2.0,reported,2.0,reported,0.002,reported,,missing,1.0,reported,0.0,reported,0.0,reported,100.0,reported,0.0,reported,0.0,reported,0.0,reported,0.0,reported,0.0,reported,0.0,reported,0.0,reported,0.0,reported,50.0,reported,50.0,reported,2.0,reported,1.0,reported,1.0,reported
Sigmodon arizonae,SIAR,True,172.3,reported,0.403,reported,1.0,reported,2.0,reported,,missing,,missing,2.0,reported,50.0,reported,0.0,reported,50.0,reported,50.0,reported,0.0,reported,0.0,reported,0.0,reported,0.0,reported,0.0,reported,0.0,reported,0.0,reported,0.0,reported,50.0,reported,1.0,imputed,,missing,2.0,reported
Sigmodon fulviventer,SIFU,True,195.94,reported,0.432,reported,3.0,reported,2.0,reported,,missing,1293.22,reported,2.0,reported,50.0,reported,0.0,reported,50.0,reported,50.0,reported,0.0,reported,0.0,reported,0.0,reported,0.0,reported,0.0,reported,0.0,reported,0.0,reported,0.0,reported,50.0,reported,1.0,reported,,missing,2.0,reported
Sigmodon hispidus,SIHI,True,159.6,reported,0.386,reported,2.0,reported,2.0,reported,0.002,reported,5626.071,reported,2.0,reported,50.0,reported,0.0,reported,50.0,reported,50.0,reported,0.0,reported,0.0,reported,0.0,reported,0.0,reported,0.0,reported,0.0,reported,0.0,reported,0.0,reported,50.0,reported,1.0,imputed,1.0,reported,2.0,reported
Sigmodon ochrognathus,SIOC,True,145.85,reported,0.368,reported,2.0,reported,2.0,reported,0.002,reported,,missing,1.0,reported,50.0,reported,0.0,reported,50.0,reported,50.0,reported,0.0,reported,0.0,reported,0.0,reported,0.0,reported,0.0,reported,0.0,reported,0.0,reported,0.0,reported,50.0,reported,1.0,imputed,,missing,2.0,reported
Synaptomys borealis,SYBO,True,21.3,reported,0.128,reported,4.0,reported,2.0,reported,,missing,,missing,1.0,reported,20.0,reported,0.0,reported,80.0,reported,20.0,reported,0.0,reported,0.0,reported,0.0,reported,0.0,reported,0.0,reported,0.0,reported,0.0,reported,0.0,reported,80.0,reported,1.0,imputed,,missing,2.0,reported
Synaptomys cooperi,SYCO,True,32.53,reported,0.161,reported,4.0,reported,2.0,reported,0.001,reported,1144.96,reported,1.0,reported,20.0,reported,0.0,reported,80.0,reported,20.0,reported,0.0,reported,0.0,reported,0.0,reported,0.0,reported,0.0,reported,0.0,reported,0.0,reported,0.0,reported,80.0,reported,1.0,imputed,,missing,2.0,reported
Zapus hudsonius,ZAHU,True,23.8,reported,0.136,reported,3.0,reported,2.0,reported,0.002,reported,882.0,reported,2.0,reported,20.0,reported,0.0,reported,80.0,reported,20.0,reported,0.0,reported,0.0,reported,0.0,reported,0.0,reported,0.0,reported,10.0,reported,0.0,reported,70.0,reported,0.0,reported,1.0,reported,1.0,reported,1.0,reported
Zapus luteus,ZALU,False,,missing,,missing,,missing,,missing,,missing,,missing,,missing,,missing,,missing,,missing,,missing,,missing,,missing,,missing,,missing,,missing,,missing,,missing,,missing,,missing,,missing,,missing,,missing
Zapus montanus,ZAMO,False,,missing,,missing,,missing,,missing,,missing,,missing,,missing,,missing,,missing,,missing,,missing,,missing,,missing,,missing,,missing,,missing,,missing,,missing,,missing,,missing,,missing,,missing,,missing
Zapus oregonus,ZAOR,False,,missing,,missing,,missing,,missing,,missing,,missing,,missing,,missing,,missing,,missing,,missing,,missing,,missing,,missing,,missing,,missing,,missing,,missing,,missing,,missing,,missing,,missing,,missing
Zapus pacificus,ZAPA,False,,missing,,missing,,missing,,missing,,missing,,missing,,missing,,missing,,missing,,missing,,missing,,missing,,missing,,missing,,missing,,missing,,missing,,missing,,missing,,missing,,missing,,missing,,missing
Zapus princeps,ZAPR,True,27.975,reported,0.148,reported,1.0,reported,2.0,reported,0.002,reported,292.3,reported,2.0,reported,20.0,reported,0.0,reported,80.0,reported,20.0,reported,0.0,reported,0.0,reported,0.0,reported,0.0,reported,0.0,reported,10.0,reported,0.0,reported,70.0,reported,0.0,reported,1.0,imputed,,missing,1.0,reported
Zapus saltator,ZASA,False,,missing,,missing,,missing,,missing,,missing,,missing,,missing,,missing,,missing,,missing,,missing,,missing,,missing,,missing,,missing,,missing,,missing,,missing,,missing,,missing,,missing,,missing,,missing
Zapus trinotatus,ZATR,True,27.325,reported,0.146,reported,3.0,reported,2.0,reported,,missing,,missing,2.0,reported,20.0,reported,0.0,reported,80.0,reported,20.0,reported,0.0,reported,0.0,reported,0.0,reported,0.0,reported,0.0,reported,10.0,reported,0.0,reported,70.0,reported,0.0,reported,1.0,imputed,,missing,1.0,reported
