species_name,carrier_site_count,adult_mass_g,adult_mass_g_provenance,dispersal_km,dispersal_km_provenance,habitat_breadth_n,habitat_breadth_n_provenance,det_diet_breadth_n,det_diet_breadth_n_provenance,home_range_km2,home_range_km2_provenance,density_n_km2,density_n_km2_provenance,trophic_level,trophic_level_provenance,fossoriality,fossoriality_provenance,social_group_n,social_group_n_provenance,activity_cycle,activity_cycle_provenance
Chaetodipus californicus,2,23.01,reported,0.133,reported,1.0,reported,1.0,reported,,missing,,missing,2.0,reported,1.0,imputed,,missing,1.0,reported
Chaetodipus eremicus,1,15.57,reported,0.107,reported,2.0,reported,1.0,imputed,,missing,,missing,1.0,reported,1.0,imputed,,missing,1.0,reported
Chaetodipus hispidus,2,35.7,reported,0.17,reported,2.0,reported,1.0,reported,,missing,,missing,2.0,reported,1.0,reported,1.0,reported,1.0,reported
Chaetodipus penicillatus,1,15.57,reported,0.107,reported,2.0,reported,1.0,reported,0.005,reported,307.429,reported,2.0,reported,1.0,imputed,,missing,1.0,reported
Dipodomys merriami,1,37.805,reported,0.175,reported,2.0,reported,4.0,reported,0.002,reported,673.0,reported,2.0,reported,1.0,imputed,,missing,1.0,reported
Dipodomys microps,1,55.16,reported,0.215,reported,3.0,reported,4.0,reported,0.03,reported,1160.36,reported,1.0,reported,1.0,reported,,missing,1.0,reported
Dipodomys ordii,2,49.6,reported,0.203,reported,2.0,reported,4.0,reported,0.004,reported,404.0,reported,2.0,reported,1.0,imputed,,missing,1.0,reported
Dipodomys spectabilis,1,124.61,reported,0.337,reported,1.0,reported,4.0,reported,0.001,reported,728.0,reported,2.0,reported,1.0,reported,,missing,1.0,reported
Lemmiscus curtatus,1,28.27,reported,0.149,reported,2.0,reported,1.0,reported,,missing,589.92,reported,1.0,reported,1.0,reported,,missing,2.0,reported
Microtus longicaudus,1,32.5,reported,0.161,reported,5.0,reported,2.0,reported,,missing,1200.0,reported,1.0,reported,1.0,imputed,,missing,2.0,reported
Microtus ochrogaster,2,46.7,reported,0.197,reported,3.0,reported,2.0,reported,0.0,reported,8990.59,reported,2.0,reported,1.0,reported,2.75,reported,2.0,reported
Microtus pennsylvanicus,1,38.55,reported,0.177,reported,5.0,reported,2.0,reported,0.0,reported,2537.98,reported,1.0,reported,1.0,imputed,,missing,2.0,reported
Microtus pinetorum,1,25.5,reported,0.141,reported,3.0,reported,2.0,reported,0.001,reported,1460.0,reported,1.0,reported,1.0,reported,,missing,2.0,reported
Mus musculus,3,20.5,reported,0.125,reported,5.0,reported,3.0,reported,0.001,reported,7206.667,reported,2.0,reported,2.0,reported,,missing,1.0,reported
Neotoma floridana,1,208.18,reported,0.447,reported,4.0,reported,2.0,reported,0.002,reported,566.667,reported,1.0,reported,1.0,imputed,1.0,reported,1.0,reported
Neotoma lepida,2,113.4,reported,0.32,reported,2.0,reported,2.0,reported,0.001,reported,310.0,reported,1.0,reported,2.0,reported,,missing,1.0,reported
Ochrotomys nuttalli,2,22.0,reported,0.13,reported,2.0,reported,1.0,reported,0.003,reported,302.33,reported,1.0,reported,2.0,reported,3.75,reported,1.0,reported
Onychomys arenicola,1,24.96,reported,1.066,reported,2.0,reported,1.0,reported,,missing,,missing,3.0,reported,1.0,imputed,,missing,1.0,reported
Onychomys leucogaster,2,32.5,reported,0.161,reported,4.0,reported,1.0,reported,0.02,reported,,missing,2.0,reported,1.0,reported,,missing,1.0,reported
Oryzomys palustris,1,50.465,reported,0.205,reported,3.0,reported,4.0,reported,0.003,reported,170.0,reported,2.0,reported,1.0,reported,,missing,2.0,reported
Perognathus flavus,1,7.97,reported,0.074,reported,2.0,reported,1.0,reported,0.002,reported,134.0,reported,2.0,reported,1.0,reported,1.0,reported,1.0,reported
Perognathus parvus,1,20.1,reported,0.124,reported,5.0,reported,1.0,reported,0.002,reported,8230.0,reported,2.0,reported,1.0,reported,1.0,reported,1.0,reported
Peromyscus boylii,3,23.9,reported,0.136,reported,4.0,reported,3.0,reported,0.003,reported,6550.0,reported,2.0,reported,2.0,imputed,,missing,1.0,reported
Peromyscus gossypinus,2,22.65,reported,0.132,reported,5.0,reported,3.0,reported,0.004,reported,2464.2,reported,2.0,reported,2.0,reported,,missing,1.0,reported
Peromyscus nasutus,1,28.0,reported,0.148,reported,2.0,reported,3.0,reported,,missing,,missing,2.0,reported,2.0,imputed,,missing,1.0,reported
Peromyscus polionotus,1,14.0,reported,0.101,reported,4.0,reported,3.0,reported,0.003,reported,889.0,reported,2.0,reported,2.0,imputed,,missing,1.0,reported
Peromyscus truei,1,33.0,reported,0.162,reported,2.0,reported,3.0,reported,0.009,reported,300.0,reported,2.0,reported,2.0,imputed,,missing,1.0,reported
Reithrodontomys fulvescens,1,12.5,reported,0.095,reported,2.0,reported,2.0,reported,0.001,reported,1200.0,reported,2.0,reported,2.0,reported,1.5,reported,1.0,reported
Reithrodontomys humulis,1,9.275,reported,0.081,reported,3.0,reported,2.0,reported,0.003,reported,326.97,reported,2.0,reported,2.0,reported,1.0,reported,1.0,reported
Reithrodontomys megalotis,3,10.72,reported,0.087,reported,5.0,reported,2.0,reported,0.001,reported,764.818,reported,2.0,reported,2.0,reported,1.0,reported,1.0,reported
Sigmodon hispidus,3,159.6,reported,0.386,reported,2.0,reported,2.0,reported,0.002,reported,5626.071,reported,2.0,reported,1.0,imputed,1.0,reported,2.0,reported
Synaptomys cooperi,1,32.53,reported,0.161,reported,4.0,reported,2.0,reported,0.001,reported,1144.96,reported,1.0,reported,1.0,imputed,,missing,2.0,reported
