source,species,context,session_count,eligible_n3,eligible_n5,eligible_n8
NEON,Alexandromys oeconomus,grassland_herbaceous,2,1,1,0
NEON,Alexandromys oeconomus,shrub_scrub,5,3,2,2
NEON,Baiomys taylori,grassland_herbaceous,14,6,2,0
NEON,Chaetodipus baileyi,shrub_scrub,20,9,8,3
NEON,Chaetodipus californicus,forest,23,14,8,7
NEON,Chaetodipus californicus,grassland_herbaceous,15,0,0,0
NEON,Chaetodipus eremicus,shrub_scrub,29,15,9,6
NEON,Chaetodipus hispidus,cropland_pasture,56,18,5,1
NEON,Chaetodipus hispidus,grassland_herbaceous,85,31,13,0
NEON,Chaetodipus hispidus,shrub_scrub,17,10,6,1
NEON,Chaetodipus penicillatus,shrub_scrub,38,28,21,18
NEON,Dicrostonyx groenlandicus,shrub_scrub,2,0,0,0
NEON,Dipodomys merriami,shrub_scrub,81,80,61,32
NEON,Dipodomys microps,shrub_scrub,9,0,0,0
NEON,Dipodomys ordii,cropland_pasture,3,0,0,0
NEON,Dipodomys ordii,forest,1,0,0,0
NEON,Dipodomys ordii,grassland_herbaceous,23,16,7,3
NEON,Dipodomys ordii,shrub_scrub,129,88,60,35
NEON,Dipodomys spectabilis,shrub_scrub,19,1,0,0
NEON,Lemmiscus curtatus,shrub_scrub,2,0,0,0
NEON,Lemmus trimucronatus,grassland_herbaceous,3,1,0,0
NEON,Lemmus trimucronatus,shrub_scrub,5,0,0,0
NEON,Microtus longicaudus,forest,1,0,0,0
NEON,Microtus longicaudus,grassland_herbaceous,2,0,0,0
NEON,Microtus miurus,shrub_scrub,1,0,0,0
NEON,Microtus montanus,forest,1,0,0,0
NEON,Microtus montanus,grassland_herbaceous,2,0,0,0
NEON,Microtus montanus,shrub_scrub,1,0,0,0
NEON,Microtus ochrogaster,cropland_pasture,4,1,0,0
NEON,Microtus ochrogaster,grassland_herbaceous,31,6,2,2
NEON,Microtus ochrogaster,shrub_scrub,1,0,0,0
NEON,Microtus oregoni,forest,4,1,0,0
NEON,Microtus pennsylvanicus,cropland_pasture,7,3,2,1
NEON,Microtus pennsylvanicus,grassland_herbaceous,82,34,15,6
NEON,Microtus pennsylvanicus,shrub_scrub,3,2,1,0
NEON,Microtus pennsylvanicus,wetland,11,3,1,0
NEON,Microtus pinetorum,forest,4,0,0,0
NEON,Microtus xanthognathus,forest,5,3,2,0
NEON,Mus musculus,cropland_pasture,14,6,4,3
NEON,Mus musculus,forest,13,8,4,3
NEON,Mus musculus,grassland_herbaceous,3,0,0,0
NEON,Myodes gapperi,forest,124,35,13,3
NEON,Myodes gapperi,wetland,18,3,1,0
NEON,Myodes rutilus,forest,53,40,28,16
NEON,Myodes rutilus,shrub_scrub,62,38,24,11
NEON,Napaeozapus insignis,forest,70,30,12,3
NEON,Napaeozapus insignis,wetland,15,3,1,0
NEON,Neotoma albigula,shrub_scrub,23,6,4,1
NEON,Neotoma cinerea,forest,1,0,0,0
NEON,Neotoma floridana,forest,34,8,3,1
NEON,Neotoma floridana,grassland_herbaceous,42,9,3,0
NEON,Neotoma floridana,wetland,1,0,0,0
NEON,Neotoma lepida,forest,3,0,0,0
NEON,Neotoma mexicana,shrub_scrub,1,0,0,0
NEON,Neotoma micropus,shrub_scrub,3,1,0,0
NEON,Ochrotomys nuttalli,forest,23,1,0,0
NEON,Ochrotomys nuttalli,wetland,25,10,0,0
NEON,Onychomys arenicola,shrub_scrub,3,0,0,0
NEON,Onychomys leucogaster,cropland_pasture,72,41,22,11
NEON,Onychomys leucogaster,forest,1,0,0,0
NEON,Onychomys leucogaster,grassland_herbaceous,29,10,5,0
NEON,Onychomys leucogaster,shrub_scrub,33,8,4,2
NEON,Onychomys torridus,shrub_scrub,19,9,4,1
NEON,Oryzomys palustris,cropland_pasture,1,0,0,0
NEON,Oryzomys palustris,wetland,1,0,0,0
NEON,Perognathus amplus,shrub_scrub,2,1,0,0
NEON,Perognathus flavescens,forest,1,0,0,0
NEON,Perognathus flavescens,grassland_herbaceous,1,0,0,0
NEON,Perognathus flavescens,shrub_scrub,10,1,0,0
NEON,Perognathus flavus,grassland_herbaceous,24,0,0,0
NEON,Perognathus flavus,shrub_scrub,31,11,5,0
NEON,Perognathus inornatus,forest,1,0,0,0
NEON,Perognathus inornatus,grassland_herbaceous,2,0,0,0
NEON,Perognathus mollipilosus,shrub_scrub,1,0,0,0
NEON,Perognathus parvus,forest,32,21,13,0
NEON,Perognathus parvus,shrub_scrub,71,50,25,9
NEON,Peromyscus attwateri,grassland_herbaceous,2,0,0,0
NEON,Peromyscus boylii,forest,34,15,12,6
NEON,Peromyscus boylii,grassland_herbaceous,41,27,19,12
NEON,Peromyscus boylii,shrub_scrub,9,5,1,0
NEON,Peromyscus eremicus,shrub_scrub,3,0,0,0
NEON,Peromyscus gossypinus,cropland_pasture,3,0,0,0
NEON,Peromyscus gossypinus,forest,98,51,26,5
NEON,Peromyscus gossypinus,wetland,31,6,1,0
NEON,Peromyscus keeni,forest,29,7,4,2
NEON,Peromyscus leucopus,cropland_pasture,25,4,2,0
NEON,Peromyscus leucopus,forest,240,79,38,20
NEON,Peromyscus leucopus,grassland_herbaceous,68,17,3,0
NEON,Peromyscus leucopus,shrub_scrub,6,0,0,0
NEON,Peromyscus leucopus,wetland,5,0,0,0
NEON,Peromyscus maniculatus,cropland_pasture,79,25,9,2
NEON,Peromyscus maniculatus,forest,278,111,56,28
NEON,Peromyscus maniculatus,grassland_herbaceous,308,145,82,36
NEON,Peromyscus maniculatus,shrub_scrub,130,68,39,19
NEON,Peromyscus maniculatus,wetland,22,7,0,0
NEON,Peromyscus polionotus,forest,20,11,10,5
NEON,Peromyscus truei,forest,29,14,5,0
NEON,Peromyscus truei,grassland_herbaceous,25,2,1,0
NEON,Peromyscus truei,shrub_scrub,9,0,0,0
NEON,Phenacomys intermedius,forest,1,0,0,0
NEON,Phenacomys intermedius,grassland_herbaceous,2,0,0,0
NEON,Podomys floridanus,forest,37,17,3,0
NEON,Podomys floridanus,wetland,1,0,0,0
NEON,Rattus rattus,cropland_pasture,2,1,1,0
NEON,Rattus rattus,forest,17,12,3,2
NEON,Reithrodontomys fulvescens,forest,3,0,0,0
NEON,Reithrodontomys fulvescens,grassland_herbaceous,18,3,0,0
NEON,Reithrodontomys fulvescens,shrub_scrub,11,1,1,0
NEON,Reithrodontomys humulis,cropland_pasture,3,0,0,0
NEON,Reithrodontomys humulis,forest,1,0,0,0
NEON,Reithrodontomys humulis,wetland,2,0,0,0
NEON,Reithrodontomys megalotis,cropland_pasture,3,1,0,0
NEON,Reithrodontomys megalotis,forest,24,15,10,6
NEON,Reithrodontomys megalotis,grassland_herbaceous,51,12,4,1
NEON,Reithrodontomys megalotis,shrub_scrub,7,0,0,0
NEON,Reithrodontomys montanus,grassland_herbaceous,13,2,1,0
NEON,Reithrodontomys montanus,shrub_scrub,2,1,0,0
NEON,Sigmodon arizonae,shrub_scrub,1,0,0,0
NEON,Sigmodon hispidus,cropland_pasture,41,24,15,8
NEON,Sigmodon hispidus,forest,50,15,6,3
NEON,Sigmodon hispidus,grassland_herbaceous,91,54,34,19
NEON,Sigmodon hispidus,shrub_scrub,18,12,3,3
NEON,Sigmodon hispidus,wetland,35,12,4,1
NEON,Sigmodon ochrognathus,shrub_scrub,3,1,0,0
NEON,Synaptomys cooperi,forest,2,0,0,0
NEON,Zapus hudsonius,forest,25,3,0,0
NEON,Zapus hudsonius,grassland_herbaceous,12,1,0,0
NEON,Zapus hudsonius,wetland,22,3,1,0
NEON,Zapus princeps,grassland_herbaceous,11,1,1,0
Portal,Baiomys taylori,control,23,0,0,0
Portal,Baiomys taylori,kangaroo_rat_exclosure,15,0,0,0
Portal,Chaetodipus baileyi,control,130,8,0,0
Portal,Chaetodipus baileyi,kangaroo_rat_exclosure,195,65,20,4
Portal,Chaetodipus hispidus,control,1,0,0,0
Portal,Chaetodipus penicillatus,control,418,284,194,98
Portal,Chaetodipus penicillatus,kangaroo_rat_exclosure,356,249,196,104
Portal,Dipodomys merriami,control,531,342,162,40
Portal,Dipodomys merriami,kangaroo_rat_exclosure,37,11,1,0
Portal,Dipodomys ordii,control,163,33,4,0
Portal,Dipodomys ordii,kangaroo_rat_exclosure,8,1,0,0
Portal,Dipodomys spectabilis,control,12,0,0,0
Portal,Neotoma albigula,control,29,0,0,0
Portal,Neotoma albigula,kangaroo_rat_exclosure,4,0,0,0
Portal,Onychomys leucogaster,control,86,2,0,0
Portal,Onychomys leucogaster,kangaroo_rat_exclosure,26,0,0,0
Portal,Onychomys torridus,control,117,3,0,0
Portal,Onychomys torridus,kangaroo_rat_exclosure,59,1,0,0
Portal,Perognathus flavus,control,22,2,0,0
Portal,Perognathus flavus,kangaroo_rat_exclosure,54,0,0,0
Portal,Peromyscus eremicus,control,80,8,0,0
Portal,Peromyscus eremicus,kangaroo_rat_exclosure,101,4,0,0
Portal,Peromyscus maniculatus,kangaroo_rat_exclosure,1,0,0,0
Portal,Reithrodontomys megalotis,control,35,4,0,0
Portal,Reithrodontomys megalotis,kangaroo_rat_exclosure,35,10,2,0
Portal,Reithrodontomys montanus,control,13,0,0,0
Portal,Reithrodontomys montanus,kangaroo_rat_exclosure,17,0,0,0
Portal,Sigmodon fulviventer,control,18,2,0,0
Portal,Sigmodon fulviventer,kangaroo_rat_exclosure,8,0,0,0
Portal,Sigmodon hispidus,control,5,0,0,0
Portal,Sigmodon hispidus,kangaroo_rat_exclosure,5,1,0,0
