species,grid,unique_ID,date,capture_count,unique_trap_count,first_flag,last_flag,first_last_distance_m,max_pairwise_distance_m,first_last_changed,any_cross_trap_conflict,returned_to_first_after_other_trap,trap_sequence
PEER,1,1273,5/12/16,2,2,B7,D1,39.528470752104745,39.528470752104745,True,True,False,B7->D1
PEER,1,1273,5/13/16,3,1,D1,D1,0.0,0.0,False,False,False,D1->D1->D1
PEER,1,1273,5/14/16,3,3,E1,D2,8.838834764831844,8.838834764831844,True,True,False,E1->D1->D2
PEER,1,1273,7/5/16,3,3,G3,D2,19.764235376052373,22.534695471649933,True,True,False,G3->D1->D2
PEER,1,1273,7/6/16,2,2,A3,E2,25.76941016011038,25.76941016011038,True,True,False,A3->E2
PEER,1,12891288,7/6/16,2,2,B4,C6,13.975424859373685,13.975424859373685,True,True,False,B4->C6
PEER,1,12891288,7/7/16,2,2,C1,C2,6.25,6.25,True,True,False,C1->C2
PEER,1,13111306,7/6/16,2,1,D7,D7,0.0,0.0,False,False,False,D7->D7
PEER,1,13861389,5/12/16,2,2,A6,C2,27.95084971874737,27.95084971874737,True,True,False,A6->C2
PEER,1,13861389,5/13/16,2,2,B3,C2,8.838834764831844,8.838834764831844,True,True,False,B3->C2
PEER,1,13861389,5/14/16,2,2,C3,B4,8.838834764831844,8.838834764831844,True,True,False,C3->B4
PEER,1,13861389,7/6/16,2,2,A1,B1,6.25,6.25,True,True,False,A1->B1
PEER,1,332857,3/3/16,2,2,B1,B6,31.25,31.25,True,True,False,B1->B6
PEER,1,332857,5/14/16,2,2,D7,D6,6.25,6.25,True,True,False,D7->D6
PEER,1,332857,6/2/16,2,2,A6,A5,6.25,6.25,True,True,False,A6->A5
PEER,1,332857,7/5/16,2,2,A6,B6,6.25,6.25,True,True,False,A6->B6
PEER,1,332857,7/6/16,2,2,C5,B5,6.25,6.25,True,True,False,C5->B5
PEER,1,555554,11/7/15,3,2,A4,D1,26.516504294495533,26.516504294495533,True,True,False,A4->D1->D1
PEER,1,555554,11/8/15,2,2,B3,B2,6.25,6.25,True,True,False,B3->B2
PEER,1,555554,12/6/15,2,2,A3,C1,17.67766952966369,17.67766952966369,True,True,False,A3->C1
PEER,1,792723,10/11/15,2,1,D7,D7,0.0,0.0,False,False,False,D7->D7
PEER,1,792723,10/12/15,2,2,B5,A7,13.975424859373685,13.975424859373685,True,True,False,B5->A7
PEER,1,792723,11/10/15,2,1,B6,B6,0.0,0.0,False,False,False,B6->B6
PEER,1,792723,12/6/15,2,2,B6,B5,6.25,6.25,True,True,False,B6->B5
PEER,1,792723,12/7/15,3,2,C7,C6,6.25,6.25,True,True,False,C7->C7->C6
PEER,1,792723,12/8/15,3,2,C6,A6,12.5,12.5,True,True,False,C6->C6->A6
PEER,1,792723,3/1/16,2,2,A7,B6,8.838834764831844,8.838834764831844,True,True,False,A7->B6
PEER,1,792723,3/2/16,3,3,A7,C7,12.5,12.5,True,True,False,A7->B6->C7
PEER,1,792723,3/3/16,2,2,A7,C7,12.5,12.5,True,True,False,A7->C7
PEER,1,792723,3/31/16,2,1,C7,C7,0.0,0.0,False,False,False,C7->C7
PEER,1,792723,5/14/16,3,1,C7,C7,0.0,0.0,False,False,False,C7->C7->C7
PEER,1,792723,6/4/16,2,2,D6,A5,19.764235376052373,19.764235376052373,True,True,False,D6->A5
PEER,1,792723,7/5/16,2,2,D7,C5,13.975424859373685,13.975424859373685,True,True,False,D7->C5
PEER,1,792723,7/6/16,2,1,B6,B6,0.0,0.0,False,False,False,B6->B6
PEER,1,792723,9/19/15,2,1,A6,A6,0.0,0.0,False,False,False,A6->A6
PEER,1,greenblue,7/6/16,2,2,E2,C3,13.975424859373685,13.975424859373685,True,True,False,E2->C3
PEER,2,1463,6/3/16,2,2,D3,G2,19.764235376052373,19.764235376052373,True,True,False,D3->G2
PEER,2,1463,7/6/16,2,2,G3,F3,6.25,6.25,True,True,False,G3->F3
PEER,2,14781479,7/6/16,2,2,E5,G6,13.975424859373685,13.975424859373685,True,True,False,E5->G6
PEER,2,14781479,7/7/16,2,2,F4,E5,8.838834764831844,8.838834764831844,True,True,False,F4->E5
PEER,2,19061929,7/5/16,2,2,D5,A4,19.764235376052373,19.764235376052373,True,True,False,D5->A4
PEER,2,19531954,6/3/16,2,2,C5,B5,6.25,6.25,True,True,False,C5->B5
PEER,2,19531954,7/5/16,3,1,B7,B7,0.0,0.0,False,False,False,B7->B7->B7
PEER,2,19971998,6/3/16,2,2,B4,A3,8.838834764831844,8.838834764831844,True,True,False,B4->A3
PEER,2,19971998,6/4/16,2,1,A3,A3,0.0,0.0,False,False,False,A3->A3
PEER,2,19971998,7/7/16,2,1,C7,C7,0.0,0.0,False,False,False,C7->C7
PEER,2,515516,10/12/15,2,2,C5,D6,8.838834764831844,8.838834764831844,True,True,False,C5->D6
PEER,2,515516,6/3/16,2,1,C7,C7,0.0,0.0,False,False,False,C7->C7
PEER,2,515516,8/10/15,2,2,A7,B7,6.25,6.25,True,True,False,A7->B7
PEER,2,515516,8/11/15,2,2,C6,C4,12.5,12.5,True,True,False,C6->C4
PEER,2,515516,8/13/15,2,2,F7,A5,33.65728004459065,33.65728004459065,True,True,False,F7->A5
PEER,2,515516,9/17/15,2,1,A7,A7,0.0,0.0,False,False,False,A7->A7
PEER,2,564565,11/10/15,2,2,G1,F5,25.76941016011038,25.76941016011038,True,True,False,G1->F5
PEER,2,564565,11/7/15,2,2,F1,G4,19.764235376052373,19.764235376052373,True,True,False,F1->G4
PEER,2,564565,11/8/15,3,3,G6,G1,31.25,37.5,True,True,False,G6->G7->G1
PEER,2,582581,8/10/15,3,2,B6,C4,13.975424859373685,13.975424859373685,True,True,False,B6->C4->C4
PEER,2,582581,8/11/15,3,2,E3,B3,18.75,18.75,True,True,False,E3->B3->B3
PEER,2,582581,8/13/15,3,3,A7,B4,19.764235376052373,19.764235376052373,True,True,False,A7->B6->B4
PEER,2,602601,11/8/15,2,2,G1,F7,38.017265814363874,38.017265814363874,True,True,False,G1->F7
PEER,2,602601,8/10/15,2,1,G1,G1,0.0,0.0,False,False,False,G1->G1
PEER,2,616,10/10/15,3,1,B6,B6,0.0,0.0,False,False,False,B6->B6->B6
PEER,2,616,10/11/15,3,2,A4,C4,12.5,12.5,True,True,False,A4->A4->C4
PEER,2,616,10/12/15,3,2,B6,A3,19.764235376052373,19.764235376052373,True,True,False,B6->B6->A3
PEER,2,616,11/10/15,2,2,C2,B4,13.975424859373685,13.975424859373685,True,True,False,C2->B4
PEER,2,616,11/7/15,2,1,A4,A4,0.0,0.0,False,False,False,A4->A4
PEER,2,616,11/8/15,3,3,D3,A4,19.764235376052373,19.764235376052373,True,True,False,D3->B2->A4
PEER,2,616,12/6/15,4,4,A3,C4,13.975424859373685,25.0,True,True,False,A3->A4->A7->C4
PEER,2,616,12/7/15,4,4,C1,C4,18.75,22.534695471649933,True,True,False,C1->A4->B4->C4
PEER,2,616,12/8/15,3,2,C3,C3,0.0,13.975424859373685,False,True,True,C3->A4->C3
PEER,2,616,8/10/15,2,1,A1,A1,0.0,0.0,False,False,False,A1->A1
PEER,2,616,8/11/15,3,3,A3,A1,12.5,12.5,True,True,False,A3->A2->A1
PEER,2,616,9/17/15,2,2,A2,C2,12.5,12.5,True,True,False,A2->C2
PEER,2,616,9/20/15,2,1,A1,A1,0.0,0.0,False,False,False,A1->A1
PEER,2,617,10/10/15,2,2,B1,C1,6.25,6.25,True,True,False,B1->C1
PEER,2,617,10/11/15,2,1,B2,B2,0.0,0.0,False,False,False,B2->B2
PEER,2,617,12/6/15,2,2,A3,A4,6.25,6.25,True,True,False,A3->A4
PEER,2,617,12/7/15,2,1,A4,A4,0.0,0.0,False,False,False,A4->A4
PEER,2,617,8/10/15,2,1,A3,A3,0.0,0.0,False,False,False,A3->A3
PEER,2,617,9/17/15,2,2,B1,C1,6.25,6.25,True,True,False,B1->C1
PEER,2,617,9/19/15,2,2,A2,C2,12.5,12.5,True,True,False,A2->C2
PEER,2,617,9/20/15,2,1,C1,C1,0.0,0.0,False,False,False,C1->C1
PEER,2,618619,8/13/15,2,2,E5,F5,6.25,6.25,True,True,False,E5->F5
PEER,2,850849,10/10/15,2,2,B2,F5,31.25,31.25,True,True,False,B2->F5
PEER,2,850849,10/12/15,2,2,E5,E3,12.5,12.5,True,True,False,E5->E3
PEER,2,purplepurple,7/6/16,2,1,E3,E3,0.0,0.0,False,False,False,E3->E3
PEER,6,13561268,5/12/16,2,2,D4,C5,8.838834764831844,8.838834764831844,True,True,False,D4->C5
PEER,6,14591457,6/2/16,2,2,E5,D4,8.838834764831844,8.838834764831844,True,True,False,E5->D4
PEER,6,14591457,6/3/16,3,1,E5,E5,0.0,0.0,False,False,False,E5->E5->E5
PEER,6,14591457,6/4/16,2,2,E5,F5,6.25,6.25,True,True,False,E5->F5
PEER,6,14591457,7/5/16,2,1,F5,F5,0.0,0.0,False,False,False,F5->F5
PEER,6,14591457,7/6/16,2,1,G5,G5,0.0,0.0,False,False,False,G5->G5
PEER,6,563562,8/13/15,2,1,F5,F5,0.0,0.0,False,False,False,F5->F5
PEER,6,576577,8/10/15,2,1,G7,G7,0.0,0.0,False,False,False,G7->G7
PEER,6,597596,8/12/15,2,2,F7,E7,6.25,6.25,True,True,False,F7->E7
PEER,6,597596,8/13/15,2,2,F4,E4,6.25,6.25,True,True,False,F4->E4
PEER,6,597596,9/16/15,2,2,G4,G3,6.25,6.25,True,True,False,G4->G3
PEER,6,633634,11/10/15,3,2,G7,G7,0.0,6.25,False,True,True,G7->G6->G7
PEER,6,633634,11/6/15,2,2,G6,G5,6.25,6.25,True,True,False,G6->G5
PEER,6,729730,9/18/15,2,2,D7,E7,6.25,6.25,True,True,False,D7->E7
PEER,6,732731,12/9/15,2,1,B7,B7,0.0,0.0,False,False,False,B7->B7
PEER,6,738737,11/8/15,2,1,G3,G3,0.0,0.0,False,False,False,G3->G3
PEER,6,739740,9/16/15,2,2,F5,G4,8.838834764831844,8.838834764831844,True,True,False,F5->G4
PEER,6,739740,9/18/15,2,2,G6,G3,18.75,18.75,True,True,False,G6->G3
PEER,6,757,11/8/15,2,2,E7,D4,19.764235376052373,19.764235376052373,True,True,False,E7->D4
PEER,6,757,12/7/15,2,2,G7,E7,12.5,12.5,True,True,False,G7->E7
PEER,6,757,12/8/15,2,2,F6,F7,6.25,6.25,True,True,False,F6->F7
PEER,6,797798,12/9/15,2,1,E7,E7,0.0,0.0,False,False,False,E7->E7
PEMA,1,10111012,1/13/16,3,2,B2,B2,0.0,8.838834764831844,False,True,True,B2->C1->B2
PEMA,1,10111012,2/2/16,2,2,A6,A4,12.5,12.5,True,True,False,A6->A4
PEMA,1,10111012,2/4/16,2,2,E2,C6,27.95084971874737,27.95084971874737,True,True,False,E2->C6
PEMA,1,10641065,2/2/16,2,2,E7,F1,38.017265814363874,38.017265814363874,True,True,False,E7->F1
PEMA,1,10641065,2/3/16,2,2,E5,G6,13.975424859373685,13.975424859373685,True,True,False,E5->G6
PEMA,1,10641065,2/4/16,2,2,E5,D5,6.25,6.25,True,True,False,E5->D5
PEMA,1,11631164,3/1/16,3,3,F2,F3,6.25,12.5,True,True,False,F2->F1->F3
PEMA,1,11631164,3/2/16,2,2,F1,F7,37.5,37.5,True,True,False,F1->F7
PEMA,1,11631164,3/3/16,3,2,F1,E3,13.975424859373685,13.975424859373685,True,True,False,F1->F1->E3
PEMA,1,11631164,3/31/16,2,2,G1,A7,53.033008588991066,53.033008588991066,True,True,False,G1->A7
PEMA,1,11631164,4/2/16,2,2,E3,D4,8.838834764831844,8.838834764831844,True,True,False,E3->D4
PEMA,1,12131218,4/1/16,2,1,A5,A5,0.0,0.0,False,False,False,A5->A5
PEMA,1,12131218,4/2/16,3,2,E4,E4,0.0,25.76941016011038,False,True,True,E4->A5->E4
PEMA,1,12131218,5/13/16,2,1,D5,D5,0.0,0.0,False,False,False,D5->D5
PEMA,1,12131218,5/14/16,2,2,D5,B5,12.5,12.5,True,True,False,D5->B5
PEMA,1,12131218,6/3/16,2,2,A6,A5,6.25,6.25,True,True,False,A6->A5
PEMA,1,12131218,7/5/16,2,2,E7,D6,8.838834764831844,8.838834764831844,True,True,False,E7->D6
PEMA,1,12131218,7/6/16,2,2,E5,D5,6.25,6.25,True,True,False,E5->D5
PEMA,1,12261227,3/1/16,3,3,G5,F7,13.975424859373685,13.975424859373685,True,True,False,G5->G6->F7
PEMA,1,12261227,3/2/16,2,2,G1,F7,38.017265814363874,38.017265814363874,True,True,False,G1->F7
PEMA,1,12261227,3/3/16,3,2,D7,F7,12.5,12.5,True,True,False,D7->D7->F7
PEMA,1,12261227,3/31/16,2,2,G5,G7,12.5,12.5,True,True,False,G5->G7
PEMA,1,12261227,4/1/16,3,3,F5,E7,13.975424859373685,13.975424859373685,True,True,False,F5->F7->E7
PEMA,1,12261227,4/2/16,3,2,F5,F6,6.25,6.25,True,True,False,F5->F6->F6
PEMA,1,12261227,5/12/16,2,2,C7,D6,8.838834764831844,8.838834764831844,True,True,False,C7->D6
PEMA,1,12261227,5/13/16,2,1,B6,B6,0.0,0.0,False,False,False,B6->B6
PEMA,1,12261227,6/4/16,2,2,D5,C6,8.838834764831844,8.838834764831844,True,True,False,D5->C6
PEMA,1,12301231,3/3/16,2,1,G1,G1,0.0,0.0,False,False,False,G1->G1
PEMA,1,13601369,5/14/16,2,2,D7,E7,6.25,6.25,True,True,False,D7->E7
PEMA,1,13601369,6/3/16,3,2,D4,D4,0.0,6.25,False,True,True,D4->C4->D4
PEMA,1,13601369,6/4/16,4,4,E5,D6,8.838834764831844,25.0,True,True,False,E5->F6->B6->D6
PEMA,1,13601369,7/5/16,3,3,E7,G6,13.975424859373685,13.975424859373685,True,True,False,E7->E6->G6
PEMA,1,13601369,7/6/16,2,1,F6,F6,0.0,0.0,False,False,False,F6->F6
PEMA,1,13601369,7/7/16,3,3,G6,F6,6.25,8.838834764831844,True,True,False,G6->F5->F6
PEMA,1,1384,5/13/16,3,2,B1,A1,6.25,6.25,True,True,False,B1->A1->A1
PEMA,1,1384,5/14/16,2,2,A1,D3,22.534695471649933,22.534695471649933,True,True,False,A1->D3
PEMA,1,1384,6/2/16,2,2,E3,C2,13.975424859373685,13.975424859373685,True,True,False,E3->C2
PEMA,1,1384,6/3/16,2,2,E2,G1,13.975424859373685,13.975424859373685,True,True,False,E2->G1
PEMA,1,1384,6/4/16,3,3,F3,E2,8.838834764831844,13.975424859373685,True,True,False,F3->G1->E2
PEMA,1,1384,7/5/16,4,4,E6,D3,19.764235376052373,22.534695471649933,True,True,False,E6->E5->F6->D3
PEMA,1,1384,7/6/16,2,2,D2,D3,6.25,6.25,True,True,False,D2->D3
PEMA,1,1384,7/7/16,2,1,E5,E5,0.0,0.0,False,False,False,E5->E5
PEMA,1,13991400,5/12/16,2,2,A6,A3,18.75,18.75,True,True,False,A6->A3
PEMA,1,13991400,5/14/16,3,3,B2,B6,25.0,25.76941016011038,True,True,False,B2->A6->B6
PEMA,1,13991400,6/2/16,2,2,B1,B4,18.75,18.75,True,True,False,B1->B4
PEMA,1,13991400,6/3/16,2,2,B4,A2,13.975424859373685,13.975424859373685,True,True,False,B4->A2
PEMA,1,13991400,7/5/16,3,3,A2,A5,18.75,18.75,True,True,False,A2->A4->A5
PEMA,1,13991400,7/6/16,3,3,A1,A3,12.5,31.25,True,True,False,A1->A6->A3
PEMA,1,14681467,7/5/16,2,2,D2,D3,6.25,6.25,True,True,False,D2->D3
PEMA,1,14691470,6/2/16,2,2,B7,F4,31.25,31.25,True,True,False,B7->F4
PEMA,1,14691470,6/3/16,3,2,E5,F4,8.838834764831844,8.838834764831844,True,True,False,E5->E5->F4
PEMA,1,14691470,6/4/16,3,2,F4,F3,6.25,6.25,True,True,False,F4->F3->F3
PEMA,1,14691470,7/5/16,3,3,F7,F6,6.25,12.5,True,True,False,F7->F5->F6
PEMA,1,14691470,7/6/16,3,3,D4,F5,13.975424859373685,13.975424859373685,True,True,False,D4->E5->F5
PEMA,1,14691470,7/7/16,2,2,E5,F4,8.838834764831844,8.838834764831844,True,True,False,E5->F4
PEMA,1,19451944,7/5/16,2,2,A6,A4,12.5,12.5,True,True,False,A6->A4
PEMA,1,330331,12/8/15,2,2,A1,A3,12.5,12.5,True,True,False,A1->A3
PEMA,1,378379,1/13/16,3,2,C7,C7,0.0,31.25,False,True,True,C7->G4->C7
PEMA,1,388389,1/13/16,2,2,C3,E1,17.67766952966369,17.67766952966369,True,True,False,C3->E1
PEMA,1,521501,8/13/15,2,1,C6,C6,0.0,0.0,False,False,False,C6->C6
PEMA,1,776784,1/13/16,2,2,A2,E7,40.0195264839553,40.0195264839553,True,True,False,A2->E7
PEMA,1,776784,10/11/15,2,2,F4,E2,13.975424859373685,13.975424859373685,True,True,False,F4->E2
PEMA,1,776784,11/10/15,2,2,G7,B2,44.19417382415922,44.19417382415922,True,True,False,G7->B2
PEMA,1,776784,11/7/15,3,3,G7,C2,40.0195264839553,40.0195264839553,True,True,False,G7->D5->C2
PEMA,1,776784,11/8/15,2,2,E2,D2,6.25,6.25,True,True,False,E2->D2
PEMA,1,776784,12/6/15,3,3,C5,F4,19.764235376052373,22.534695471649933,True,True,False,C5->F7->F4
PEMA,1,776784,12/8/15,2,2,E3,A1,27.95084971874737,27.95084971874737,True,True,False,E3->A1
PEMA,1,776784,2/2/16,2,2,D5,A6,19.764235376052373,19.764235376052373,True,True,False,D5->A6
PEMA,1,776784,2/4/16,3,3,D5,C3,13.975424859373685,22.534695471649933,True,True,False,D5->A6->C3
PEMA,1,776784,3/1/16,3,3,F1,B5,35.35533905932738,37.5,True,True,False,F1->F7->B5
PEMA,1,776784,3/2/16,3,3,B3,D6,22.534695471649933,33.65728004459065,True,True,False,B3->G5->D6
PEMA,1,776784,3/3/16,3,3,E3,B3,18.75,35.35533905932738,True,True,False,E3->F7->B3
PEMA,1,838837,1/13/16,2,2,F1,C1,18.75,18.75,True,True,False,F1->C1
PEMA,1,858859,11/10/15,3,2,D1,B1,12.5,12.5,True,True,False,D1->D1->B1
PEMA,1,858859,11/8/15,3,3,D1,D2,6.25,13.975424859373685,True,True,False,D1->B1->D2
PEMA,1,green tail,5/14/16,2,2,G5,G7,12.5,12.5,True,True,False,G5->G7
PEMA,1,orangeorange,6/3/16,2,2,D4,E5,8.838834764831844,8.838834764831844,True,True,False,D4->E5
PEMA,1,orangeorange,6/4/16,2,2,F4,F6,12.5,12.5,True,True,False,F4->F6
PEMA,1,purplepurple,2/2/16,2,2,C7,D4,19.764235376052373,19.764235376052373,True,True,False,C7->D4
PEMA,1,purplepurple,3/1/16,2,2,B1,D4,22.534695471649933,22.534695471649933,True,True,False,B1->D4
PEMA,1,purplepurple,5/12/16,2,2,D6,A1,36.443449342783126,36.443449342783126,True,True,False,D6->A1
PEMA,1,purplepurple,5/14/16,3,3,C2,D4,13.975424859373685,19.764235376052373,True,True,False,C2->F3->D4
PEMA,1,redred,7/5/16,3,3,A4,C3,13.975424859373685,13.975424859373685,True,True,False,A4->A3->C3
PEMA,1,redred,7/6/16,2,2,D1,C2,8.838834764831844,8.838834764831844,True,True,False,D1->C2
PEMA,1,yellowyellow,6/3/16,2,2,F4,C2,22.534695471649933,22.534695471649933,True,True,False,F4->C2
PEMA,2,10311032,1/13/16,3,1,G5,G5,0.0,0.0,False,False,False,G5->G5->G5
PEMA,2,10311032,1/14/16,3,1,G5,G5,0.0,0.0,False,False,False,G5->G5->G5
PEMA,2,10391040,1/13/16,2,2,G6,F6,6.25,6.25,True,True,False,G6->F6
PEMA,2,10391040,1/14/16,2,2,G7,E5,17.67766952966369,17.67766952966369,True,True,False,G7->E5
PEMA,2,10391040,5/14/16,2,1,F7,F7,0.0,0.0,False,False,False,F7->F7
PEMA,2,10391040,6/2/16,2,2,G7,F6,8.838834764831844,8.838834764831844,True,True,False,G7->F6
PEMA,2,10391040,6/4/16,3,1,F6,F6,0.0,0.0,False,False,False,F6->F6->F6
PEMA,2,10441045,3/1/16,3,2,F1,F1,0.0,18.75,False,True,True,F1->C1->F1
PEMA,2,10441045,3/3/16,2,2,E1,D1,6.25,6.25,True,True,False,E1->D1
PEMA,2,10701071,3/1/16,2,2,G1,G7,37.5,37.5,True,True,False,G1->G7
PEMA,2,10701071,3/2/16,2,2,E7,F5,13.975424859373685,13.975424859373685,True,True,False,E7->F5
PEMA,2,10701071,4/1/16,2,2,F1,F2,6.25,6.25,True,True,False,F1->F2
PEMA,2,10701071,6/3/16,2,2,F3,D3,12.5,12.5,True,True,False,F3->D3
PEMA,2,10761077,2/3/16,3,3,G5,G6,6.25,13.975424859373685,True,True,False,G5->F7->G6
PEMA,2,10761077,5/14/16,3,2,A7,D7,18.75,18.75,True,True,False,A7->A7->D7
PEMA,2,10761077,7/6/16,2,2,G7,D7,18.75,18.75,True,True,False,G7->D7
PEMA,2,11111197,2/3/16,3,2,G7,G7,0.0,6.25,False,True,True,G7->G6->G7
PEMA,2,11191120,1/13/16,2,2,B5,E6,19.764235376052373,19.764235376052373,True,True,False,B5->E6
PEMA,2,11191120,1/14/16,2,2,C5,C4,6.25,6.25,True,True,False,C5->C4
PEMA,2,11431144,3/1/16,2,2,A2,B1,8.838834764831844,8.838834764831844,True,True,False,A2->B1
PEMA,2,12001199,1/13/16,3,2,E1,G1,12.5,12.5,True,True,False,E1->G1->G1
PEMA,2,12491250,4/1/16,2,2,E2,E5,18.75,18.75,True,True,False,E2->E5
PEMA,2,12491250,4/2/16,2,2,E4,G3,13.975424859373685,13.975424859373685,True,True,False,E4->G3
PEMA,2,13221323,4/1/16,2,2,D5,C6,8.838834764831844,8.838834764831844,True,True,False,D5->C6
PEMA,2,14651466,6/3/16,2,2,D1,E1,6.25,6.25,True,True,False,D1->E1
PEMA,2,14831416,7/5/16,3,3,D6,E3,19.764235376052373,19.764235376052373,True,True,False,D6->D5->E3
PEMA,2,14991500,5/14/16,3,2,G6,G6,0.0,19.764235376052373,False,True,True,G6->D7->G6
PEMA,2,19171918,6/4/16,2,1,D3,D3,0.0,0.0,False,False,False,D3->D3
PEMA,2,1933,7/6/16,2,2,F2,B1,25.76941016011038,25.76941016011038,True,True,False,F2->B1
PEMA,2,19581959,6/4/16,2,2,F4,F2,12.5,12.5,True,True,False,F4->F2
PEMA,2,395396,1/13/16,2,2,B1,A2,8.838834764831844,8.838834764831844,True,True,False,B1->A2
PEMA,2,395396,1/14/16,2,2,B2,B1,6.25,6.25,True,True,False,B2->B1
PEMA,2,520519,8/10/15,2,1,D1,D1,0.0,0.0,False,False,False,D1->D1
PEMA,2,557556,8/13/15,2,2,F3,F1,12.5,12.5,True,True,False,F3->F1
PEMA,2,559558,1/13/16,2,1,G7,G7,0.0,0.0,False,False,False,G7->G7
PEMA,2,559558,11/10/15,2,2,G6,E6,12.5,12.5,True,True,False,G6->E6
PEMA,2,559558,12/7/15,2,2,F5,E4,8.838834764831844,8.838834764831844,True,True,False,F5->E4
PEMA,2,559558,12/8/15,2,2,G6,F7,8.838834764831844,8.838834764831844,True,True,False,G6->F7
PEMA,2,649650,8/10/15,2,2,D5,C7,13.975424859373685,13.975424859373685,True,True,False,D5->C7
PEMA,2,649650,8/11/15,3,3,B7,C7,6.25,8.838834764831844,True,True,False,B7->C6->C7
PEMA,2,649650,8/13/15,2,1,D6,D6,0.0,0.0,False,False,False,D6->D6
PEMA,2,707708,11/10/15,3,3,G3,G6,18.75,19.764235376052373,True,True,False,G3->F6->G6
PEMA,2,707708,12/6/15,4,4,F6,F7,6.25,8.838834764831844,True,True,False,F6->G6->G7->F7
PEMA,2,707708,12/8/15,2,2,C7,G2,40.0195264839553,40.0195264839553,True,True,False,C7->G2
PEMA,2,766767,11/7/15,2,2,D1,F1,12.5,12.5,True,True,False,D1->F1
PEMA,2,766767,11/8/15,2,2,E1,G1,12.5,12.5,True,True,False,E1->G1
PEMA,2,766767,12/6/15,2,2,G2,F3,8.838834764831844,8.838834764831844,True,True,False,G2->F3
PEMA,2,766767,2/3/16,2,2,B6,D2,27.95084971874737,27.95084971874737,True,True,False,B6->D2
PEMA,2,766767,7/5/16,3,3,C1,F2,19.764235376052373,19.764235376052373,True,True,False,C1->C2->F2
PEMA,2,808809,1/14/16,2,2,G2,C1,25.76941016011038,25.76941016011038,True,True,False,G2->C1
PEMA,2,814815,11/10/15,3,3,B5,B6,6.25,8.838834764831844,True,True,False,B5->A6->B6
PEMA,2,814815,12/6/15,2,1,A7,A7,0.0,0.0,False,False,False,A7->A7
PEMA,2,814815,12/7/15,2,1,A7,A7,0.0,0.0,False,False,False,A7->A7
PEMA,2,814815,12/8/15,3,1,A7,A7,0.0,0.0,False,False,False,A7->A7->A7
PEMA,2,878879,1/13/16,2,1,B3,B3,0.0,0.0,False,False,False,B3->B3
PEMA,2,878879,11/10/15,3,3,B2,A1,8.838834764831844,12.5,True,True,False,B2->C1->A1
PEMA,2,878879,11/8/15,2,1,A4,A4,0.0,0.0,False,False,False,A4->A4
PEMA,2,878879,12/6/15,2,1,B4,B4,0.0,0.0,False,False,False,B4->B4
PEMA,2,878879,12/7/15,2,1,B2,B2,0.0,0.0,False,False,False,B2->B2
PEMA,2,878879,12/8/15,2,2,B4,B3,6.25,6.25,True,True,False,B4->B3
PEMA,2,888889,11/10/15,2,2,A4,C5,13.975424859373685,13.975424859373685,True,True,False,A4->C5
PEMA,2,888889,12/7/15,2,2,D5,B6,13.975424859373685,13.975424859373685,True,True,False,D5->B6
PEMA,2,888889,2/4/16,2,2,B3,A2,8.838834764831844,8.838834764831844,True,True,False,B3->A2
PEMA,2,888889,3/1/16,3,3,B5,D4,13.975424859373685,31.25,True,True,False,B5->G5->D4
PEMA,2,888889,3/3/16,2,2,D1,C3,13.975424859373685,13.975424859373685,True,True,False,D1->C3
PEMA,2,967966,1/12/16,2,2,B3,B6,18.75,18.75,True,True,False,B3->B6
PEMA,2,967966,1/13/16,3,3,C5,A6,13.975424859373685,19.764235376052373,True,True,False,C5->B3->A6
PEMA,2,967966,1/14/16,2,2,B6,B4,12.5,12.5,True,True,False,B6->B4
PEMA,2,967966,11/10/15,3,3,C7,D6,8.838834764831844,8.838834764831844,True,True,False,C7->D7->D6
PEMA,2,967966,12/6/15,4,4,C4,C3,6.25,27.95084971874737,True,True,False,C4->A7->B6->C3
PEMA,2,967966,12/7/15,4,4,C4,D5,8.838834764831844,19.764235376052373,True,True,False,C4->B6->C3->D5
PEMA,2,967966,12/8/15,4,4,D5,A7,22.534695471649933,22.534695471649933,True,True,False,D5->B4->C4->A7
PEMA,2,967966,2/4/16,3,3,A2,E3,25.76941016011038,25.76941016011038,True,True,False,A2->B3->E3
PEMA,2,967966,3/3/16,2,2,B3,A7,25.76941016011038,25.76941016011038,True,True,False,B3->A7
PEMA,2,967966,9/17/15,2,2,E7,D7,6.25,6.25,True,True,False,E7->D7
PEMA,2,967966,9/19/15,2,1,C7,C7,0.0,0.0,False,False,False,C7->C7
PEMA,2,blueblue,5/12/16,2,2,C2,A1,13.975424859373685,13.975424859373685,True,True,False,C2->A1
PEMA,2,blueblue,5/14/16,2,1,A1,A1,0.0,0.0,False,False,False,A1->A1
PEMA,2,blueblue,7/5/16,2,2,B4,B1,18.75,18.75,True,True,False,B4->B1
PEMA,2,blueblue,7/7/16,3,3,A3,E1,27.95084971874737,31.25,True,True,False,A3->A4->E1
PEMA,2,greengreen,6/2/16,2,2,A2,B3,8.838834764831844,8.838834764831844,True,True,False,A2->B3
PEMA,2,greengreen,6/3/16,2,2,B4,B2,12.5,12.5,True,True,False,B4->B2
PEMA,3,10531054,2/2/16,2,2,A3,B4,8.838834764831844,8.838834764831844,True,True,False,A3->B4
PEMA,3,10531054,2/3/16,2,2,C3,B5,13.975424859373685,13.975424859373685,True,True,False,C3->B5
PEMA,3,10531054,2/4/16,2,2,B4,B5,6.25,6.25,True,True,False,B4->B5
PEMA,3,10531054,5/12/16,2,2,B3,C4,8.838834764831844,8.838834764831844,True,True,False,B3->C4
PEMA,3,10531054,5/14/16,2,2,A7,B3,25.76941016011038,25.76941016011038,True,True,False,A7->B3
PEMA,3,10531054,6/2/16,2,2,F2,F4,12.5,12.5,True,True,False,F2->F4
PEMA,3,10531054,6/3/16,3,3,E1,B4,26.516504294495533,26.516504294495533,True,True,False,E1->A2->B4
PEMA,3,10531054,6/4/16,2,2,B1,A2,8.838834764831844,8.838834764831844,True,True,False,B1->A2
PEMA,3,10841085,2/4/16,2,1,A2,A2,0.0,0.0,False,False,False,A2->A2
PEMA,3,12741302,5/13/16,3,3,C5,E4,13.975424859373685,22.534695471649933,True,True,False,C5->F7->E4
PEMA,3,12741302,5/14/16,2,1,E6,E6,0.0,0.0,False,False,False,E6->E6
PEMA,3,12741302,6/4/16,3,2,G3,F2,8.838834764831844,8.838834764831844,True,True,False,G3->G3->F2
PEMA,3,512511,1/13/16,2,2,C5,B6,8.838834764831844,8.838834764831844,True,True,False,C5->B6
PEMA,3,512511,11/6/15,2,2,A2,E3,25.76941016011038,25.76941016011038,True,True,False,A2->E3
PEMA,3,512511,11/8/15,2,2,D1,B1,12.5,12.5,True,True,False,D1->B1
PEMA,3,512511,12/6/15,2,2,A2,C4,17.67766952966369,17.67766952966369,True,True,False,A2->C4
PEMA,3,512511,12/9/15,2,2,C4,A5,13.975424859373685,13.975424859373685,True,True,False,C4->A5
PEMA,3,512511,9/17/15,2,2,B5,B1,25.0,25.0,True,True,False,B5->B1
PEMA,3,513514,8/13/15,3,2,F4,F2,12.5,12.5,True,True,False,F4->F2->F2
PEMA,3,blueblue,9/17/15,2,2,B1,B4,18.75,18.75,True,True,False,B1->B4
PEMA,3,greengreen,10/9/15,2,2,D6,E3,19.764235376052373,19.764235376052373,True,True,False,D6->E3
PEMA,3,left earnone,2/2/16,2,2,G3,G6,18.75,18.75,True,True,False,G3->G6
PEMA,3,left earnone,2/3/16,3,2,B4,G7,36.443449342783126,36.443449342783126,True,True,False,B4->B4->G7
PEMA,3,left earnone,2/4/16,3,2,F4,G3,8.838834764831844,8.838834764831844,True,True,False,F4->F4->G3
PEMA,3,missingmissing,8/11/15,2,1,F2,F2,0.0,0.0,False,False,False,F2->F2
PEMA,3,purplepurple,9/20/15,2,1,B4,B4,0.0,0.0,False,False,False,B4->B4
PEMA,4,10511052,2/4/16,2,1,E6,E6,0.0,0.0,False,False,False,E6->E6
PEMA,4,11891188,2/4/16,3,2,B7,B6,6.25,6.25,True,True,False,B7->B6->B6
PEMA,4,11891188,3/1/16,2,2,C6,A5,13.975424859373685,13.975424859373685,True,True,False,C6->A5
PEMA,4,11891188,3/3/16,2,2,B6,A4,13.975424859373685,13.975424859373685,True,True,False,B6->A4
PEMA,4,11891188,5/14/16,2,2,B5,A5,6.25,6.25,True,True,False,B5->A5
PEMA,4,12191220,4/2/16,2,1,C5,C5,0.0,0.0,False,False,False,C5->C5
PEMA,4,12421243,3/3/16,2,2,E7,E5,12.5,12.5,True,True,False,E7->E5
PEMA,4,12751089,5/13/16,3,2,F6,F6,0.0,8.838834764831844,False,True,True,F6->G7->F6
PEMA,4,12751089,5/14/16,3,2,F6,F6,0.0,6.25,False,True,True,F6->F5->F6
PEMA,4,12951296,3/3/16,2,2,D3,D1,12.5,12.5,True,True,False,D3->D1
PEMA,4,13431344,4/1/16,2,2,B6,C7,8.838834764831844,8.838834764831844,True,True,False,B6->C7
PEMA,4,13431344,4/2/16,2,1,C7,C7,0.0,0.0,False,False,False,C7->C7
PEMA,4,13541353,5/12/16,2,2,E4,C4,12.5,12.5,True,True,False,E4->C4
PEMA,4,13541353,5/13/16,2,1,B4,B4,0.0,0.0,False,False,False,B4->B4
PEMA,4,13541353,5/14/16,2,2,D7,A3,31.25,31.25,True,True,False,D7->A3
PEMA,4,13541353,6/3/16,3,2,D1,D1,0.0,22.534695471649933,False,True,True,D1->A3->D1
PEMA,4,13541353,6/4/16,2,2,C6,E1,33.65728004459065,33.65728004459065,True,True,False,C6->E1
PEMA,4,13541353,7/5/16,2,2,E5,E7,12.5,12.5,True,True,False,E5->E7
PEMA,4,13551356,5/13/16,2,2,G4,F5,8.838834764831844,8.838834764831844,True,True,False,G4->F5
PEMA,4,14291428,5/14/16,3,3,A5,B3,13.975424859373685,13.975424859373685,True,True,False,A5->B4->B3
PEMA,4,14291428,6/3/16,3,3,B3,C5,13.975424859373685,13.975424859373685,True,True,False,B3->A4->C5
PEMA,4,14291428,6/4/16,2,1,C6,C6,0.0,0.0,False,False,False,C6->C6
PEMA,4,14291428,7/5/16,2,2,A7,B7,6.25,6.25,True,True,False,A7->B7
PEMA,4,19241925,6/3/16,2,2,G6,F7,8.838834764831844,8.838834764831844,True,True,False,G6->F7
PEMA,4,19461947,6/3/16,2,1,G7,G7,0.0,0.0,False,False,False,G7->G7
PEMA,4,19461947,6/4/16,2,2,G6,G7,6.25,6.25,True,True,False,G6->G7
PEMA,4,19461947,7/7/16,2,2,F7,E7,6.25,6.25,True,True,False,F7->E7
PEMA,4,320319,12/9/15,2,2,G4,E5,13.975424859373685,13.975424859373685,True,True,False,G4->E5
PEMA,4,346345,1/12/16,2,2,B7,C7,6.25,6.25,True,True,False,B7->C7
PEMA,4,346345,1/13/16,3,2,B7,A7,6.25,6.25,True,True,False,B7->A7->A7
PEMA,4,346345,1/14/16,2,1,A7,A7,0.0,0.0,False,False,False,A7->A7
PEMA,4,346345,12/6/15,3,2,B7,B7,0.0,6.25,False,True,True,B7->C7->B7
PEMA,4,346345,12/8/15,2,1,D6,D6,0.0,0.0,False,False,False,D6->D6
PEMA,4,346345,12/9/15,2,2,B7,A5,13.975424859373685,13.975424859373685,True,True,False,B7->A5
PEMA,4,346345,2/3/16,2,2,A5,B6,8.838834764831844,8.838834764831844,True,True,False,A5->B6
PEMA,4,346345,2/4/16,3,3,A6,A5,6.25,12.5,True,True,False,A6->A7->A5
PEMA,4,451,8/11/15,2,1,C3,C3,0.0,0.0,False,False,False,C3->C3
PEMA,4,451,8/12/15,2,2,A1,E4,31.25,31.25,True,True,False,A1->E4
PEMA,4,451,8/13/15,2,2,D2,B4,17.67766952966369,17.67766952966369,True,True,False,D2->B4
PEMA,4,466,1/12/16,2,2,E6,F5,8.838834764831844,8.838834764831844,True,True,False,E6->F5
PEMA,4,466,11/6/15,2,2,G3,E6,22.534695471649933,22.534695471649933,True,True,False,G3->E6
PEMA,4,466,11/7/15,2,2,E6,E5,6.25,6.25,True,True,False,E6->E5
PEMA,4,466,11/8/15,3,3,E6,G4,17.67766952966369,17.67766952966369,True,True,False,E6->E4->G4
PEMA,4,466,12/6/15,2,2,E3,G6,22.534695471649933,22.534695471649933,True,True,False,E3->G6
PEMA,4,466,12/8/15,3,3,E5,G4,13.975424859373685,13.975424859373685,True,True,False,E5->F5->G4
PEMA,4,466,12/9/15,2,2,G6,D4,22.534695471649933,22.534695471649933,True,True,False,G6->D4
PEMA,4,466,8/11/15,3,2,F4,F4,0.0,6.25,False,True,True,F4->G4->F4
PEMA,4,488,8/11/15,3,3,F3,C2,19.764235376052373,31.868871959954905,True,True,False,F3->A2->C2
PEMA,4,488,8/12/15,2,2,B3,A1,13.975424859373685,13.975424859373685,True,True,False,B3->A1
PEMA,4,488,9/18/15,2,2,F1,G4,19.764235376052373,19.764235376052373,True,True,False,F1->G4
PEMA,4,502508,8/12/15,2,1,G4,G4,0.0,0.0,False,False,False,G4->G4
PEMA,4,502508,8/13/15,2,2,F1,F4,18.75,18.75,True,True,False,F1->F4
PEMA,4,504505,8/11/15,3,3,C1,A2,13.975424859373685,13.975424859373685,True,True,False,C1->C2->A2
PEMA,4,504505,8/12/15,3,3,A1,A4,18.75,18.75,True,True,False,A1->A2->A4
PEMA,4,506,8/11/15,2,2,D3,F4,13.975424859373685,13.975424859373685,True,True,False,D3->F4
PEMA,4,716715,9/18/15,3,2,G4,F4,6.25,6.25,True,True,False,G4->G4->F4
PEMA,4,722721,9/18/15,2,2,A7,A5,12.5,12.5,True,True,False,A7->A5
PEMA,4,750,10/11/15,3,1,D1,D1,0.0,0.0,False,False,False,D1->D1->D1
PEMA,4,750,10/12/15,2,1,F3,F3,0.0,0.0,False,False,False,F3->F3
PEMA,4,750,10/9/15,2,1,F1,F1,0.0,0.0,False,False,False,F1->F1
PEMA,4,760761,1/13/16,3,1,A6,A6,0.0,0.0,False,False,False,A6->A6->A6
PEMA,4,760761,1/14/16,2,2,A5,A3,12.5,12.5,True,True,False,A5->A3
PEMA,4,771770,11/6/15,2,2,A7,B7,6.25,6.25,True,True,False,A7->B7
PEMA,4,771770,11/7/15,3,1,A7,A7,0.0,0.0,False,False,False,A7->A7->A7
PEMA,4,771770,11/8/15,2,1,B7,B7,0.0,0.0,False,False,False,B7->B7
PEMA,4,777778,10/11/15,3,1,E5,E5,0.0,0.0,False,False,False,E5->E5->E5
PEMA,4,777778,10/12/15,3,3,C2,D5,19.764235376052373,19.764235376052373,True,True,False,C2->D4->D5
PEMA,4,813812,12/6/15,2,2,E7,G7,12.5,12.5,True,True,False,E7->G7
PEMA,4,852851,11/8/15,2,2,A6,E7,25.76941016011038,25.76941016011038,True,True,False,A6->E7
PEMA,4,864865,11/7/15,2,2,C7,B7,6.25,6.25,True,True,False,C7->B7
PEMA,4,880881,11/8/15,2,2,B2,A3,8.838834764831844,8.838834764831844,True,True,False,B2->A3
PEMA,4,886887,1/14/16,2,1,G6,G6,0.0,0.0,False,False,False,G6->G6
PEMA,4,blueblue,1/14/16,2,2,A7,A6,6.25,6.25,True,True,False,A7->A6
PEMA,4,blueblue,12/6/15,4,1,A6,A6,0.0,0.0,False,False,False,A6->A6->A6->A6
PEMA,4,blueblue,12/8/15,2,1,A6,A6,0.0,0.0,False,False,False,A6->A6
PEMA,4,blueblue,12/9/15,3,3,A6,B6,6.25,8.838834764831844,True,True,False,A6->A5->B6
PEMA,4,greengreen,1/14/16,2,2,B7,F6,25.76941016011038,25.76941016011038,True,True,False,B7->F6
PEMA,4,greengreen,12/8/15,3,2,D4,D5,6.25,6.25,True,True,False,D4->D4->D5
PEMA,4,greengreen,9/18/15,2,2,A5,D6,19.764235376052373,19.764235376052373,True,True,False,A5->D6
PEMA,4,missingmissing,1/12/16,4,4,A4,B7,19.764235376052373,33.65728004459065,True,True,False,A4->A7->F6->B7
PEMA,4,missingmissing,11/6/15,2,2,C7,G6,25.76941016011038,25.76941016011038,True,True,False,C7->G6
PEMA,4,missingmissing,11/7/15,2,1,A6,A6,0.0,0.0,False,False,False,A6->A6
PEMA,4,missingmissing,11/8/15,5,3,A4,A7,18.75,18.75,True,True,False,A4->A7->A6->A7->A7
PEMA,4,missingmissing,8/13/15,2,2,F5,E3,13.975424859373685,13.975424859373685,True,True,False,F5->E3
PEMA,4,orangeorange,5/14/16,2,1,F2,F2,0.0,0.0,False,False,False,F2->F2
PEMA,4,purplepurple,1/14/16,2,1,A6,A6,0.0,0.0,False,False,False,A6->A6
PEMA,4,purplepurple,12/6/15,4,1,A5,A5,0.0,0.0,False,False,False,A5->A5->A5->A5
PEMA,4,purplepurple,12/8/15,2,2,A5,C7,17.67766952966369,17.67766952966369,True,True,False,A5->C7
PEMA,4,purplepurple,3/1/16,2,2,D6,A3,26.516504294495533,26.516504294495533,True,True,False,D6->A3
PEMA,4,purplepurple,9/16/15,2,1,G3,G3,0.0,0.0,False,False,False,G3->G3
PEMA,4,purplepurple,9/18/15,3,2,G7,G7,0.0,6.25,False,True,True,G7->G6->G7
PEMA,5,11341110,3/1/16,2,1,G2,G2,0.0,0.0,False,False,False,G2->G2
PEMA,5,494495,8/10/15,3,1,E7,E7,0.0,0.0,False,False,False,E7->E7->E7
PEMA,5,494495,8/11/15,3,2,E6,E7,6.25,6.25,True,True,False,E6->E7->E7
PEMA,5,494495,8/12/15,3,3,E6,E4,12.5,13.975424859373685,True,True,False,E6->C5->E4
PEMA,5,765764,12/8/15,2,2,E7,G5,17.67766952966369,17.67766952966369,True,True,False,E7->G5
PEMA,5,861860,1/13/16,2,1,C7,C7,0.0,0.0,False,False,False,C7->C7
PEMA,5,861860,11/10/15,3,2,E7,E7,0.0,6.25,False,True,True,E7->D7->E7
PEMA,5,861860,11/8/15,3,2,E7,E7,0.0,6.25,False,True,True,E7->D7->E7
PEMA,6,10171018,1/14/16,3,2,D4,G3,19.764235376052373,19.764235376052373,True,True,False,D4->G3->G3
PEMA,6,10171018,2/2/16,2,2,G1,E1,12.5,12.5,True,True,False,G1->E1
PEMA,6,10171018,2/3/16,3,2,E1,G1,12.5,12.5,True,True,False,E1->G1->G1
PEMA,6,10171018,2/4/16,2,1,C1,C1,0.0,0.0,False,False,False,C1->C1
PEMA,6,10171018,3/1/16,3,1,G2,G2,0.0,0.0,False,False,False,G2->G2->G2
PEMA,6,10171018,3/2/16,3,1,G2,G2,0.0,0.0,False,False,False,G2->G2->G2
PEMA,6,10171018,3/3/16,3,1,G2,G2,0.0,0.0,False,False,False,G2->G2->G2
PEMA,6,10171018,4/2/16,3,1,G2,G2,0.0,0.0,False,False,False,G2->G2->G2
PEMA,6,10331041,1/13/16,2,2,B7,C7,6.25,6.25,True,True,False,B7->C7
PEMA,6,10331041,3/1/16,3,3,A6,B4,13.975424859373685,13.975424859373685,True,True,False,A6->A5->B4
PEMA,6,10331041,3/2/16,2,1,A4,A4,0.0,0.0,False,False,False,A4->A4
PEMA,6,10331041,3/3/16,3,2,A4,A4,0.0,6.25,False,True,True,A4->A5->A4
PEMA,6,10331041,4/1/16,2,2,C5,A4,13.975424859373685,13.975424859373685,True,True,False,C5->A4
PEMA,6,10331041,4/2/16,3,2,B2,B2,0.0,6.25,False,True,True,B2->C2->B2
PEMA,6,10331041,5/12/16,2,2,C5,B3,13.975424859373685,13.975424859373685,True,True,False,C5->B3
PEMA,6,10331041,5/13/16,3,2,C4,A4,12.5,12.5,True,True,False,C4->A4->A4
PEMA,6,10331041,5/14/16,3,3,B4,A4,6.25,12.5,True,True,False,B4->C4->A4
PEMA,6,10331041,6/2/16,2,2,A4,C4,12.5,12.5,True,True,False,A4->C4
PEMA,6,10331041,6/3/16,3,3,D5,B4,13.975424859373685,13.975424859373685,True,True,False,D5->B6->B4
PEMA,6,10331041,6/4/16,2,1,B4,B4,0.0,0.0,False,False,False,B4->B4
PEMA,6,10331041,7/5/16,2,2,A3,B7,25.76941016011038,25.76941016011038,True,True,False,A3->B7
PEMA,6,10331041,7/6/16,2,2,B3,E4,19.764235376052373,19.764235376052373,True,True,False,B3->E4
PEMA,6,10681069,1/14/16,3,3,G4,E1,22.534695471649933,22.534695471649933,True,True,False,G4->E2->E1
PEMA,6,10681069,3/1/16,2,2,G3,E4,13.975424859373685,13.975424859373685,True,True,False,G3->E4
PEMA,6,10681069,3/2/16,2,1,G3,G3,0.0,0.0,False,False,False,G3->G3
PEMA,6,11321106,3/2/16,2,2,F3,G3,6.25,6.25,True,True,False,F3->G3
PEMA,6,11791180,3/3/16,2,2,A5,B4,8.838834764831844,8.838834764831844,True,True,False,A5->B4
PEMA,6,12011202,4/2/16,3,1,A3,A3,0.0,0.0,False,False,False,A3->A3->A3
PEMA,6,12041203,5/12/16,2,2,B3,A4,8.838834764831844,8.838834764831844,True,True,False,B3->A4
PEMA,6,12041203,6/4/16,3,3,A6,A5,6.25,18.75,True,True,False,A6->A3->A5
PEMA,6,12571258,5/13/16,2,1,F4,F4,0.0,0.0,False,False,False,F4->F4
PEMA,6,12571258,5/14/16,2,2,F4,E3,8.838834764831844,8.838834764831844,True,True,False,F4->E3
PEMA,6,12571258,6/2/16,2,2,G5,G3,12.5,12.5,True,True,False,G5->G3
PEMA,6,12571258,6/3/16,2,1,E4,E4,0.0,0.0,False,False,False,E4->E4
PEMA,6,12571258,6/4/16,2,2,D6,G3,26.516504294495533,26.516504294495533,True,True,False,D6->G3
PEMA,6,12571258,7/5/16,2,2,E6,F3,19.764235376052373,19.764235376052373,True,True,False,E6->F3
PEMA,6,12791282,3/3/16,2,2,E6,D7,8.838834764831844,8.838834764831844,True,True,False,E6->D7
PEMA,6,13181319,5/14/16,2,1,F4,F4,0.0,0.0,False,False,False,F4->F4
PEMA,6,13251324,4/2/16,3,1,A4,A4,0.0,0.0,False,False,False,A4->A4->A4
PEMA,6,13251324,5/13/16,2,2,B4,B5,6.25,6.25,True,True,False,B4->B5
PEMA,6,13251324,5/14/16,3,2,B5,B5,0.0,8.838834764831844,False,True,True,B5->A4->B5
PEMA,6,13251324,6/2/16,2,2,B3,A4,8.838834764831844,8.838834764831844,True,True,False,B3->A4
PEMA,6,13251324,6/3/16,3,3,A6,B3,19.764235376052373,19.764235376052373,True,True,False,A6->A3->B3
PEMA,6,13251324,6/4/16,3,1,B3,B3,0.0,0.0,False,False,False,B3->B3->B3
PEMA,6,13251324,7/5/16,2,2,B4,A3,8.838834764831844,8.838834764831844,True,True,False,B4->A3
PEMA,6,13251324,7/6/16,3,2,A6,B3,19.764235376052373,19.764235376052373,True,True,False,A6->B3->B3
PEMA,6,13591387,5/12/16,2,1,D3,D3,0.0,0.0,False,False,False,D3->D3
PEMA,6,13591387,5/13/16,3,2,E3,D3,6.25,6.25,True,True,False,E3->D3->D3
PEMA,6,13591387,5/14/16,3,1,E6,E6,0.0,0.0,False,False,False,E6->E6->E6
PEMA,6,13881381,5/13/16,2,1,C5,C5,0.0,0.0,False,False,False,C5->C5
PEMA,6,13881381,5/14/16,3,2,E4,C5,13.975424859373685,13.975424859373685,True,True,False,E4->C5->C5
PEMA,6,13881381,6/2/16,2,2,D4,C5,8.838834764831844,8.838834764831844,True,True,False,D4->C5
PEMA,6,13881381,6/3/16,2,1,D4,D4,0.0,0.0,False,False,False,D4->D4
PEMA,6,13881381,6/4/16,3,2,D4,C5,8.838834764831844,8.838834764831844,True,True,False,D4->D4->C5
PEMA,6,14021401,5/13/16,2,2,G3,G1,12.5,12.5,True,True,False,G3->G1
PEMA,6,14021401,5/14/16,2,2,G3,G1,12.5,12.5,True,True,False,G3->G1
PEMA,6,14021401,6/2/16,2,2,G3,G6,18.75,18.75,True,True,False,G3->G6
PEMA,6,14021401,6/3/16,2,1,G3,G3,0.0,0.0,False,False,False,G3->G3
PEMA,6,14021401,6/4/16,2,1,E4,E4,0.0,0.0,False,False,False,E4->E4
PEMA,6,14021401,7/5/16,3,3,G7,G5,12.5,18.75,True,True,False,G7->G4->G5
PEMA,6,14471448,5/14/16,2,1,B7,B7,0.0,0.0,False,False,False,B7->B7
PEMA,6,14471448,6/2/16,2,1,A3,A3,0.0,0.0,False,False,False,A3->A3
PEMA,6,14471448,6/3/16,2,2,A3,A6,18.75,18.75,True,True,False,A3->A6
PEMA,6,14471448,6/4/16,3,3,B6,A6,6.25,8.838834764831844,True,True,False,B6->B5->A6
PEMA,6,14471448,7/5/16,3,3,E7,D5,13.975424859373685,13.975424859373685,True,True,False,E7->D6->D5
PEMA,6,14471448,7/6/16,2,2,E3,D6,19.764235376052373,19.764235376052373,True,True,False,E3->D6
PEMA,6,14581412,6/2/16,2,2,B2,C2,6.25,6.25,True,True,False,B2->C2
PEMA,6,14581412,6/3/16,2,2,C2,D2,6.25,6.25,True,True,False,C2->D2
PEMA,6,351352,1/13/16,2,1,B4,B4,0.0,0.0,False,False,False,B4->B4
PEMA,6,386387,1/14/16,2,2,F5,E2,19.764235376052373,19.764235376052373,True,True,False,F5->E2
PEMA,6,572573,8/10/15,2,2,B2,B3,6.25,6.25,True,True,False,B2->B3
PEMA,6,572573,9/18/15,3,2,A2,B1,8.838834764831844,8.838834764831844,True,True,False,A2->A2->B1
PEMA,6,598599,8/13/15,2,1,D1,D1,0.0,0.0,False,False,False,D1->D1
PEMA,6,598599,9/16/15,2,1,F2,F2,0.0,0.0,False,False,False,F2->F2
PEMA,6,598599,9/19/15,2,1,D2,D2,0.0,0.0,False,False,False,D2->D2
PEMA,6,608607,8/12/15,2,2,A3,A6,18.75,18.75,True,True,False,A3->A6
PEMA,6,677678,9/16/15,2,2,C7,D4,19.764235376052373,19.764235376052373,True,True,False,C7->D4
PEMA,6,677678,9/19/15,2,2,E5,C7,17.67766952966369,17.67766952966369,True,True,False,E5->C7
PEMA,6,753754,11/8/15,2,2,D5,B7,17.67766952966369,17.67766952966369,True,True,False,D5->B7
PEMA,6,756755,1/13/16,2,2,B3,B4,6.25,6.25,True,True,False,B3->B4
PEMA,6,756755,1/14/16,2,2,B7,B3,25.0,25.0,True,True,False,B7->B3
PEMA,6,756755,11/10/15,3,2,A4,A3,6.25,6.25,True,True,False,A4->A4->A3
PEMA,6,756755,11/6/15,2,2,B4,C5,8.838834764831844,8.838834764831844,True,True,False,B4->C5
PEMA,6,756755,12/7/15,2,2,B3,E5,22.534695471649933,22.534695471649933,True,True,False,B3->E5
PEMA,6,756755,12/8/15,3,3,A4,B3,8.838834764831844,12.5,True,True,False,A4->B5->B3
PEMA,6,756755,12/9/15,3,3,A4,A3,6.25,8.838834764831844,True,True,False,A4->B4->A3
PEMA,6,756755,2/4/16,2,1,B4,B4,0.0,0.0,False,False,False,B4->B4
PEMA,6,756755,3/1/16,2,2,A4,C3,13.975424859373685,13.975424859373685,True,True,False,A4->C3
PEMA,6,756755,3/2/16,3,2,A5,E4,25.76941016011038,25.76941016011038,True,True,False,A5->A5->E4
PEMA,6,819830,11/10/15,2,2,E1,E2,6.25,6.25,True,True,False,E1->E2
PEMA,6,819830,2/3/16,3,2,F4,G4,6.25,6.25,True,True,False,F4->F4->G4
PEMA,6,819830,2/4/16,2,2,G5,G6,6.25,6.25,True,True,False,G5->G6
PEMA,6,845846,11/10/15,2,2,E6,B4,22.534695471649933,22.534695471649933,True,True,False,E6->B4
PEMA,6,866867,11/10/15,2,1,E1,E1,0.0,0.0,False,False,False,E1->E1
PEMA,6,866867,11/8/15,2,2,D1,E1,6.25,6.25,True,True,False,D1->E1
PEMA,6,blueblue,1/13/16,2,2,E7,G7,12.5,12.5,True,True,False,E7->G7
PEMA,6,missingmissing,11/10/15,2,2,B4,A3,8.838834764831844,8.838834764831844,True,True,False,B4->A3
PEMA,6,missingmissing,11/6/15,2,2,A7,D4,26.516504294495533,26.516504294495533,True,True,False,A7->D4
PEMA,6,missingmissing,11/8/15,2,2,E4,A4,25.0,25.0,True,True,False,E4->A4
PEMA,6,missingmissing,9/18/15,2,1,A7,A7,0.0,0.0,False,False,False,A7->A7
PEMA,6,purplepurple,4/1/16,2,1,F3,F3,0.0,0.0,False,False,False,F3->F3
PEMA,6,purplepurple,5/13/16,2,2,G1,F1,6.25,6.25,True,True,False,G1->F1
PEMA,6,purplepurple,5/14/16,3,2,G1,C1,25.0,25.0,True,True,False,G1->G1->C1
PEMA,6,redred,5/13/16,2,1,G7,G7,0.0,0.0,False,False,False,G7->G7
PEMA,6,redred,5/14/16,3,2,G5,F3,13.975424859373685,13.975424859373685,True,True,False,G5->F3->F3
PEMA,6,redred,7/5/16,2,2,B3,E1,22.534695471649933,22.534695471649933,True,True,False,B3->E1
PEMA,6,redred,7/6/16,2,2,A4,F1,36.443449342783126,36.443449342783126,True,True,False,A4->F1
PEMA,7,1022,4/1/16,2,2,G4,C3,25.76941016011038,25.76941016011038,True,True,False,G4->C3
PEMA,7,10991088,2/4/16,2,2,E6,F6,6.25,6.25,True,True,False,E6->F6
PEMA,7,11281103,3/1/16,3,3,B6,C6,6.25,13.975424859373685,True,True,False,B6->B4->C6
PEMA,7,12381239,3/2/16,3,3,C2,A4,17.67766952966369,17.67766952966369,True,True,False,C2->B2->A4
PEMA,7,12381239,3/3/16,2,1,B2,B2,0.0,0.0,False,False,False,B2->B2
PEMA,7,12381239,4/2/16,2,2,D4,C4,6.25,6.25,True,True,False,D4->C4
PEMA,7,12381239,5/12/16,2,1,C3,C3,0.0,0.0,False,False,False,C3->C3
PEMA,7,12381239,5/13/16,2,2,A1,B4,19.764235376052373,19.764235376052373,True,True,False,A1->B4
PEMA,7,12381239,5/14/16,2,2,A6,B4,13.975424859373685,13.975424859373685,True,True,False,A6->B4
PEMA,7,12381239,7/5/16,2,2,A1,B1,6.25,6.25,True,True,False,A1->B1
PEMA,7,1260,4/1/16,2,2,D1,F2,13.975424859373685,13.975424859373685,True,True,False,D1->F2
PEMA,7,1260,4/2/16,2,2,F2,G1,8.838834764831844,8.838834764831844,True,True,False,F2->G1
PEMA,7,1260,5/13/16,2,1,E1,E1,0.0,0.0,False,False,False,E1->E1
PEMA,7,1260,5/14/16,3,2,G1,E1,12.5,12.5,True,True,False,G1->G1->E1
PEMA,7,13051301,5/12/16,2,1,E5,E5,0.0,0.0,False,False,False,E5->E5
PEMA,7,13051301,5/13/16,3,3,C3,D6,19.764235376052373,19.764235376052373,True,True,False,C3->D5->D6
PEMA,7,13051301,5/14/16,2,2,D6,D7,6.25,6.25,True,True,False,D6->D7
PEMA,7,13051301,6/2/16,2,2,D3,E3,6.25,6.25,True,True,False,D3->E3
PEMA,7,13051301,6/3/16,2,2,B7,C6,8.838834764831844,8.838834764831844,True,True,False,B7->C6
PEMA,7,13051301,6/4/16,2,2,D7,E5,13.975424859373685,13.975424859373685,True,True,False,D7->E5
PEMA,7,13081329,5/13/16,3,1,B7,B7,0.0,0.0,False,False,False,B7->B7->B7
PEMA,7,13081329,5/14/16,3,1,B7,B7,0.0,0.0,False,False,False,B7->B7->B7
PEMA,7,13201321,4/2/16,2,2,G4,G7,18.75,18.75,True,True,False,G4->G7
PEMA,7,13621363,5/13/16,2,1,A1,A1,0.0,0.0,False,False,False,A1->A1
PEMA,7,13621363,5/14/16,2,1,A1,A1,0.0,0.0,False,False,False,A1->A1
PEMA,7,13621363,6/2/16,2,2,C1,B2,8.838834764831844,8.838834764831844,True,True,False,C1->B2
PEMA,7,13621363,6/3/16,2,2,A2,B2,6.25,6.25,True,True,False,A2->B2
PEMA,7,13621363,7/6/16,2,1,B2,B2,0.0,0.0,False,False,False,B2->B2
PEMA,7,13621363,7/7/16,2,1,A1,A1,0.0,0.0,False,False,False,A1->A1
PEMA,7,13791367,5/14/16,3,2,D3,C3,6.25,6.25,True,True,False,D3->C3->C3
PEMA,7,13791367,6/2/16,2,2,C3,C6,18.75,18.75,True,True,False,C3->C6
PEMA,7,13791367,7/5/16,2,2,A6,B5,8.838834764831844,8.838834764831844,True,True,False,A6->B5
PEMA,7,13961395,5/13/16,2,2,B1,D2,13.975424859373685,13.975424859373685,True,True,False,B1->D2
PEMA,7,13961395,7/6/16,2,1,B1,B1,0.0,0.0,False,False,False,B1->B1
PEMA,7,19891988,7/6/16,2,1,A6,A6,0.0,0.0,False,False,False,A6->A6
PEMA,7,348347,12/6/15,2,2,E5,E6,6.25,6.25,True,True,False,E5->E6
PEMA,7,348347,2/4/16,2,2,B4,A1,19.764235376052373,19.764235376052373,True,True,False,B4->A1
PEMA,7,348347,3/1/16,2,2,D6,B2,27.95084971874737,27.95084971874737,True,True,False,D6->B2
PEMA,7,348347,3/2/16,2,2,F5,F7,12.5,12.5,True,True,False,F5->F7
PEMA,7,358357,1/14/16,2,2,G2,F1,8.838834764831844,8.838834764831844,True,True,False,G2->F1
PEMA,7,358357,2/2/16,2,2,G2,G1,6.25,6.25,True,True,False,G2->G1
PEMA,7,358357,2/3/16,3,2,G2,G2,0.0,6.25,False,True,True,G2->G1->G2
PEMA,7,358357,2/4/16,3,3,G2,F1,8.838834764831844,8.838834764831844,True,True,False,G2->F2->F1
PEMA,7,590591,9/16/15,2,2,G1,G7,37.5,37.5,True,True,False,G1->G7
PEMA,7,854853,2/4/16,2,2,C7,B7,6.25,6.25,True,True,False,C7->B7
PEMA,7,missingmissing,9/16/15,2,2,F2,E2,6.25,6.25,True,True,False,F2->E2
PEMA,8,11841170,2/4/16,2,2,C5,C1,25.0,25.0,True,True,False,C5->C1
PEMA,8,13301484,6/4/16,2,2,G4,D4,18.75,18.75,True,True,False,G4->D4
PEMA,8,13301484,7/5/16,2,2,E6,D7,8.838834764831844,8.838834764831844,True,True,False,E6->D7
PEMA,8,13301484,7/6/16,2,2,A6,B1,31.868871959954905,31.868871959954905,True,True,False,A6->B1
PEMA,8,13301484,7/7/16,2,2,B1,F2,25.76941016011038,25.76941016011038,True,True,False,B1->F2
PEMA,8,1391,5/13/16,3,1,E4,E4,0.0,0.0,False,False,False,E4->E4->E4
PEMA,8,1391,5/14/16,3,2,F2,G6,25.76941016011038,25.76941016011038,True,True,False,F2->G6->G6
PEMA,8,19021901,6/2/16,2,1,A3,A3,0.0,0.0,False,False,False,A3->A3
PEMA,8,19021901,7/7/16,2,2,G2,C3,25.76941016011038,25.76941016011038,True,True,False,G2->C3
PEMA,8,19261927,6/3/16,2,2,D1,A6,36.443449342783126,36.443449342783126,True,True,False,D1->A6
PEMA,8,550,8/12/15,3,3,E7,F7,6.25,13.975424859373685,True,True,False,E7->E5->F7
PEMA,8,585586,8/10/15,3,1,B5,B5,0.0,0.0,False,False,False,B5->B5->B5
PEMA,8,585586,8/12/15,4,3,B4,B4,0.0,12.5,False,True,True,B4->B5->B3->B4
PEMA,8,585586,8/13/15,3,2,B5,B5,0.0,12.5,False,True,True,B5->B3->B5
PEMA,8,585586,9/16/15,3,1,A1,A1,0.0,0.0,False,False,False,A1->A1->A1
PEMA,8,585586,9/18/15,3,2,A1,C2,13.975424859373685,13.975424859373685,True,True,False,A1->C2->C2
PEMA,8,585586,9/19/15,3,3,B2,B7,31.25,38.017265814363874,True,True,False,B2->C1->B7
PEMA,8,671631,10/10/15,3,1,E6,E6,0.0,0.0,False,False,False,E6->E6->E6
PEMA,8,671631,10/12/15,2,1,F3,F3,0.0,0.0,False,False,False,F3->F3
PEMA,8,671631,9/16/15,3,3,G6,E7,13.975424859373685,13.975424859373685,True,True,False,G6->G7->E7
PEMA,8,671631,9/18/15,3,1,G7,G7,0.0,0.0,False,False,False,G7->G7->G7
PEMA,8,671631,9/19/15,4,3,G7,F5,13.975424859373685,17.67766952966369,True,True,False,G7->F5->E5->F5
PEMA,8,733734,9/16/15,3,2,A6,A6,0.0,6.25,False,True,True,A6->A5->A6
PEMA,8,733734,9/18/15,3,3,A7,A3,25.0,25.76941016011038,True,True,False,A7->B7->A3
PEMA,8,781782,3/1/16,3,2,A3,A2,6.25,6.25,True,True,False,A3->A3->A2
PEMA,8,781782,3/2/16,3,2,A3,A2,6.25,6.25,True,True,False,A3->A3->A2
PEMA,8,781782,3/3/16,2,2,A1,A2,6.25,6.25,True,True,False,A1->A2
PEMA,8,blueblue,3/1/16,3,3,F6,G3,19.764235376052373,25.0,True,True,False,F6->G7->G3
PEMA,8,green at base,3/3/16,2,1,F5,F5,0.0,0.0,False,False,False,F5->F5
PEMA,8,greenblue,9/19/15,3,1,F7,F7,0.0,0.0,False,False,False,F7->F7->F7
PEMA,8,greengreen,2/4/16,3,2,A6,E4,27.95084971874737,27.95084971874737,True,True,False,A6->A6->E4
PEMA,8,greengreen,3/1/16,3,3,G7,F6,8.838834764831844,13.975424859373685,True,True,False,G7->F5->F6
PEMA,8,greengreen,3/2/16,3,1,G7,G7,0.0,0.0,False,False,False,G7->G7->G7
PEMA,8,greengreen,3/3/16,2,2,G7,D7,18.75,18.75,True,True,False,G7->D7
PEMA,8,missingmissing,11/6/15,3,1,E7,E7,0.0,0.0,False,False,False,E7->E7->E7
PEMA,8,missingmissing,11/7/15,3,3,E7,F5,13.975424859373685,13.975424859373685,True,True,False,E7->G7->F5
PEMA,8,purplepurple,9/16/15,2,2,E7,F5,13.975424859373685,13.975424859373685,True,True,False,E7->F5
PEMA,8,redred,2/3/16,2,2,G3,G5,12.5,12.5,True,True,False,G3->G5
PEMA,8,redred,2/4/16,2,2,F4,E5,8.838834764831844,8.838834764831844,True,True,False,F4->E5
PEMA,8,redred,3/2/16,3,1,F4,F4,0.0,0.0,False,False,False,F4->F4->F4
