"profile","g0","sigma_true_m","rho_release_location","release_jitter_sd_m","replicate","seed","representation","detections","observed_nights","repeat_nights","repeat_fraction","one_spacing_shift_fraction","median_first_last_span_m","fit_ok","sigma_hat","sigma_lcl","sigma_ucl","rel_error","covers_true","fit_error"
"PEMA_like",0.09,5,0,0,1,20361004,"FIRST",82,82,14,0.170731707317073,0.785714285714286,6.25,FALSE,NA,NA,NA,NA,NA,"failed to match some capture locations to detector sites"
"PEMA_like",0.09,5,0,0,1,20361004,"LAST",82,82,14,0.170731707317073,0.785714285714286,6.25,FALSE,NA,NA,NA,NA,NA,"failed to match some capture locations to detector sites"
"PEMA_like",0.09,5,0,0,1,20361004,"CHECK",98,82,14,0.170731707317073,0.785714285714286,6.25,FALSE,NA,NA,NA,NA,NA,"failed to match some capture locations to detector sites"
"PEMA_like",0.09,5,0,0,2,20361005,"FIRST",107,107,34,0.317757009345794,0.911764705882353,6.25,FALSE,NA,NA,NA,NA,NA,"failed to match some capture locations to detector sites"
"PEMA_like",0.09,5,0,0,2,20361005,"LAST",107,107,34,0.317757009345794,0.911764705882353,6.25,FALSE,NA,NA,NA,NA,NA,"failed to match some capture locations to detector sites"
"PEMA_like",0.09,5,0,0,2,20361005,"CHECK",149,107,34,0.317757009345794,0.911764705882353,6.25,FALSE,NA,NA,NA,NA,NA,"failed to match some capture locations to detector sites"
"PEMA_like",0.09,5,0,0,3,20361006,"FIRST",76,76,29,0.381578947368421,0.862068965517241,6.25,FALSE,NA,NA,NA,NA,NA,"failed to match some capture locations to detector sites"
"PEMA_like",0.09,5,0,0,3,20361006,"LAST",76,76,29,0.381578947368421,0.862068965517241,6.25,FALSE,NA,NA,NA,NA,NA,"failed to match some capture locations to detector sites"
"PEMA_like",0.09,5,0,0,3,20361006,"CHECK",112,76,29,0.381578947368421,0.862068965517241,6.25,FALSE,NA,NA,NA,NA,NA,"failed to match some capture locations to detector sites"
"PEMA_like",0.09,5,1,0,1,20461004,"FIRST",86,86,38,0.441860465116279,0.552631578947368,6.25,FALSE,NA,NA,NA,NA,NA,"failed to match some capture locations to detector sites"
"PEMA_like",0.09,5,1,0,1,20461004,"LAST",86,86,38,0.441860465116279,0.552631578947368,6.25,FALSE,NA,NA,NA,NA,NA,"failed to match some capture locations to detector sites"
"PEMA_like",0.09,5,1,0,1,20461004,"CHECK",128,86,38,0.441860465116279,0.552631578947368,6.25,FALSE,NA,NA,NA,NA,NA,"failed to match some capture locations to detector sites"
"PEMA_like",0.09,5,1,0,2,20461005,"FIRST",61,61,20,0.327868852459016,0.8,6.25,FALSE,NA,NA,NA,NA,NA,"failed to match some capture locations to detector sites"
"PEMA_like",0.09,5,1,0,2,20461005,"LAST",61,61,20,0.327868852459016,0.8,6.25,FALSE,NA,NA,NA,NA,NA,"failed to match some capture locations to detector sites"
"PEMA_like",0.09,5,1,0,2,20461005,"CHECK",82,61,20,0.327868852459016,0.8,6.25,FALSE,NA,NA,NA,NA,NA,"failed to match some capture locations to detector sites"
"PEMA_like",0.09,5,1,0,3,20461006,"FIRST",79,79,29,0.367088607594937,0.793103448275862,6.25,FALSE,NA,NA,NA,NA,NA,"failed to match some capture locations to detector sites"
"PEMA_like",0.09,5,1,0,3,20461006,"LAST",79,79,29,0.367088607594937,0.793103448275862,6.25,FALSE,NA,NA,NA,NA,NA,"failed to match some capture locations to detector sites"
"PEMA_like",0.09,5,1,0,3,20461006,"CHECK",115,79,29,0.367088607594937,0.793103448275862,6.25,FALSE,NA,NA,NA,NA,NA,"failed to match some capture locations to detector sites"
"PEMA_like",0.09,5,0,1.5,1,20561004,"FIRST",74,74,26,0.351351351351351,0.846153846153846,6.25,FALSE,NA,NA,NA,NA,NA,"failed to match some capture locations to detector sites"
"PEMA_like",0.09,5,0,1.5,1,20561004,"LAST",74,74,26,0.351351351351351,0.846153846153846,6.25,FALSE,NA,NA,NA,NA,NA,"failed to match some capture locations to detector sites"
"PEMA_like",0.09,5,0,1.5,1,20561004,"CHECK",104,74,26,0.351351351351351,0.846153846153846,6.25,FALSE,NA,NA,NA,NA,NA,"failed to match some capture locations to detector sites"
"PEMA_like",0.09,5,0,1.5,2,20561005,"FIRST",124,124,33,0.266129032258065,0.757575757575758,6.25,FALSE,NA,NA,NA,NA,NA,"failed to match some capture locations to detector sites"
"PEMA_like",0.09,5,0,1.5,2,20561005,"LAST",124,124,33,0.266129032258065,0.757575757575758,6.25,FALSE,NA,NA,NA,NA,NA,"failed to match some capture locations to detector sites"
"PEMA_like",0.09,5,0,1.5,2,20561005,"CHECK",166,124,33,0.266129032258065,0.757575757575758,6.25,FALSE,NA,NA,NA,NA,NA,"failed to match some capture locations to detector sites"
"PEMA_like",0.09,5,0,1.5,3,20561006,"FIRST",90,90,35,0.388888888888889,0.914285714285714,8.83883476483184,FALSE,NA,NA,NA,NA,NA,"failed to match some capture locations to detector sites"
"PEMA_like",0.09,5,0,1.5,3,20561006,"LAST",90,90,35,0.388888888888889,0.914285714285714,8.83883476483184,FALSE,NA,NA,NA,NA,NA,"failed to match some capture locations to detector sites"
"PEMA_like",0.09,5,0,1.5,3,20561006,"CHECK",130,90,35,0.388888888888889,0.914285714285714,8.83883476483184,FALSE,NA,NA,NA,NA,NA,"failed to match some capture locations to detector sites"
"PEMA_like",0.09,5,1,1.5,1,20661004,"FIRST",93,93,35,0.376344086021505,0.742857142857143,6.25,FALSE,NA,NA,NA,NA,NA,"failed to match some capture locations to detector sites"
"PEMA_like",0.09,5,1,1.5,1,20661004,"LAST",93,93,35,0.376344086021505,0.742857142857143,6.25,FALSE,NA,NA,NA,NA,NA,"failed to match some capture locations to detector sites"
"PEMA_like",0.09,5,1,1.5,1,20661004,"CHECK",138,93,35,0.376344086021505,0.742857142857143,6.25,FALSE,NA,NA,NA,NA,NA,"failed to match some capture locations to detector sites"
"PEMA_like",0.09,5,1,1.5,2,20661005,"FIRST",85,85,30,0.352941176470588,0.666666666666667,6.25,FALSE,NA,NA,NA,NA,NA,"failed to match some capture locations to detector sites"
"PEMA_like",0.09,5,1,1.5,2,20661005,"LAST",85,85,30,0.352941176470588,0.666666666666667,6.25,FALSE,NA,NA,NA,NA,NA,"failed to match some capture locations to detector sites"
"PEMA_like",0.09,5,1,1.5,2,20661005,"CHECK",121,85,30,0.352941176470588,0.666666666666667,6.25,FALSE,NA,NA,NA,NA,NA,"failed to match some capture locations to detector sites"
"PEMA_like",0.09,5,1,1.5,3,20661006,"FIRST",86,86,26,0.302325581395349,0.653846153846154,6.25,FALSE,NA,NA,NA,NA,NA,"failed to match some capture locations to detector sites"
"PEMA_like",0.09,5,1,1.5,3,20661006,"LAST",86,86,26,0.302325581395349,0.653846153846154,6.25,FALSE,NA,NA,NA,NA,NA,"failed to match some capture locations to detector sites"
"PEMA_like",0.09,5,1,1.5,3,20661006,"CHECK",115,86,26,0.302325581395349,0.653846153846154,6.25,FALSE,NA,NA,NA,NA,NA,"failed to match some capture locations to detector sites"
"PEMA_like",0.09,5,0,12.5,1,20761004,"FIRST",69,69,12,0.173913043478261,0.916666666666667,13.9754248593737,FALSE,NA,NA,NA,NA,NA,"failed to match some capture locations to detector sites"
"PEMA_like",0.09,5,0,12.5,1,20761004,"LAST",69,69,12,0.173913043478261,0.916666666666667,13.9754248593737,FALSE,NA,NA,NA,NA,NA,"failed to match some capture locations to detector sites"
"PEMA_like",0.09,5,0,12.5,1,20761004,"CHECK",84,69,12,0.173913043478261,0.916666666666667,13.9754248593737,FALSE,NA,NA,NA,NA,NA,"failed to match some capture locations to detector sites"
"PEMA_like",0.09,5,0,12.5,2,20761005,"FIRST",83,83,24,0.289156626506024,1,12.5,FALSE,NA,NA,NA,NA,NA,"failed to match some capture locations to detector sites"
"PEMA_like",0.09,5,0,12.5,2,20761005,"LAST",83,83,24,0.289156626506024,1,12.5,FALSE,NA,NA,NA,NA,NA,"failed to match some capture locations to detector sites"
"PEMA_like",0.09,5,0,12.5,2,20761005,"CHECK",111,83,24,0.289156626506024,1,12.5,FALSE,NA,NA,NA,NA,NA,"failed to match some capture locations to detector sites"
"PEMA_like",0.09,5,0,12.5,3,20761006,"FIRST",91,91,28,0.307692307692308,0.964285714285714,13.2377124296868,FALSE,NA,NA,NA,NA,NA,"failed to match some capture locations to detector sites"
"PEMA_like",0.09,5,0,12.5,3,20761006,"LAST",91,91,28,0.307692307692308,0.964285714285714,13.2377124296868,FALSE,NA,NA,NA,NA,NA,"failed to match some capture locations to detector sites"
"PEMA_like",0.09,5,0,12.5,3,20761006,"CHECK",122,91,28,0.307692307692308,0.964285714285714,13.2377124296868,FALSE,NA,NA,NA,NA,NA,"failed to match some capture locations to detector sites"
"PEMA_like",0.09,5,1,12.5,1,20861004,"FIRST",109,109,25,0.229357798165138,1,13.9754248593737,FALSE,NA,NA,NA,NA,NA,"failed to match some capture locations to detector sites"
"PEMA_like",0.09,5,1,12.5,1,20861004,"LAST",109,109,25,0.229357798165138,1,13.9754248593737,FALSE,NA,NA,NA,NA,NA,"failed to match some capture locations to detector sites"
"PEMA_like",0.09,5,1,12.5,1,20861004,"CHECK",140,109,25,0.229357798165138,1,13.9754248593737,FALSE,NA,NA,NA,NA,NA,"failed to match some capture locations to detector sites"
"PEMA_like",0.09,5,1,12.5,2,20861005,"FIRST",72,72,25,0.347222222222222,0.96,17.6776695296637,FALSE,NA,NA,NA,NA,NA,"failed to match some capture locations to detector sites"
"PEMA_like",0.09,5,1,12.5,2,20861005,"LAST",72,72,25,0.347222222222222,0.96,17.6776695296637,FALSE,NA,NA,NA,NA,NA,"failed to match some capture locations to detector sites"
"PEMA_like",0.09,5,1,12.5,2,20861005,"CHECK",105,72,25,0.347222222222222,0.96,17.6776695296637,FALSE,NA,NA,NA,NA,NA,"failed to match some capture locations to detector sites"
"PEMA_like",0.09,5,1,12.5,3,20861006,"FIRST",109,109,30,0.275229357798165,0.966666666666667,13.2377124296868,FALSE,NA,NA,NA,NA,NA,"failed to match some capture locations to detector sites"
"PEMA_like",0.09,5,1,12.5,3,20861006,"LAST",109,109,30,0.275229357798165,0.966666666666667,13.2377124296868,FALSE,NA,NA,NA,NA,NA,"failed to match some capture locations to detector sites"
"PEMA_like",0.09,5,1,12.5,3,20861006,"CHECK",144,109,30,0.275229357798165,0.966666666666667,13.2377124296868,FALSE,NA,NA,NA,NA,NA,"failed to match some capture locations to detector sites"
