"scenario","replicate","seed","sigma_spacing","sigma_true_m","shift_spacing","shift_m","response_probability","n_raw_detections","n_detected_individuals","detected_nights","repeat_capture_nights","repeat_capture_fraction","material_shift_fraction","median_span_m","median_changed_span_m","check_status","first_status","last_status","check_message","first_message","last_message","sigma_check_m","sigma_first_m","sigma_last_m","relative_bias_check","relative_bias_first","relative_bias_last","delta_first_check","delta_last_check","delta_last_first"
1,1,20361002,0.5,3.125,0,0,0.7,37,14,31,5,0.161290322580645,0.4,0,7.54441738241592,"ok","ok","ok","","","",1.6036722231827,1.49369228487426,1.46314458184542,-0.486824888581537,-0.522018468840236,-0.531793733809467,-0.0685800606374316,-0.0876286558473812,-0.0204511353095853
1,2,20361003,0.5,3.125,0,0,0.7,42,12,32,9,0.28125,0.555555555555556,6.25,6.25,"ok","ok","ok","","","",3.7746975782224,3.49578701659598,3.33899880800501,0.207903225031168,0.118651845310712,0.0684796185616017,-0.073889511900387,-0.115426139760467,-0.0448506181431049
1,3,20361004,0.5,3.125,0,0,0.7,37,14,31,6,0.193548387096774,0.5,3.125,6.25,"ok","ok","ok","","","",1.47539151100589,1.46980574874931,1.52028800013242,-0.527874716478116,-0.529662160400221,-0.513507839957626,-0.0037859525521923,0.0304302205832281,0.0343462062426027
1,4,20361005,0.5,3.125,0,0,0.7,46,15,36,9,0.25,0.777777777777778,6.25,6.25,"ok","ok","ok","","","",3.42550978017504,3.63729015167484,3.6387751802235,0.0961631296560118,0.163932848535948,0.164408057671521,0.0618244830960546,0.0622580035481807,0.000408278824822446
1,5,20361006,0.5,3.125,0,0,0.7,41,14,33,8,0.242424242424242,0.625,6.25,6.25,"ok","ok","ok","","","",3.13518163982001,3.20778680268427,3.29099135713153,0.00325812474240166,0.0264917768589667,0.0531172342820911,0.0231581998127656,0.0496971898956625,0.0259383056185773
1,6,20361007,0.5,3.125,0,0,0.7,49,22,40,8,0.2,0.625,6.25,6.25,"ok","ok","ok","","","",1.50297920649897,1.48806721684193,1.50645150134656,-0.519046653920329,-0.523818490610582,-0.5179355195691,-0.00992162073338097,0.00231027470811104,0.0123544718253039
1,7,20361008,0.5,3.125,0,0,0.7,22,11,18,4,0.222222222222222,0.5,3.125,6.25,"ok","ok","ok","","","",1.49480192478288,1.48211647675147,1.51637412877372,-0.521663384069479,-0.525722727439528,-0.51476027879241,-0.00848637389415023,0.0144314799393725,0.0231140079471546
1,8,20361009,0.5,3.125,0,0,0.7,37,13,32,5,0.15625,0.6,6.25,6.25,"ok","ok","ok","","","",1.49448998549629,1.4799200542146,1.46240562498155,-0.521763204641186,-0.526425582651328,-0.532030200005905,-0.0097490993068499,-0.0214684346005114,-0.011834713086813
1,9,20361010,0.5,3.125,0,0,0.7,31,12,26,5,0.192307692307692,0.8,6.25,6.25,"ok","ok","ok","","","",3.24931075737982,1.48664403066112,1.49204198175996,0.0397794423615413,-0.524273910188442,-0.522546565836812,-0.542474037829511,-0.540812777487888,0.0036309640959869
1,10,20361011,0.5,3.125,0,0,0.7,40,19,37,3,0.0810810810810811,1,8.83883476483184,8.83883476483184,"ok","ok","ok","","","",3.65692028349922,3.40704251669752,3.72768241437328,0.170214490719752,0.090253605343205,0.192858372599451,-0.0683301104290427,0.0193501978135407,0.09411091763732
1,11,20361012,0.5,3.125,0,0,0.7,57,21,47,9,0.191489361702128,0.666666666666667,6.25,6.25,"ok","ok","ok","","","",3.06769409613243,3.10080608398564,3.20408070622703,-0.018337889237622,-0.00774205312459557,0.02530582599265,0.0107937710917634,0.0444589994375737,0.0333057338782849
1,12,20361013,0.5,3.125,0,0,0.7,17,10,16,1,0.0625,0,0,,"ok","ok","ok","","","",1.49256274596679,1.50372306261069,1.49053326279195,-0.522379921290628,-0.518808619964578,-0.523029355906575,0.00747728473999857,-0.00135973055760492,-0.00877142882668971
2,1,20461002,0.5,3.125,1,6.25,0.7,44,14,36,8,0.222222222222222,0.75,6.25,6.25,"ok","ok","ok","","","",3.4537913408233,3.17922393954822,3.58599486481002,0.105213229063455,0.0173516606554288,0.147518356739207,-0.0794973911798715,0.0382777970470007,0.127946609926324
2,2,20461003,0.5,3.125,1,6.25,0.7,39,14,33,5,0.151515151515152,0.8,6.25,9.375,"ok","ok","ok","","","",3.65757368960783,3.17543209613088,3.81140711697245,0.170423580674506,0.0161382707618802,0.219650277431184,-0.131820062804709,0.0420588730178428,0.200279836440679
2,3,20461004,0.5,3.125,1,6.25,0.7,23,10,22,1,0.0454545454545455,1,6.25,6.25,"ok","ok","ok","","","",3.39912944539047,1.46209460691366,3.4317393119316,0.0877214225249519,-0.532129725787629,0.0981565798181134,-0.569862039559455,0.00959359361419783,1.34713902623283
2,4,20461005,0.5,3.125,1,6.25,0.7,50,16,39,8,0.205128205128205,0.875,6.25,6.25,"ok","ok","ok","","","",4.00188565409716,3.72932821498356,4.27728670864458,0.280603409311091,0.19338502879474,0.368731746766264,-0.0681072530981861,0.0688178219848584,0.146932225342742
2,5,20461006,0.5,3.125,1,6.25,0.7,44,18,39,5,0.128205128205128,0.8,6.25,7.54441738241592,"ok","ok","ok","","","",3.5908428497322,1.51065441547134,3.73154164800763,0.149069711914305,-0.51659058704917,0.194093327362442,-0.579303668055536,0.0391826666226627,1.47014910213157
2,6,20461007,0.5,3.125,1,6.25,0.7,39,16,32,7,0.21875,0.857142857142857,8.83883476483184,8.83883476483184,"ok","ok","ok","","","",3.82266427561107,3.35465638818954,3.40304520917824,0.223252568195542,0.0734900442206514,0.0889744669370357,-0.122429764603568,-0.109771362635751,0.0144243747762244
2,7,20461008,0.5,3.125,1,6.25,0.7,34,15,31,3,0.0967741935483871,0.666666666666667,6.25,10.1127124296868,"ok","ok","ok","","","",3.47997093509277,3.53562028405626,1.4967830843425,0.113590699229687,0.131398490898003,-0.5210294130104,0.0159913257901973,-0.569886325989503,-0.576656155330881
2,8,20461009,0.5,3.125,1,6.25,0.7,26,11,21,5,0.238095238095238,1,6.25,6.25,"ok","ok","ok","","","",3.37646927400253,1.47676083192944,1.53302871792295,0.0804701676808089,-0.527436533782578,-0.509430810264656,-0.562631639120807,-0.545966927723388,0.038102233467278
2,9,20461010,0.5,3.125,1,6.25,0.7,48,15,39,7,0.179487179487179,0.571428571428571,6.25,7.54441738241592,"ok","ok","ok","","","",3.61859521091211,3.5771307091337,3.85762642730695,0.157950467491876,0.144681826922785,0.234440456738223,-0.0114587289712229,0.066056356807753,0.0784136060382242
2,10,20461011,0.5,3.125,1,6.25,0.7,25,8,21,4,0.19047619047619,0.75,6.25,6.25,"ok","ok","ok","","","",3.41132015978505,3.52126229493106,3.42217408012241,0.0916224511312171,0.126803934377939,0.0950957056391697,0.0322286182464129,0.00318173605201441,-0.0281399698486798
2,11,20461012,0.5,3.125,1,6.25,0.7,40,15,33,6,0.181818181818182,0.5,3.125,6.25,"ok","ok","ok","","","",1.48449806798368,1.50968905718546,1.50276079569694,-0.524960618245221,-0.516899501700652,-0.51911654537698,0.0169693647604375,0.0123022913314116,-0.00458919765997599
2,12,20461013,0.5,3.125,1,6.25,0.7,38,14,32,6,0.1875,0.666666666666667,7.54441738241592,8.83883476483184,"ok","ok","ok","","","",3.29798068787676,1.50374051054833,1.52211017987907,0.0553538201205618,-0.518803036624534,-0.512924742438697,-0.544042050920425,-0.538472076117884,0.0122159835436246
3,1,20561002,0.5,3.125,2,12.5,0.7,39,13,31,6,0.193548387096774,1,13.2377124296868,13.2377124296868,"ok","ok","ok","","","",5.0558538220171,1.48636567371303,4.8832653489091,0.617873223045471,-0.52436298441183,0.562644911650913,-0.706010947697846,-0.0341363653269423,2.28537279572019
3,2,20561003,0.5,3.125,2,12.5,0.7,45,19,38,7,0.184210526315789,0.857142857142857,8.83883476483184,8.83883476483184,"ok","ok","ok","","","",3.63781038328159,1.48894185672416,3.65643861204201,0.164099322650109,-0.523538605848268,0.170060355853442,-0.59070383009325,0.00512072560076938,1.45572961464498
3,3,20561004,0.5,3.125,2,12.5,0.7,40,16,34,6,0.176470588235294,0.5,3.125,8.83883476483184,"ok","ok","ok","","","",3.70710886386968,3.48177588597565,3.84988683734225,0.186274836438297,0.114168283512208,0.231963787949521,-0.0607840196143616,0.0385146427352379,0.105725056241939
3,4,20561005,0.5,3.125,2,12.5,0.7,54,18,45,8,0.177777777777778,0.75,13.2377124296868,13.9754248593737,"ok","ok","ok","","","",4.79429608884952,3.19277983661994,4.55633767515759,0.534174748431846,0.021689547718382,0.458028056050428,-0.334046171231341,-0.049633649921074,0.427075435298784
3,5,20561006,0.5,3.125,2,12.5,0.7,29,15,26,3,0.115384615384615,1,12.5,12.5,"ok","ok","ok","","","",4.35470537754847,1.49367785194156,4.60833686485823,0.393505720815511,-0.522023087378702,0.474667796754633,-0.656996806341365,0.0582430877223982,2.08522808908767
3,6,20561007,0.5,3.125,2,12.5,0.7,16,8,15,1,0.0666666666666667,1,12.5,12.5,"ok","ok","ok","","","",4.00902390209208,1.5089502971452,1.50472311544281,0.282887648669465,-0.517135904913537,-0.518488603058302,-0.623611548846649,-0.62466596553401,-0.00280140552700047
3,7,20561008,0.5,3.125,2,12.5,0.7,17,10,15,2,0.133333333333333,1,10.1127124296868,10.1127124296868,"ok","ok","ok","","","",3.74988635076676,1.46416788419587,1.46215426922004,0.199963632245363,-0.53146627705732,-0.532110633849588,-0.609543397522837,-0.610080377790366,-0.00137526235725531
3,8,20561009,0.5,3.125,2,12.5,0.7,27,14,24,3,0.125,0.666666666666667,6.25,7.54441738241592,"ok","ok","ok","","","",1.50727191644412,1.50125294483288,1.47646282949848,-0.517672986737881,-0.519599057653478,-0.527531894560486,-0.00399328850061807,-0.0204402978716169,-0.0165129503457257
3,9,20561010,0.5,3.125,2,12.5,0.7,45,16,38,7,0.184210526315789,0.857142857142857,8.83883476483184,10.6694173824159,"ok","ok","ok","","","",4.47895106887958,1.46528747598895,4.86069708121927,0.433264342041466,-0.531108007683535,0.555423065990165,-0.672850305025659,0.0852311191770128,2.31723102863394
3,10,20561011,0.5,3.125,2,12.5,0.7,38,15,35,2,0.0571428571428571,0.5,3.125,6.25,"ok","ok","ok","","","",1.5803580248941,3.13927727792078,3.27392984777089,-0.494285432033887,0.00456872893464819,0.0476575512866849,0.986434231022513,1.07163806947497,0.042892856517376
3,11,20561012,0.5,3.125,2,12.5,0.7,40,16,33,6,0.181818181818182,1,6.25,6.25,"ok","ok","ok","","","",3.92474743017959,3.3220319112352,4.34598348622935,0.255919177657468,0.0630502115952629,0.390714715593394,-0.153567975944075,0.107328194627416,0.308230505411802
3,12,20561013,0.5,3.125,2,12.5,0.7,42,17,35,6,0.171428571428571,1,8.83883476483184,8.83883476483184,"ok","ok","ok","","","",4.55986809330973,3.2522211181923,4.7973154555764,0.459157789859112,0.0407107578215371,0.535140945784449,-0.286772982980804,0.0520732962900967,0.475088956510717
4,1,20661002,0.5,3.125,3,18.75,0.7,50,18,45,5,0.111111111111111,0.6,6.25,6.25,"ok","ok","ok","","","",4.12826362647998,1.51742235041646,4.09070610396507,0.321044360473595,-0.514424847866734,0.309025953268824,-0.632430850422625,-0.00909765603969794,1.6958256564775
4,2,20661003,0.5,3.125,3,18.75,0.7,53,19,44,8,0.181818181818182,1,8.83883476483184,8.83883476483184,"ok","ok","ok","","","",4.28880568827185,1.54647381733393,4.00779727975897,0.372417820246993,-0.505128378453143,0.282495129522871,-0.639416208208521,-0.0655213663051524,1.59157137666145
4,3,20661004,0.5,3.125,3,18.75,0.7,26,9,21,4,0.19047619047619,1,22.7668227680814,22.7668227680814,"ok","ok","ok","","","",8.06295067230866,1.49709401947326,6.62954617637468,1.58014421513877,-0.520929913768556,1.1214547764399,-0.814324298843242,-0.177776666903947,3.42827644098614
4,4,20661005,0.5,3.125,3,18.75,0.7,28,10,24,4,0.166666666666667,0.75,13.0071176880262,19.7642353760524,"ok","ok","ok","","","",5.9347014751818,1.50063029650511,5.79230095167753,0.899104472058177,-0.519798305118365,0.85353630453681,-0.747143086677475,-0.0239945554295825,2.85991204173839
4,5,20661006,0.5,3.125,3,18.75,0.7,51,17,46,3,0.0652173913043478,1,12.5,12.5,"ok","ok","ok","","","",4.60651106372139,3.23236120311817,4.24459288769325,0.474083540390845,0.0343555849978151,0.358269724061841,-0.29830599375422,-0.078566657286124,0.313155498710543
4,6,20661007,0.5,3.125,3,18.75,0.7,33,13,29,4,0.137931034482759,0.5,3.125,12.5,"ok","ok","ok","","","",4.11396918369843,1.49441415660696,4.07398632871744,0.316470138783496,-0.521787469885772,0.30367562518958,-0.636746390194519,-0.00971880274150288,1.72614275681605
4,7,20661008,0.5,3.125,3,18.75,0.7,41,19,38,3,0.0789473684210526,0.666666666666667,13.9754248593737,15.8265471945187,"ok","ok","ok","","","",4.79582515834337,3.64947773438108,4.98541802945239,0.534664050669878,0.167832875001946,0.595333769424764,-0.239030278651416,0.0395328988962792,0.366063418468251
4,8,20661009,0.5,3.125,3,18.75,0.7,31,12,24,7,0.291666666666667,0.714285714285714,12.5,13.9754248593737,"ok","ok","ok","","","",6.70700858516372,1.52338183275272,8.17096251423651,1.14624274725239,-0.512517813519131,1.61470800455568,-0.772867171197228,0.218272261095824,4.36369959163277
4,9,20661010,0.5,3.125,3,18.75,0.7,44,17,38,6,0.157894736842105,0.833333333333333,15.8265471945187,17.6776695296637,"ok","ok","ok","","","",5.56609557902905,1.50239712888268,4.77056457550351,0.781150585289297,-0.519232918757543,0.526580664161122,-0.730080609010175,-0.14292442381385,2.1753019782801
4,10,20661011,0.5,3.125,3,18.75,0.7,36,12,26,6,0.230769230769231,0.833333333333333,16.3627124296868,18.75,"ok","ok","ok","","","",7.60099195199996,3.4815544104628,6.10341930318571,1.43231742463999,0.114097411348095,0.953094177019429,-0.541960518778508,-0.19702331725535,0.753073077026649
4,11,20661012,0.5,3.125,3,18.75,0.7,53,20,44,8,0.181818181818182,0.875,9.375,12.5,"ok","ok","ok","","","",5.55307854547669,3.30218506839629,5.956678580404,0.776985134552541,0.0566992218868135,0.906137145729282,-0.405341552194302,0.0726804117071368,0.803859704113092
4,12,20661013,0.5,3.125,3,18.75,0.7,62,19,51,10,0.196078431372549,0.8,7.54441738241592,11.4071298121028,"ok","ok","ok","","","",5.0415238448932,3.61198727319016,5.19168608398716,0.613287630365824,0.155835927420851,0.661339546875893,-0.283552476529708,0.0297850895312282,0.437348941543139
5,1,20761002,1,6.25,0,0,0.7,90,19,58,24,0.413793103448276,0.833333333333333,7.54441738241592,12.5,"ok","ok","ok","","","",6.84082139839484,6.96706687801706,7.13968924879936,0.0945314237431747,0.114730700482729,0.142350279807897,0.0184547252836977,0.0436888836879503,0.0247769073850813
5,2,20761003,1,6.25,0,0,0.7,152,27,91,43,0.472527472527473,0.837209302325581,8.83883476483184,8.83883476483184,"ok","ok","ok","","","",6.53510059072327,6.58481804062146,6.70076399415763,0.0456160945157239,0.0535708864994332,0.072122239065221,0.00760775587276468,0.0253497863016094,0.0176080725117851
5,3,20761004,1,6.25,0,0,0.7,86,19,56,21,0.375,1,8.83883476483184,8.83883476483184,"ok","ok","ok","","","",6.06136573364664,6.54060522273748,6.41419852290736,-0.0301814826165378,0.0464968356379967,0.0262717636651783,0.07906460526389,0.0582101138200836,-0.0193264530613589
5,4,20761005,1,6.25,0,0,0.7,135,23,77,42,0.545454545454545,0.928571428571429,7.54441738241592,8.83883476483184,"ok","ok","ok","","","",6.04637243339006,6.13367532644092,5.4109357212367,-0.0325804106575906,-0.0186119477694521,-0.134250284602127,0.0144388877814986,-0.105093875568145,-0.117831408859978
5,5,20761006,1,6.25,0,0,0.7,139,26,81,43,0.530864197530864,0.953488372093023,8.83883476483184,8.83883476483184,"ok","ok","ok","","","",6.09749523189885,6.30296920299141,5.80725465813135,-0.0244007628961837,0.00847507247862524,-0.0708392546989845,0.0336980945909766,-0.0475999673192232,-0.0786477815288694
5,6,20761007,1,6.25,0,0,0.7,126,25,73,36,0.493150684931507,0.861111111111111,8.83883476483184,8.83883476483184,"ok","ok","ok","","","",6.29598440834003,6.08184345536454,5.7027450722344,0.00735750533440452,-0.0269050471416729,-0.0875607884424967,-0.0340123067477455,-0.0942250325969348,-0.0623328084506617
5,7,20761008,1,6.25,0,0,0.7,97,23,65,24,0.369230769230769,0.791666666666667,8.83883476483184,12.5,"ok","ok","ok","","","",6.40872636160988,6.61325419971321,6.42126688156477,0.0253962178575804,0.0581206719541143,0.0274027010503633,0.0319139602103341,0.00195678817401446,-0.0290306878203426
5,8,20761009,1,6.25,0,0,0.7,118,22,72,34,0.472222222222222,0.970588235294118,12.5,12.5,"ok","ok","ok","","","",6.40418385708365,6.65821743529248,6.52618062478697,0.0246694171333836,0.0653147896467966,0.0441888999659146,0.0396668153004143,0.0190495417411195,-0.0198306546442355
5,9,20761010,1,6.25,0,0,0.7,126,21,71,39,0.549295774647887,0.82051282051282,8.83883476483184,10.6694173824159,"ok","ok","ok","","","",5.93250284374525,5.62885043907101,5.38472526090354,-0.0507995450007597,-0.099383929748639,-0.138443958255434,-0.0511845358817471,-0.0923349886665872,-0.043370343698057
5,10,20761011,1,6.25,0,0,0.7,120,27,72,32,0.444444444444444,0.875,6.25,6.25,"ok","ok","ok","","","",6.11401481254386,6.14820542539996,6.00643733487548,-0.0217576299929824,-0.0162871319360057,-0.0389700264199236,0.00559217043209592,-0.0175952268626615,-0.0230584505096077
5,11,20761012,1,6.25,0,0,0.7,88,19,52,26,0.5,0.884615384615385,8.83883476483184,8.83883476483184,"ok","ok","ok","","","",5.71247355483582,5.69622499319076,5.54980580754847,-0.0860042312262694,-0.0886040010894777,-0.112031070792244,-0.0028444003265971,-0.028475886273406,-0.0257046001197846
5,12,20761013,1,6.25,0,0,0.7,137,25,83,37,0.44578313253012,0.891891891891892,8.83883476483184,8.83883476483184,"ok","ok","ok","","","",6.18364284042279,6.19447813113997,6.10880839965332,-0.0106171455323531,-0.00888349901760535,-0.0225906560554685,0.00175225041238512,-0.01210199920996,-0.0138300159711564
6,1,20861002,1,6.25,1,6.25,0.7,158,28,91,45,0.494505494505495,0.888888888888889,8.83883476483184,8.83883476483184,"ok","ok","ok","","","",6.47533494689848,6.20653376055542,6.92629120217983,0.0360535915037573,-0.00695459831113212,0.108206592348772,-0.0415115493711731,0.0696421511751047,0.115967699426482
6,2,20861003,1,6.25,1,6.25,0.7,89,16,52,23,0.442307692307692,0.869565217391304,8.83883476483184,12.5,"ok","ok","ok","","","",6.30911504559401,5.22077441059792,6.67090414404116,0.00945840729504226,-0.164676094304332,0.0673446630465852,-0.172502898921797,0.0573438740350439,0.277761423764938
6,3,20861004,1,6.25,1,6.25,0.7,75,18,52,19,0.365384615384615,0.842105263157895,8.83883476483184,8.83883476483184,"ok","ok","ok","","","",6.09241249003459,5.39929654770583,7.04656789449878,-0.0252140015944656,-0.136112552367068,0.127450863119805,-0.113767073956745,0.156613723385426,0.305089993157142
6,4,20861005,1,6.25,1,6.25,0.7,80,21,52,23,0.442307692307692,0.782608695652174,6.25,7.54441738241592,"ok","ok","ok","","","",5.94777421750242,5.22741470678504,4.97669826624768,-0.0483561251996136,-0.163613646914394,-0.203728277400371,-0.12111413183735,-0.163267117369244,-0.0479618424403812
6,5,20861006,1,6.25,1,6.25,0.7,155,27,93,44,0.473118279569892,0.909090909090909,8.83883476483184,8.83883476483184,"ok","ok","ok","","","",6.61084114526358,5.62025397043114,6.6982798564234,0.0577345832421726,-0.100759364731017,0.0717247770277436,-0.14984283437852,0.0132265636457571,0.191810884643983
6,6,20861007,1,6.25,1,6.25,0.7,97,22,61,29,0.475409836065574,0.896551724137931,8.83883476483184,8.83883476483184,"ok","ok","ok","","","",6.98194128109508,6.08376094168155,6.51410419670569,0.117110604975213,-0.0265982493309512,0.0422566714729105,-0.128643353367282,-0.0670067343098616,0.070736384803639
6,7,20861008,1,6.25,1,6.25,0.7,131,31,86,34,0.395348837209302,0.852941176470588,8.83883476483184,12.5,"ok","ok","ok","","","",7.06291421611291,6.21758499220593,8.07187280362842,0.130066274578066,-0.00518640124705172,0.291499648580547,-0.119685613904031,0.142853014583376,0.298232804818421
6,8,20861009,1,6.25,1,6.25,0.7,111,22,70,31,0.442857142857143,0.967741935483871,12.5,13.2377124296868,"ok","ok","ok","","","",6.78873314110387,5.83387781821541,6.16759560837239,0.0861973025766184,-0.0665795490855351,-0.0131847026604171,-0.140652947028817,-0.0914953526410782,0.0572034246440684
6,9,20861010,1,6.25,1,6.25,0.7,152,27,90,45,0.5,0.911111111111111,8.83883476483184,12.5,"ok","ok","ok","","","",6.63789847587706,6.28364688297012,6.13966473000974,0.0620637561403291,0.0053835012752198,-0.0176536431984421,-0.0533680342045494,-0.0750589584456531,-0.0229137880663864
6,10,20861011,1,6.25,1,6.25,0.7,139,20,73,44,0.602739726027397,0.909090909090909,8.83883476483184,8.83883476483184,"ok","ok","ok","","","",6.12503332835865,6.03496542661939,6.81324084374203,-0.0199946674626165,-0.0344055317408971,0.0901185349987254,-0.0147048835346322,0.112359799284196,0.128961039890929
6,11,20861012,1,6.25,1,6.25,0.7,98,20,62,29,0.467741935483871,0.896551724137931,12.5,12.5,"ok","ok","ok","","","",6.97442872412631,6.36340369650211,6.62525198549302,0.11590859586021,0.0181445914403383,0.0600403176788828,-0.0876093299958043,-0.0500652816804056,0.0411490927622331
6,12,20861013,1,6.25,1,6.25,0.7,124,26,71,35,0.492957746478873,0.885714285714286,12.5,12.5,"ok","ok","ok","","","",7.60112940511591,7.30924498344756,7.78754156490741,0.216180704818546,0.16947919735161,0.246006650385186,-0.0384001384678308,0.0245242713097391,0.0654372076107717
7,1,20961002,1,6.25,2,12.5,0.7,83,15,52,24,0.461538461538462,0.916666666666667,13.2377124296868,13.9754248593737,"ok","ok","ok","","","",7.57779998874263,5.99657112284197,7.69453651207858,0.21244799819882,-0.0405486203452847,0.231125841932573,-0.208665954267688,0.0154050678969325,0.28315604942444
7,2,20961003,1,6.25,2,12.5,0.7,82,17,52,24,0.461538461538462,0.958333333333333,10.6694173824159,12.5,"ok","ok","ok","","","",7.3037997227496,5.83434135484844,8.45787612327675,0.168607955639936,-0.0665053832242491,0.35326017972428,-0.201190944943923,0.15801041161253,0.449671112618068
7,3,20961004,1,6.25,2,12.5,0.7,140,28,87,36,0.413793103448276,0.833333333333333,8.83883476483184,12.5,"ok","ok","ok","","","",8.03239978068541,6.42279025278194,8.24171768353829,0.285183964909666,0.02764644044511,0.318674829366126,-0.200389618526448,0.0260591988158005,0.283198946122911
7,4,20961005,1,6.25,2,12.5,0.7,105,24,71,31,0.436619718309859,0.935483870967742,8.83883476483184,8.83883476483184,"ok","ok","ok","","","",7.97574927479455,7.22223678329866,8.76278681516546,0.276119883967128,0.155557885327786,0.402045890426474,-0.0944754487051367,0.0986788216698538,0.213306497431558
7,5,20961006,1,6.25,2,12.5,0.7,141,26,87,41,0.471264367816092,0.975609756097561,12.5,12.5,"ok","ok","ok","","","",7.87647845362166,5.82642484332392,8.73950598822981,0.260236552579466,-0.0677720250681726,0.398320958116769,-0.260275403832929,0.109570227315396,0.499977468729177
7,6,20961007,1,6.25,2,12.5,0.7,135,28,80,39,0.4875,0.871794871794872,12.5,13.9754248593737,"ok","ok","ok","","","",7.54340573920958,7.12622905684996,8.18256180856645,0.206944918273532,0.140196649095994,0.309209889370631,-0.0553034924518498,0.084730437610511,0.148231658467546
7,7,20961008,1,6.25,2,12.5,0.7,120,21,75,30,0.4,0.966666666666667,12.5,12.5,"ok","ok","ok","","","",7.86226941668587,6.44011464539463,8.30736160529022,0.257963106669739,0.030418343263141,0.329177856846435,-0.180883495072433,0.0566111595794145,0.289940018572631
7,8,20961009,1,6.25,2,12.5,0.7,137,26,89,34,0.382022471910112,1,13.9754248593737,13.9754248593737,"ok","ok","ok","","","",8.14132956510788,6.76475229607262,8.46384571325124,0.302612730417261,0.0823603673716194,0.354215314120198,-0.169085068725752,0.0396146778685385,0.251168607927455
7,9,20961010,1,6.25,2,12.5,0.7,115,27,77,27,0.350649350649351,0.888888888888889,8.83883476483184,8.83883476483184,"ok","ok","ok","","","",7.14003349893052,5.49399053699281,7.67045105098994,0.142405359828883,-0.12096151408115,0.227272168158391,-0.230537148345909,0.0742878240191551,0.396152941899393
7,10,20961011,1,6.25,2,12.5,0.7,129,23,83,34,0.409638554216867,0.970588235294118,13.9754248593737,13.9754248593737,"ok","ok","ok","","","",7.85652470515677,6.99474584025312,8.32640850751245,0.257043952825083,0.119159334440499,0.332225361201992,-0.109689576147836,0.0598080983627875,0.19038042234443
7,11,20961012,1,6.25,2,12.5,0.7,101,20,59,30,0.508474576271186,0.933333333333333,8.83883476483184,10.6694173824159,"ok","ok","ok","","","",7.85867384104628,6.46920856677984,8.48480090165673,0.257387814567404,0.035073370684775,0.357568144265077,-0.176806583702352,0.0796733740672836,0.311567066368396
7,12,20961013,1,6.25,2,12.5,0.7,109,24,72,26,0.361111111111111,0.961538461538462,12.5,12.5,"ok","ok","ok","","","",7.16093367644183,5.56669134906069,7.58931117477979,0.145749388230693,-0.109329384150289,0.214289787964767,-0.222630511524762,0.0598214587222398,0.363343267821089
8,1,21061002,1,6.25,3,18.75,0.7,87,18,59,24,0.406779661016949,1,13.9754248593737,13.9754248593737,"ok","ok","ok","","","",8.86070190649489,6.16657793684236,9.77948790167133,0.417712305039182,-0.0133475301052231,0.564718064267412,-0.304053109796837,0.103692236221486,0.585885721680993
8,2,21061003,1,6.25,3,18.75,0.7,118,22,74,28,0.378378378378378,0.785714285714286,12.5,15.8265471945187,"ok","ok","ok","","","",8.70188754004987,5.08877665023123,8.98652210563528,0.392302006407978,-0.185795735963003,0.437843536901645,-0.415210018882631,0.0327095201213992,0.765949406568461
8,3,21061004,1,6.25,3,18.75,0.7,130,28,90,30,0.333333333333333,1,17.6776695296637,17.6776695296637,"ok","ok","ok","","","",9.15862309514613,6.89713087444202,10.0518248729931,0.465379695223382,0.103540939910724,0.608291979678891,-0.246924914062972,0.097525770912039,0.457392219457668
8,4,21061005,1,6.25,3,18.75,0.7,93,22,65,23,0.353846153846154,1,13.9754248593737,13.9754248593737,"ok","ok","ok","","","",8.72500208999826,5.78987794081983,9.64595058798727,0.396000334399721,-0.073619529468828,0.543352094077964,-0.336403833363325,0.10555281116147,0.666002407405059
8,5,21061006,1,6.25,3,18.75,0.7,99,26,72,20,0.277777777777778,0.95,13.9754248593737,13.9754248593737,"ok","ok","ok","","","",8.51470633121308,6.54190908805365,9.56561996616702,0.362353012994092,0.0467054540885837,0.530499194586723,-0.231692928260788,0.123423356493403,0.462206190488806
8,6,21061007,1,6.25,3,18.75,0.7,109,22,69,28,0.405797101449275,0.964285714285714,13.2377124296868,13.9754248593737,"ok","ok","ok","","","",9.97406384156064,6.52001772934051,10.4154201824078,0.595850214649702,0.0432028366944822,0.666467229185243,-0.34630278761878,0.0442504026300748,0.59745273935954
8,7,21061008,1,6.25,3,18.75,0.7,104,21,76,20,0.263157894736842,0.85,10.6694173824159,12.5,"ok","ok","ok","","","",7.56533060924516,5.78626461143264,8.16084583883955,0.210452897479226,-0.0741976621707784,0.305735334214328,-0.235160376948818,0.0787163523120381,0.410382411947625
8,8,21061009,1,6.25,3,18.75,0.7,91,22,64,17,0.265625,0.882352941176471,13.9754248593737,13.9754248593737,"ok","ok","ok","","","",8.76204486765606,6.47878315322465,8.86002710375386,0.40192717882497,0.0366053045159433,0.417604336600618,-0.260585485342557,0.0111825763937242,0.367544937716277
8,9,21061010,1,6.25,3,18.75,0.7,142,29,93,37,0.397849462365591,1,13.9754248593737,13.9754248593737,"ok","ok","ok","","","",7.42560359768789,5.72355198642245,7.80533744011105,0.188096575630062,-0.0842316821724073,0.248853990417768,-0.229213906839223,0.0511384478618549,0.363722642622459
8,10,21061011,1,6.25,3,18.75,0.7,117,22,78,28,0.358974358974359,0.964285714285714,13.9754248593737,13.9754248593737,"ok","ok","ok","","","",8.56332512633466,6.39437173175995,9.2080256852674,0.370132020213546,0.0230994770815924,0.473284109642784,-0.253284017899141,0.0752862409661526,0.440020391609769
8,11,21061012,1,6.25,3,18.75,0.7,88,16,50,28,0.56,0.964285714285714,15.8265471945187,17.6776695296637,"ok","ok","ok","","","",9.56452651914831,7.1903175319931,12.2129239046537,0.53032424306373,0.150450805118896,0.954067824744596,-0.248230686840798,0.276897908140386,0.698523584015963
8,12,21061013,1,6.25,3,18.75,0.7,108,22,70,28,0.4,0.821428571428571,13.9754248593737,13.9754248593737,"ok","ok","ok","","","",7.32967330168808,6.1337791319266,8.45828508715452,0.172747728270092,-0.0185953388917433,0.353325613944724,-0.163157909027957,0.153978457021614,0.378967991059338
9,1,21161002,2,12.5,0,0,0.7,316,47,155,87,0.561290322580645,0.942528735632184,13.9754248593737,13.9754248593737,"ok","ok","ok","","","",12.8371158997605,12.5159544164504,11.8147175795078,0.0269692719808432,0.00127635331602974,-0.0548225936393726,-0.025018196128942,-0.0796439268941842,-0.0560274361514818
9,2,21161003,2,12.5,0,0,0.7,348,53,176,98,0.556818181818182,0.938775510204082,13.9754248593737,13.9754248593737,"ok","ok","ok","","","",12.0611491250409,10.4814172101525,12.4992554299074,-0.0351080699967291,-0.161486623187798,-5.95656074068529e-05,-0.130976899341091,0.0363237615524502,0.192515780957595
9,3,21161004,2,12.5,0,0,0.7,363,50,176,102,0.579545454545455,0.980392156862745,13.9754248593737,13.9754248593737,"ok","ok","ok","","","",13.8997977558811,15.8838218689242,12.9883610356413,0.111983820470491,0.270705749513938,0.0390688828513017,0.14273762452433,-0.0655719411352035,-0.182289933567422
9,4,21161005,2,12.5,0,0,0.7,372,40,154,106,0.688311688311688,0.943396226415094,12.5,12.5,"ok","ok","ok","","","",11.6237113589387,11.3025428174792,12.0341364196286,-0.0701030912849052,-0.095796574601668,-0.0372690864297125,-0.0276304642761587,0.0353092956299444,0.0647282309798507
9,5,21161006,2,12.5,0,0,0.7,328,45,166,102,0.614457831325301,0.901960784313726,12.5,13.9754248593737,"ok","ok","ok","","","",11.6765319347973,11.9954821145239,11.9865685151053,-0.065877445216219,-0.0403614308380905,-0.0410745187915752,0.0273154890088642,0.0265521117091374,-0.000743079713967192
9,6,21161007,2,12.5,0,0,0.7,466,62,219,129,0.589041095890411,0.930232558139535,13.9754248593737,13.9754248593737,"ok","ok","ok","","","",12.5469008443541,12.4352552434563,11.6585039657342,0.00375206754832945,-0.00517958052349641,-0.0673196827412609,-0.00889826119476044,-0.0708060810905063,-0.0624636376588088
9,7,21161008,2,12.5,0,0,0.7,342,55,167,100,0.598802395209581,0.93,13.2377124296868,13.9754248593737,"ok","ok","ok","","","",12.3435858482302,11.1340973808074,12.5330890827679,-0.0125131321415876,-0.10927220953541,0.00264712662143083,-0.0979851788851293,0.015352364934125,0.125649314364005
9,8,21161009,2,12.5,0,0,0.7,301,41,140,91,0.65,0.945054945054945,12.5,13.9754248593737,"ok","ok","ok","","","",12.7155127973706,12.7104887682963,11.2584359620928,0.0172410237896466,0.0168391014637059,-0.0993251230325794,-0.000395110221217123,-0.114590489467254,-0.114240516841918
9,9,21161010,2,12.5,0,0,0.7,279,38,126,80,0.634920634920635,0.925,13.9754248593737,13.9754248593737,"ok","ok","ok","","","",12.4252804904395,13.0839309039885,11.6327864667494,-0.00597756076483819,0.0467144723190762,-0.0693770826600502,0.0530088969867296,-0.0637807753555281,-0.110910432643505
9,10,21161011,2,12.5,0,0,0.7,362,56,173,103,0.595375722543353,0.922330097087379,13.9754248593737,13.9754248593737,"ok","ok","ok","","","",13.0846441968982,13.8399929849396,12.811780326068,0.0467715357518587,0.107199438795168,0.0249424260854369,0.0577278813756678,-0.0208537478531481,-0.0742928598295183
9,11,21161012,2,12.5,0,0,0.7,315,43,152,90,0.592105263157895,0.922222222222222,13.9754248593737,13.9754248593737,"ok","ok","ok","","","",11.2256656535177,11.2452285978995,12.1017022253416,-0.101946747718587,-0.100381712168041,-0.0318638219726734,0.00174269793753309,0.0780387193831493,0.0761632918340214
9,12,21161013,2,12.5,0,0,0.7,328,45,153,96,0.627450980392157,0.947916666666667,13.9754248593737,13.9754248593737,"ok","ok","ok","","","",13.0538756916526,11.9713741417834,15.1776818080931,0.0443100553322083,-0.042290068657324,0.214214544647448,-0.0829256824133362,0.162695445138839,0.267831213721634
10,1,21261002,2,12.5,1,6.25,0.7,274,41,130,83,0.638461538461538,0.879518072289157,12.5,13.9754248593737,"ok","ok","ok","","","",12.1204139890363,11.9836390225946,12.1159455419735,-0.0303668808770927,-0.0413088781924333,-0.0307243566421165,-0.0112846777812605,-0.000368671158166747,0.0110405961936522
10,2,21261003,2,12.5,1,6.25,0.7,342,43,150,98,0.653333333333333,0.928571428571429,13.9754248593737,13.9754248593737,"ok","ok","ok","","","",13.7404424231142,15.109382675504,13.7776953805298,0.0992353938491338,0.20875061404032,0.102215630442384,0.0996285425341907,0.00271119053291588,-0.0881364463111518
10,3,21261004,2,12.5,1,6.25,0.7,379,56,185,107,0.578378378378378,0.906542056074766,12.5,13.9754248593737,"ok","ok","ok","","","",12.7757928117257,11.3517710536746,14.1735162958553,0.0220634249380544,-0.0918583157060299,0.13388130366842,-0.111462496225211,0.109404050670479,0.248573128266819
10,4,21261005,2,12.5,1,6.25,0.7,378,56,177,105,0.593220338983051,0.933333333333333,12.5,13.9754248593737,"ok","ok","ok","","","",12.7515462237402,12.0094364167097,10.4635421943668,0.0201236978992128,-0.0392450866632238,-0.16291662445066,-0.0581976329779393,-0.179429536561905,-0.128723294641206
10,5,21261006,2,12.5,1,6.25,0.7,364,53,181,106,0.585635359116022,0.962264150943396,13.9754248593737,13.9754248593737,"ok","ok","ok","","","",13.9205460256003,14.0295049462263,11.652462114533,0.113643682048027,0.122360395698105,-0.0678030308373582,0.00782720163602749,-0.162930671461898,-0.169431697041646
10,6,21261007,2,12.5,1,6.25,0.7,373,53,179,113,0.631284916201117,0.955752212389381,13.9754248593737,13.9754248593737,"ok","ok","ok","","","",14.7181409303667,14.2014459645534,15.7523551247064,0.177451274429339,0.136115677164274,0.260188409976511,-0.0351059939062853,0.0702679909937431,0.109207834471504
10,7,21261008,2,12.5,1,6.25,0.7,328,44,156,94,0.602564102564103,0.957446808510638,13.9754248593737,13.9754248593737,"ok","ok","ok","","","",12.5387535475299,11.9299714129066,14.0692392423729,0.00310028380239274,-0.0456022869674742,0.125539139389835,-0.0485520456491677,0.122060433602232,0.17931877247853
10,8,21261009,2,12.5,1,6.25,0.7,429,55,192,133,0.692708333333333,0.954887218045113,13.9754248593737,13.9754248593737,"ok","ok","ok","","","",12.9049972273049,11.8012704167485,15.5863936658591,0.032399778184391,-0.0558983666601212,0.246911493268731,-0.085527086222157,0.207779698927858,0.320738625202484
10,9,21261010,2,12.5,1,6.25,0.7,381,50,173,103,0.595375722543353,0.970873786407767,13.9754248593737,13.9754248593737,"ok","ok","ok","","","",13.0559318490027,13.6052606878503,12.8681385451444,0.0444745479202179,0.088420855028025,0.0294510836115558,0.0420750387793691,-0.0143837533797039,-0.0541792002092342
10,10,21261011,2,12.5,1,6.25,0.7,425,51,192,134,0.697916666666667,0.940298507462687,13.9754248593737,13.9754248593737,"ok","ok","ok","","","",12.7174043140195,15.7438388040436,12.673225205719,0.0173923451215578,0.25950710432349,0.013858016457518,0.237975801924285,-0.00347390923569166,-0.195035889057502
10,11,21261012,2,12.5,1,6.25,0.7,359,52,183,106,0.579234972677596,0.933962264150943,13.9754248593737,13.9754248593737,"ok","ok","ok","","","",11.5966852430217,11.1549691044196,10.60305400009,-0.0722651805582633,-0.107602471646431,-0.151755679992801,-0.0380898618308109,-0.0856823499223316,-0.0494770625685512
10,12,21261013,2,12.5,1,6.25,0.7,410,54,197,127,0.644670050761421,0.94488188976378,13.9754248593737,13.9754248593737,"ok","ok","ok","","","",12.3730276955327,14.0171252090819,12.2517289179574,-0.0101577843573872,0.121370016726554,-0.0198616865634058,0.132877542506664,-0.00980348388123528,-0.125945674650939
11,1,21361002,2,12.5,2,12.5,0.7,451,51,194,131,0.675257731958763,0.954198473282443,13.9754248593737,13.9754248593737,"ok","ok","ok","","","",13.4851686712438,14.2303543151415,16.2982573173486,0.0788134936995071,0.138428345211317,0.303860585387886,0.0552596457682189,0.208606114961206,0.145316339734902
11,2,21361003,2,12.5,2,12.5,0.7,322,47,156,90,0.576923076923077,0.966666666666667,13.9754248593737,13.9754248593737,"ok","ok","ok","","","",13.4193575180244,14.202963663079,16.1979710779672,0.0735486014419553,0.136237093046317,0.29583768623738,0.058393715496588,0.207060103750173,0.140464163833241
11,3,21361004,2,12.5,2,12.5,0.7,376,56,195,100,0.512820512820513,0.93,13.9754248593737,13.9754248593737,"ok","ok","ok","","","",13.2809734586726,11.9340016975752,12.2641914516381,0.0624778766938107,-0.0452798641939829,-0.018864683868955,-0.101421162032203,-0.0765592981718219,0.0276679828300961
11,4,21361005,2,12.5,2,12.5,0.7,332,46,154,96,0.623376623376623,0.9375,13.9754248593737,13.9754248593737,"ok","ok","ok","","","",12.2774529361376,12.3375706277279,13.0126312992482,-0.017803765108993,-0.0129943497817685,0.041010503939853,0.00489659312098487,0.0598803650019821,0.0547158506232267
11,5,21361006,2,12.5,2,12.5,0.7,357,52,166,101,0.608433734939759,0.940594059405941,13.9754248593737,13.9754248593737,"ok","ok","ok","","","",13.0068586565194,11.8724741713653,11.9124835899744,0.0405486925215524,-0.0502020662907748,-0.0470013128020503,-0.0872143316930337,-0.084138306984408,0.00336993098755718
11,6,21361007,2,12.5,2,12.5,0.7,299,44,147,86,0.585034013605442,0.941860465116279,13.9754248593737,13.9754248593737,"ok","ok","ok","","","",12.3887370150307,12.5666373028098,12.7747433038367,-0.00890103879754236,0.00533098422478417,0.0219794643069358,0.0143598405199209,0.0311578402493855,0.0165601979282369
11,7,21361008,2,12.5,2,12.5,0.7,420,50,183,121,0.66120218579235,0.925619834710744,13.9754248593737,13.9754248593737,"ok","ok","ok","","","",13.8643317516599,14.6517064634191,15.9156605974692,0.10914654013279,0.172136517073529,0.273252847797535,0.056791392896738,0.147957282222688,0.0862666841712798
11,8,21361009,2,12.5,2,12.5,0.7,263,41,125,72,0.576,0.958333333333333,12.5,12.5,"ok","ok","ok","","","",13.4192724483845,12.9598252186625,14.9676245075814,0.0735417958707566,0.0367860174930004,0.197409960606516,-0.0342378643469054,0.115382712822363,0.15492487398886
11,9,21361010,2,12.5,2,12.5,0.7,372,55,183,101,0.551912568306011,0.95049504950495,13.9754248593737,13.9754248593737,"ok","ok","ok","","","",13.1301282713795,11.8215657466688,13.5913596039699,0.0504102617103585,-0.0542747402664982,0.0873087683175895,-0.0996610617706653,0.0351277095743048,0.149708921409147
11,10,21361011,2,12.5,2,12.5,0.7,376,60,187,104,0.556149732620321,0.971153846153846,13.9754248593737,13.9754248593737,"ok","ok","ok","","","",12.8123695234385,12.1743107861653,13.2337022543291,0.0249895618750779,-0.0260551371067723,0.0586961803463254,-0.0498002134660483,0.0328848407095833,0.0870185989803705
11,11,21361012,2,12.5,2,12.5,0.7,355,56,172,96,0.558139534883721,0.958333333333333,13.9754248593737,13.9754248593737,"ok","ok","ok","","","",13.900125935347,13.1338108372269,14.3727155588643,0.11201007482776,0.050704866978156,0.149817244709145,-0.055130083114669,0.0339989454567135,0.0943294171807136
11,12,21361013,2,12.5,2,12.5,0.7,385,59,178,105,0.589887640449438,0.933333333333333,13.9754248593737,13.9754248593737,"ok","ok","ok","","","",13.5887316148412,11.8400464757572,12.8405979921516,0.0870985291872941,-0.0527962819394244,0.0272478393721263,-0.128686413761688,-0.0550554418097793,0.08450570852429
12,1,21461002,2,12.5,3,18.75,0.7,347,49,167,98,0.586826347305389,0.928571428571429,13.9754248593737,13.9754248593737,"ok","ok","ok","","","",13.0516814861375,12.5366913960898,14.8858279884414,0.0441345188910029,0.00293531168718772,0.190866239075309,-0.0394577580363627,0.140529517537791,0.187380906024711
12,2,21461003,2,12.5,3,18.75,0.7,258,47,147,66,0.448979591836735,0.924242424242424,15.8265471945187,17.6776695296637,"ok","ok","ok","","","",14.8303095666849,11.9727606264229,16.0211917597829,0.18642476533479,-0.0421791498861704,0.281695340782632,-0.192683027108299,0.0803005620174806,0.338136814029797
12,3,21461004,2,12.5,3,18.75,0.7,410,58,203,113,0.556650246305419,0.920353982300885,13.9754248593737,13.9754248593737,"ok","ok","ok","","","",16.3934109833649,14.6097766170447,17.3253764385071,0.311472878669196,0.168782129363574,0.386030115080567,-0.10880190633482,0.056850002485013,0.185875519704677
12,4,21461005,2,12.5,3,18.75,0.7,398,54,187,113,0.60427807486631,0.955752212389381,17.6776695296637,17.6776695296637,"ok","ok","ok","","","",16.428116710947,13.8910337942576,19.0173448963377,0.314249336875763,0.111282703540609,0.521387591707014,-0.154435408594268,0.157609556283787,0.369037407726934
12,5,21461006,2,12.5,3,18.75,0.7,366,61,184,98,0.532608695652174,0.938775510204082,13.9754248593737,13.9754248593737,"ok","ok","ok","","","",13.9539167148748,12.0255384048703,14.578380701392,0.116313337189987,-0.037956927610376,0.166270456111361,-0.138196203217187,0.0447518785783988,0.212285072865246
12,6,21461007,2,12.5,3,18.75,0.7,347,47,168,98,0.583333333333333,0.989795918367347,17.6776695296637,17.6776695296637,"ok","ok","ok","","","",14.8879198535639,14.6424879674176,18.6392883001506,0.191033588285113,0.171399037393411,0.491143064012052,-0.0164853040962282,0.251973981824514,0.27295909968488
12,7,21461008,2,12.5,3,18.75,0.7,281,51,159,68,0.427672955974843,0.955882352941177,13.9754248593737,13.9754248593737,"ok","ok","ok","","","",13.2003484139791,10.9780270806128,11.5829455049735,0.0560278731183308,-0.121757833550977,-0.0733643596021199,-0.168353233086856,-0.12252728930191,0.0551026536843762
12,8,21461009,2,12.5,3,18.75,0.7,221,39,125,60,0.48,0.866666666666667,12.5,13.9754248593737,"ok","ok","ok","","","",13.821546906199,13.5465137483622,13.8589660540034,0.105723752495919,0.083721099868972,0.108717284320273,-0.0198988694755636,0.00270730534421191,0.023065145132196
12,9,21461010,2,12.5,3,18.75,0.7,345,51,176,94,0.534090909090909,1,13.9754248593737,13.9754248593737,"ok","ok","ok","","","",14.8256856968667,12.6950059812383,14.9652263492612,0.186054855749335,0.015600478499067,0.197218107940895,-0.143715424648363,0.009412087592278,0.178827829729104
12,10,21461011,2,12.5,3,18.75,0.7,273,42,134,79,0.58955223880597,0.936708860759494,13.9754248593737,13.9754248593737,"ok","ok","ok","","","",14.7546774855346,12.7734035440738,15.0295380683744,0.180374198842772,0.0218722835259059,0.202363045469953,-0.134281074147723,0.0186287082933009,0.176627514860541
12,11,21461012,2,12.5,3,18.75,0.7,346,51,175,96,0.548571428571429,0.96875,13.9754248593737,13.9754248593737,"ok","ok","ok","","","",13.223677297446,12.9925757963371,15.0314981601336,0.0578941837956826,0.0394060637069705,0.20251985281069,-0.017476341558451,0.136710902876974,0.156929803278216
12,12,21461013,2,12.5,3,18.75,0.7,382,51,186,101,0.543010752688172,0.95049504950495,13.9754248593737,13.9754248593737,"ok","ok","ok","","","",13.1829497072475,11.6454021934708,13.5649180563791,0.0546359765797986,-0.0683678245223331,0.0851934445103241,-0.116631523894183,0.0289744220841241,0.164830362319682
