"replicate","sigma_true","method","success","sigma_hat","lcl","ucl","error","relative_bias","covered95"
1,6.25,"CHECK",TRUE,5.93451513335371,5.17330940688349,6.80772540322899,"",-0.0504775786634062,TRUE
1,6.25,"FIRST",TRUE,5.78127637896177,4.7287339215849,7.0680983798596,"",-0.0749957793661163,TRUE
1,6.25,"LAST",TRUE,5.97689291236995,4.84446767710143,7.37402977313543,"",-0.0436971340208082,TRUE
1,12.5,"CHECK",TRUE,14.5177775542885,12.0073201344435,17.5531144964822,"",0.16142220434308,TRUE
1,12.5,"FIRST",TRUE,15.0482398183127,10.7884800315524,20.9899375043723,"",0.203859185465018,TRUE
1,12.5,"LAST",TRUE,14.0338616295901,10.2506720879745,19.2133033374007,"",0.122708930367206,TRUE
1,25,"CHECK",TRUE,23.9522905344157,20.9508680187641,27.3836970063115,"",-0.0419083786233728,TRUE
1,25,"FIRST",TRUE,22.3360540634807,17.8541521051188,27.9430413827213,"",-0.10655783746077,TRUE
1,25,"LAST",TRUE,26.0413118290002,20.598084184858,32.9229609748729,"",0.0416524731600087,TRUE
2,6.25,"CHECK",TRUE,5.88113837646047,4.94271452762335,6.99773139026648,"",-0.059017859766325,TRUE
2,6.25,"FIRST",TRUE,5.27983922718257,4.0746886311208,6.84143128188618,"",-0.155225723650789,TRUE
2,6.25,"LAST",TRUE,5.66254700691622,4.43833052997923,7.22443684375303,"",-0.0939924788934044,TRUE
2,12.5,"CHECK",TRUE,13.2879076234418,11.4155684764951,15.4673408838713,"",0.0630326098753478,TRUE
2,12.5,"FIRST",TRUE,12.4365166860447,9.80147978349356,15.7799588122131,"",-0.00507866511642447,TRUE
2,12.5,"LAST",TRUE,12.996379131026,10.1371577784779,16.6620540203064,"",0.039710330482079,TRUE
2,25,"CHECK",TRUE,27.5032982104368,22.92098943187,33.0016910788525,"",0.100131928417472,TRUE
2,25,"FIRST",TRUE,26.2326767975591,19.1496904640554,35.9354806938985,"",0.0493070719023652,TRUE
2,25,"LAST",TRUE,27.6832535992838,19.7903936464458,38.7239659570839,"",0.107330143971351,TRUE
3,6.25,"CHECK",TRUE,5.85911394367591,4.59014671152698,7.47889302073253,"",-0.0625417690118539,TRUE
3,6.25,"FIRST",TRUE,7.5305777521431,5.28715728109109,10.7259153201075,"",0.204892440342896,TRUE
3,6.25,"LAST",TRUE,6.50287155200896,4.67559552119775,9.04426788634932,"",0.0404594483214343,TRUE
3,12.5,"CHECK",TRUE,13.4811142924681,11.4409866696081,15.8850322804207,"",0.0784891433974492,TRUE
3,12.5,"FIRST",TRUE,12.5418785378613,9.37667268601671,16.7755367522898,"",0.00335028302890123,TRUE
3,12.5,"LAST",TRUE,14.7469180904909,10.6861595051389,20.3507717681988,"",0.179753447239275,TRUE
3,25,"CHECK",TRUE,21.8371561945826,19.0625138929909,25.0156612786486,"",-0.126513752216698,TRUE
3,25,"FIRST",TRUE,21.6233821287109,17.1380181304016,27.2826560881515,"",-0.135064714851565,TRUE
3,25,"LAST",TRUE,23.2094576280217,18.0422884611752,29.8564633054229,"",-0.0716216948791333,TRUE
4,6.25,"CHECK",TRUE,5.27987094282799,4.49952294709517,6.19555395109528,"",-0.155220649147522,FALSE
4,6.25,"FIRST",TRUE,5.28289802906443,4.09001946908406,6.82368673216681,"",-0.154736315349691,TRUE
4,6.25,"LAST",TRUE,5.36557021800511,4.14647256622059,6.94309278659576,"",-0.141508765119183,TRUE
4,12.5,"CHECK",TRUE,13.6473525535647,11.6690074173222,15.9611032078707,"",0.0917882042851755,TRUE
4,12.5,"FIRST",TRUE,15.0389645195341,10.7987863719591,20.944062233428,"",0.203117161562726,TRUE
4,12.5,"LAST",TRUE,14.6498778404101,10.4406441997626,20.5560994736149,"",0.171990227232811,TRUE
4,25,"CHECK",TRUE,26.5481095738204,22.7140770249894,31.0293093207428,"",0.0619243829528162,TRUE
4,25,"FIRST",TRUE,30.1863120792055,23.3318892152478,39.0544215488428,"",0.207452483168219,TRUE
4,25,"LAST",TRUE,30.4664484805167,23.6844286224074,39.1904950638251,"",0.218657939220666,TRUE
5,6.25,"CHECK",TRUE,5.85353387378105,4.67900203768629,7.32289888645683,"",-0.0634345801950323,TRUE
5,6.25,"FIRST",TRUE,4.92013522106497,3.53282706630561,6.85222631598518,"",-0.212778364629604,TRUE
5,6.25,"LAST",TRUE,5.43884414045186,3.96428747856143,7.46187700667509,"",-0.129784937527703,TRUE
5,12.5,"CHECK",TRUE,14.2864475054694,12.2079926261118,16.7187668421405,"",0.142915800437552,TRUE
5,12.5,"FIRST",TRUE,16.463016609896,12.2979669348788,22.0386765823079,"",0.317041328791678,TRUE
5,12.5,"LAST",TRUE,13.3446302693159,10.2901598981583,17.3057716096923,"",0.0675704215452747,TRUE
5,25,"CHECK",TRUE,22.6531063186837,19.6547817119496,26.1088234611935,"",-0.0938757472526524,TRUE
5,25,"FIRST",TRUE,20.3744641807037,16.1999063985206,25.6247647633747,"",-0.185021432771851,TRUE
5,25,"LAST",TRUE,19.7600461355735,15.8565304580932,24.6245182268545,"",-0.209598154577062,FALSE
6,6.25,"CHECK",TRUE,6.77481291950833,5.75455105367652,7.97596366184174,"",0.0839700671213335,TRUE
6,6.25,"FIRST",TRUE,7.84691946525262,6.0227230028015,10.2236388865168,"",0.255507114440419,TRUE
6,6.25,"LAST",TRUE,7.28253073583214,5.67048348456867,9.35286277839745,"",0.165204917733142,TRUE
6,12.5,"CHECK",TRUE,12.8326397058075,10.9744978309213,15.0053919875113,"",0.0266111764645984,TRUE
6,12.5,"FIRST",TRUE,11.4411299285679,8.82797323348127,14.8278036849861,"",-0.0847096057145676,TRUE
6,12.5,"LAST",FALSE,NA,NA,NA,"non-finite prediction",NA,FALSE
6,25,"CHECK",TRUE,24.1231041303139,20.8969980609189,27.8472607015391,"",-0.0350758347874445,TRUE
6,25,"FIRST",TRUE,23.2049161894571,18.3713653533126,29.3101859880345,"",-0.0718033524217179,TRUE
6,25,"LAST",TRUE,27.9034820130339,21.4989015867441,36.216004120498,"",0.116139280521355,TRUE
7,6.25,"CHECK",TRUE,6.65880897248806,5.58040313099791,7.9456153778192,"",0.0654094355980888,TRUE
7,6.25,"FIRST",TRUE,6.10835271131143,4.68163295878757,7.96986290344482,"",-0.0226635661901715,TRUE
7,6.25,"LAST",TRUE,6.23540827876754,4.74394701952513,8.19577373923005,"",-0.00233467539719427,TRUE
7,12.5,"CHECK",TRUE,11.5031412611627,9.9257187773186,13.3312520576983,"",-0.0797486991069854,TRUE
7,12.5,"FIRST",TRUE,9.72239393530665,7.81061866230099,12.1021071339105,"",-0.222208485175468,FALSE
7,12.5,"LAST",TRUE,12.4043200768915,9.11173598935061,16.8867004871307,"",-0.00765439384868145,TRUE
7,25,"CHECK",TRUE,26.4287291154412,22.4729757033971,31.0807848446962,"",0.0571491646176482,TRUE
7,25,"FIRST",TRUE,32.5307178597961,26.3573771228784,40.1499587587982,"",0.301228714391844,FALSE
7,25,"LAST",TRUE,33.1716013103761,25.3609245514804,43.3878162154903,"",0.326864052415044,FALSE
8,6.25,"CHECK",TRUE,5.87051718744633,5.13533203160003,6.71095302816575,"",-0.0607172500085869,TRUE
8,6.25,"FIRST",TRUE,6.22262305669906,5.12008886767008,7.56257141360574,"",-0.00438031092815095,TRUE
8,6.25,"LAST",TRUE,6.16957904052709,5.0910280625934,7.47662457745741,"",-0.0128673535156659,TRUE
8,12.5,"CHECK",TRUE,11.5198661887068,10.0660638026092,13.1836355906378,"",-0.0784107049034587,TRUE
8,12.5,"FIRST",TRUE,13.5272714884205,9.48672798778723,19.2887446711874,"",0.0821817190736426,TRUE
8,12.5,"LAST",TRUE,13.6878594318143,10.8416215570802,17.2813167143574,"",0.0950287545451408,TRUE
8,25,"CHECK",TRUE,25.9113570019499,22.0278801784488,30.4794840104208,"",0.0364542800779955,TRUE
8,25,"FIRST",TRUE,23.4508025591158,18.0730737088051,30.4287001495879,"",-0.061967897635368,TRUE
8,25,"LAST",TRUE,22.6102242507346,17.3915177075349,29.3949182161958,"",-0.0955910299706149,TRUE
9,6.25,"CHECK",TRUE,5.97004940085147,5.13479336781132,6.94117314866733,"",-0.0447920958637644,TRUE
9,6.25,"FIRST",TRUE,6.31033468606694,5.04523425031779,7.89266104892382,"",0.00965354977071115,TRUE
9,6.25,"LAST",TRUE,4.92299057432112,4.02965921133915,6.01436372749755,"",-0.212321508108621,FALSE
9,12.5,"CHECK",TRUE,12.4466969264097,10.5738670485047,14.6512400493824,"",-0.00426424588722369,TRUE
9,12.5,"FIRST",TRUE,13.1104136604944,10.0564664479344,17.0917834051525,"",0.0488330928395516,TRUE
9,12.5,"LAST",TRUE,13.4815242166082,9.68528565579627,18.7657340900649,"",0.0785219373286542,TRUE
9,25,"CHECK",TRUE,29.1422849547096,24.5977291480453,34.5264706050714,"",0.165691398188384,TRUE
9,25,"FIRST",TRUE,28.0252716053661,21.3607163838041,36.7691717095241,"",0.121010864214643,TRUE
9,25,"LAST",TRUE,28.1389455492814,21.9483905117165,36.0755498770055,"",0.125557821971255,TRUE
10,6.25,"CHECK",TRUE,6.30850381849121,5.39927037457651,7.37085155344525,"",0.00936061095859344,TRUE
10,6.25,"FIRST",TRUE,7.32940637374396,5.68455721348463,9.45019915782467,"",0.172705019799034,TRUE
10,6.25,"LAST",TRUE,8.04398206800464,6.07638805464616,10.6487023094097,"",0.287037130880742,TRUE
10,12.5,"CHECK",TRUE,13.4576408641034,11.3184809124643,16.0010958208839,"",0.0766112691282747,TRUE
10,12.5,"FIRST",TRUE,16.6073565817802,11.8775538023144,23.2206308828218,"",0.328588526542418,TRUE
10,12.5,"LAST",TRUE,16.630314013828,12.1299894118072,22.800295598718,"",0.330425121106236,TRUE
10,25,"CHECK",TRUE,25.7537308565327,21.712984065836,30.54645326592,"",0.0301492342613075,TRUE
10,25,"FIRST",TRUE,20.779212862554,16.2154311181228,26.6274565284155,"",-0.168831485497839,TRUE
10,25,"LAST",TRUE,23.1427718125721,17.5444392153523,30.5275010842246,"",-0.0742891274971173,TRUE
11,6.25,"CHECK",TRUE,7.30042786825502,6.24776197426718,8.53045414967907,"",0.168068458920803,TRUE
11,6.25,"FIRST",TRUE,6.97537483023794,5.5292342839895,8.79974541198322,"",0.11605997283807,TRUE
11,6.25,"LAST",TRUE,7.51092324154244,5.84572766844325,9.65046118122807,"",0.201747718646791,TRUE
11,12.5,"CHECK",TRUE,12.310613650485,10.4352437365929,14.5230156838663,"",-0.0151509079612026,TRUE
11,12.5,"FIRST",TRUE,16.3527521208969,12.5600282058128,21.2907564812425,"",0.308220169671752,FALSE
11,12.5,"LAST",TRUE,10.9778886005297,7.9562352932276,15.147118415191,"",-0.121768911957622,TRUE
11,25,"CHECK",TRUE,23.3405051746961,20.4345861783967,26.6596630366782,"",-0.0663797930121548,TRUE
11,25,"FIRST",TRUE,24.0971428470066,19.2880977718357,30.1052130831135,"",-0.0361142861197364,TRUE
11,25,"LAST",TRUE,23.9513150261608,19.02267928694,30.1569238922218,"",-0.0419473989535697,TRUE
12,6.25,"CHECK",TRUE,4.93165589620289,4.05781684326,5.99367364718545,"",-0.210935056607538,FALSE
12,6.25,"FIRST",TRUE,4.57584575995392,3.47211517714227,6.03043486481391,"",-0.267864678407372,FALSE
12,6.25,"LAST",TRUE,4.96852564041826,3.71049460022196,6.6530879840162,"",-0.205035897533078,TRUE
12,12.5,"CHECK",TRUE,14.6184349602905,12.3349643894694,17.3246256690194,"",0.169474796823238,TRUE
12,12.5,"FIRST",TRUE,16.4999633857086,12.8238361443285,21.2299025553388,"",0.319997070856689,FALSE
12,12.5,"LAST",TRUE,15.5315192064481,10.9487206062067,22.0325367261191,"",0.242521536515844,TRUE
12,25,"CHECK",TRUE,24.375010375412,21.0163547993231,28.2704177995977,"",-0.0249995849835192,TRUE
12,25,"FIRST",TRUE,27.4088750653662,21.3475327612887,35.1912532820257,"",0.0963550026146469,TRUE
12,25,"LAST",TRUE,25.5279292503838,20.0072412137648,32.5719655623613,"",0.0211171700153538,TRUE
13,6.25,"CHECK",TRUE,6.28905350690061,5.21376201811853,7.58611418687879,"",0.00624856110409709,TRUE
13,6.25,"FIRST",TRUE,7.2410720358867,5.42153293406753,9.67127284230333,"",0.158571525741872,TRUE
13,6.25,"LAST",TRUE,5.99118116317114,4.6286896487512,7.75473286259768,"",-0.0414110138926183,TRUE
13,12.5,"CHECK",TRUE,13.1089270497447,11.3398243279672,15.1540238565878,"",0.0487141639795782,TRUE
13,12.5,"FIRST",TRUE,13.9077261982339,10.3632050041454,18.6645779879553,"",0.112618095858708,TRUE
13,12.5,"LAST",TRUE,14.4597835083105,10.6371470043333,19.6561483095076,"",0.156782680664843,TRUE
13,25,"CHECK",TRUE,25.8786448591995,22.1977991633344,30.1698494891678,"",0.0351457943679812,TRUE
13,25,"FIRST",TRUE,24.634487205314,18.9746917394807,31.9824937448702,"",-0.0146205117874393,TRUE
13,25,"LAST",TRUE,27.2682620098558,20.6297041982635,36.0430816599268,"",0.0907304803942328,TRUE
14,6.25,"CHECK",TRUE,6.06089179786425,5.16699714505412,7.10943094299568,"",-0.0302573123417204,TRUE
14,6.25,"FIRST",TRUE,6.70380189045584,5.10637534924202,8.80095110774616,"",0.0726083024729337,TRUE
14,6.25,"LAST",TRUE,7.25647834935346,5.36080283152668,9.82249854909134,"",0.161036535896554,TRUE
14,12.5,"CHECK",TRUE,11.1500596126948,9.75961397797077,12.7386011011572,"",-0.107995230984416,TRUE
14,12.5,"FIRST",TRUE,13.8177575585385,10.3796453366041,18.3946963267835,"",0.105420604683078,TRUE
14,12.5,"LAST",TRUE,9.47175670087,7.55046600154447,11.8819388077669,"",-0.2422594639304,FALSE
14,25,"CHECK",TRUE,23.5565736891895,20.2006240462208,27.4700505640088,"",-0.0577370524324189,TRUE
14,25,"FIRST",TRUE,25.2332771799662,19.3569655607031,32.8934964131783,"",0.00933108719864919,TRUE
14,25,"LAST",TRUE,25.2794759162685,19.2306270743395,33.2309445828692,"",0.0111790366507411,TRUE
15,6.25,"CHECK",TRUE,6.57814013306919,5.04224698927912,8.58187385550546,"",0.0525024212910709,TRUE
15,6.25,"FIRST",TRUE,6.48299962439837,4.60446353813361,9.12794374021381,"",0.0372799399037395,TRUE
15,6.25,"LAST",TRUE,6.47529158426367,4.56092854237366,9.19317211653011,"",0.0360466534821866,TRUE
15,12.5,"CHECK",TRUE,13.0610901205747,11.013369326032,15.4895445787466,"",0.0448872096459753,TRUE
15,12.5,"FIRST",TRUE,12.9649962062499,9.93128544217237,16.9254149029177,"",0.0371996964999894,TRUE
15,12.5,"LAST",TRUE,11.7627530178034,9.13481259691274,15.1467101366267,"",-0.0589797585757249,TRUE
15,25,"CHECK",TRUE,27.7848696696436,23.5312096074707,32.8074499967051,"",0.111394786785745,TRUE
15,25,"FIRST",TRUE,32.8600114149572,26.1273397736429,41.3276039407729,"",0.314400456598288,FALSE
15,25,"LAST",TRUE,34.1336194730676,27.1798981086916,42.8663850641737,"",0.365344778922706,FALSE
16,6.25,"CHECK",TRUE,5.84204166663101,5.01389093018326,6.80697911260814,"",-0.0652733333390383,TRUE
16,6.25,"FIRST",TRUE,7.34181914009663,5.53342398643866,9.74122142420195,"",0.174691062415461,TRUE
16,6.25,"LAST",TRUE,6.66213893932003,5.10407189262964,8.69582094070727,"",0.0659422302912046,TRUE
16,12.5,"CHECK",TRUE,11.0607687234651,9.67880840201192,12.6400482035116,"",-0.115138502122792,TRUE
16,12.5,"FIRST",TRUE,15.8276196293317,12.5898268966598,19.8980927368644,"",0.266209570346534,FALSE
16,12.5,"LAST",TRUE,11.1430446445887,9.14887309842427,13.5718839484923,"",-0.108556428432901,TRUE
16,25,"CHECK",TRUE,23.9891307103561,20.7169515077494,27.7781406218616,"",-0.0404347715857557,TRUE
16,25,"FIRST",TRUE,24.3308682110757,18.7066102718078,31.6460940439278,"",-0.026765271556971,TRUE
16,25,"LAST",TRUE,27.9846715313093,20.9718234318841,37.3425726789517,"",0.119386861252374,TRUE
17,6.25,"CHECK",TRUE,5.95155744311353,4.87879216165237,7.26020597415313,"",-0.0477508091018352,TRUE
17,6.25,"FIRST",TRUE,4.83785448664145,3.67393944897322,6.370501299486,"",-0.225943282137369,TRUE
17,6.25,"LAST",TRUE,4.96013331194166,3.8001370183321,6.47421983827093,"",-0.206378670089334,TRUE
17,12.5,"CHECK",TRUE,11.480051284773,9.99963683811486,13.1796363842612,"",-0.0815958972181639,TRUE
17,12.5,"FIRST",TRUE,12.6251020305265,9.48280057229442,16.8086632283397,"",0.01000816244212,TRUE
17,12.5,"LAST",TRUE,12.8446549754013,9.53919070962948,17.2955092794775,"",0.0275723980321075,TRUE
17,25,"CHECK",TRUE,27.2601135634261,23.2662983381321,31.9394937987608,"",0.0904045425370441,TRUE
17,25,"FIRST",TRUE,26.1773791486117,19.9137443344134,34.4111668595628,"",0.0470951659444688,TRUE
17,25,"LAST",TRUE,28.0667797779664,20.6066186530186,38.227723838111,"",0.122671191118654,TRUE
18,6.25,"CHECK",TRUE,6.34221098675651,5.2099410482733,7.7205557275674,"",0.0147537578810412,TRUE
18,6.25,"FIRST",TRUE,6.54793660521005,4.83595789266945,8.86597334746072,"",0.0476698568336074,TRUE
18,6.25,"LAST",TRUE,6.09624917325894,4.63675621249614,8.01514081812238,"",-0.0246001322785696,TRUE
18,12.5,"CHECK",TRUE,12.1466602390144,10.5966320926142,13.9234195990335,"",-0.0282671808788498,TRUE
18,12.5,"FIRST",TRUE,11.2897975267561,8.85644695913902,14.3917226381198,"",-0.0968161978595106,TRUE
18,12.5,"LAST",TRUE,12.5618275249639,9.80353327860516,16.0961875971101,"",0.00494620199711022,TRUE
18,25,"CHECK",TRUE,28.2778819836407,24.1066615457732,33.1708564440736,"",0.131115279345628,TRUE
18,25,"FIRST",TRUE,24.5567849013965,19.1290236530219,31.524645252775,"",-0.0177286039441394,TRUE
18,25,"LAST",TRUE,24.7916909937861,18.9284118502476,32.4711839109382,"",-0.00833236024855765,TRUE
19,6.25,"CHECK",TRUE,5.14794244995339,4.14727143349552,6.39005955915828,"",-0.176329208007458,TRUE
19,6.25,"FIRST",TRUE,4.92268986071445,3.7024869550836,6.5450265615409,"",-0.212369622285687,TRUE
19,6.25,"LAST",TRUE,4.79356043455955,3.65597458363273,6.28511525836229,"",-0.233030330470471,TRUE
19,12.5,"CHECK",TRUE,14.8169640380059,12.6027007946945,17.420267836239,"",0.185357123040475,FALSE
19,12.5,"FIRST",TRUE,15.5889885031589,11.557146986209,21.0273835611514,"",0.247119080252716,TRUE
19,12.5,"LAST",TRUE,12.9129721877313,9.98498468085655,16.6995599943994,"",0.0330377750185069,TRUE
19,25,"CHECK",TRUE,26.7866923716363,23.0377983971099,31.1456362211543,"",0.0714676948654505,TRUE
19,25,"FIRST",TRUE,27.5609209638621,21.6028732541417,35.1621914103774,"",0.102436838554483,TRUE
19,25,"LAST",TRUE,28.3919772190826,22.0623473588777,36.5375613617349,"",0.135679088763303,TRUE
20,6.25,"CHECK",TRUE,5.79541091755544,4.98184632594788,6.74183535698091,"",-0.0727342531911292,TRUE
20,6.25,"FIRST",TRUE,7.59997791367124,5.77858433314751,9.99546964417663,"",0.215996466187398,TRUE
20,6.25,"LAST",TRUE,6.59230664241818,5.08234737870722,8.55087297844746,"",0.0547690627869085,TRUE
20,12.5,"CHECK",TRUE,11.8227272370321,10.1775597401447,13.7338303964869,"",-0.0541818210374329,TRUE
20,12.5,"FIRST",TRUE,14.1890227194882,9.93755855872283,20.2593388048448,"",0.135121817559054,TRUE
20,12.5,"LAST",TRUE,15.7614564951167,12.4324671768816,19.9818352474242,"",0.260916519609336,TRUE
20,25,"CHECK",TRUE,25.4419425376361,21.8373278248916,29.6415589525818,"",0.0176777015054456,TRUE
20,25,"FIRST",TRUE,25.0850968115416,19.1484979814775,32.8622162768644,"",0.00340387246166401,TRUE
20,25,"LAST",TRUE,26.9220312866553,20.8506903276673,34.7612360650666,"",0.0768812514662105,TRUE
21,6.25,"CHECK",TRUE,6.49870662775207,5.31492939556543,7.9461427782703,"",0.0397930604403319,TRUE
21,6.25,"FIRST",TRUE,6.33243619776709,4.63732865238019,8.64716547062263,"",0.0131897916427343,TRUE
21,6.25,"LAST",TRUE,5.07897979577597,3.81573792262986,6.76043174058494,"",-0.187363232675844,TRUE
21,12.5,"CHECK",TRUE,12.8795691907134,11.0186563574742,15.0547668569273,"",0.0303655352570729,TRUE
21,12.5,"FIRST",TRUE,12.0456096170631,9.3689847703995,15.4869192983537,"",-0.0363512306349551,TRUE
21,12.5,"LAST",TRUE,12.4883742897484,9.64665381445472,16.1672114912175,"",-0.000930056820125742,TRUE
21,25,"CHECK",TRUE,24.0636491604736,20.7888017929111,27.8543812523056,"",-0.0374540335810579,TRUE
21,25,"FIRST",TRUE,23.2086475175963,18.1801217039882,29.6280370597225,"",-0.0716540992961484,TRUE
21,25,"LAST",TRUE,28.0997078296408,21.1600445732205,37.3153079795712,"",0.123988313185632,TRUE
22,6.25,"CHECK",TRUE,6.05109316819777,5.31101708772043,6.89429687862778,"",-0.0318250930883569,TRUE
22,6.25,"FIRST",TRUE,7.16167044519726,5.83373732830306,8.79188086113765,"",0.145867271231562,TRUE
22,6.25,"LAST",TRUE,6.32559976012035,5.14969660566813,7.77001353462129,"",0.0120959616192566,TRUE
22,12.5,"CHECK",TRUE,13.985830131496,11.7613368273317,16.6310554096629,"",0.118866410519684,TRUE
22,12.5,"FIRST",TRUE,13.6937740870509,10.1417253149628,18.4898962379237,"",0.0955019269640718,TRUE
22,12.5,"LAST",TRUE,11.7907725978698,9.08194436564438,15.3075501079457,"",-0.0567381921704181,TRUE
22,25,"CHECK",TRUE,23.8305920047629,20.615036947462,27.5477127081931,"",-0.0467763198094842,TRUE
22,25,"FIRST",TRUE,21.3586772552093,17.0261139567312,26.7937296350493,"",-0.145652909791628,TRUE
22,25,"LAST",TRUE,18.645962941835,15.0221897647685,23.143891767609,"",-0.254161482326598,FALSE
23,6.25,"CHECK",TRUE,7.11307642374847,5.8338966301961,8.67273786583798,"",0.138092227799755,TRUE
23,6.25,"FIRST",TRUE,7.32323715324093,5.18317689343349,10.3468979556826,"",0.171717944518548,TRUE
23,6.25,"LAST",TRUE,6.95095703058313,5.08119151572415,9.50875468706423,"",0.112153124893301,TRUE
23,12.5,"CHECK",TRUE,13.1322443690206,11.2544086491334,15.3234032585934,"",0.0505795495216462,TRUE
23,12.5,"FIRST",TRUE,15.961223883199,12.1981180154205,20.8852437341187,"",0.27689791065592,TRUE
23,12.5,"LAST",TRUE,15.2469073405912,9.93298375578787,23.4036608906279,"",0.219752587247299,TRUE
23,25,"CHECK",TRUE,24.6670466054573,21.2644465825082,28.614108807154,"",-0.0133181357817064,TRUE
23,25,"FIRST",TRUE,25.4612416314599,19.9922766802359,32.4262631907483,"",0.0184496652583974,TRUE
23,25,"LAST",TRUE,22.3476274932661,17.8247197278361,28.0181939577916,"",-0.106094900269354,TRUE
24,6.25,"CHECK",TRUE,6.96685642036385,5.73187919162333,8.46791894234232,"",0.114697027258215,TRUE
24,6.25,"FIRST",TRUE,7.43254316281266,5.36987468275441,10.287520869805,"",0.189206906050026,TRUE
24,6.25,"LAST",TRUE,6.82830708335859,5.09183442223955,9.15697050575687,"",0.0925291333373744,TRUE
24,12.5,"CHECK",TRUE,11.7612370555628,10.2432044775903,13.5042405313463,"",-0.0591010355549774,TRUE
24,12.5,"FIRST",TRUE,11.5119530508253,8.87060491249695,14.9397999743742,"",-0.0790437559339755,TRUE
24,12.5,"LAST",TRUE,13.0338874215219,10.3325645156042,16.441438237366,"",0.042710993721751,TRUE
24,25,"CHECK",TRUE,26.6194904104251,23.0195398743928,30.7824254340967,"",0.0647796164170027,TRUE
24,25,"FIRST",TRUE,24.0073231179385,18.7967438304054,30.6623087748211,"",-0.0397070752824607,TRUE
24,25,"LAST",TRUE,29.0850064902748,22.9530339014829,36.8551541452075,"",0.163400259610991,TRUE
25,6.25,"CHECK",TRUE,5.84266048478073,5.03729753622,6.77678483253432,"",-0.065174322435083,TRUE
25,6.25,"FIRST",TRUE,6.34639604601504,5.00725855736401,8.04367146442672,"",0.015423367362407,TRUE
25,6.25,"LAST",TRUE,6.01555850409749,4.84125115535814,7.47470911030284,"",-0.0375106393444013,TRUE
25,12.5,"CHECK",TRUE,12.6685545893788,10.7780551218555,14.8906526798725,"",0.0134843671503053,TRUE
25,12.5,"FIRST",TRUE,12.2056774178859,9.53687644847307,15.6213160602854,"",-0.0235458065691282,TRUE
25,12.5,"LAST",TRUE,10.6668026574367,8.56247027813147,13.288300599804,"",-0.146655787405066,TRUE
25,25,"CHECK",TRUE,20.7811096274195,18.1785235167966,23.7563032524507,"",-0.168755614903221,FALSE
25,25,"FIRST",TRUE,18.3820904065632,15.0565358169031,22.4421641089395,"",-0.264716383737471,FALSE
25,25,"LAST",TRUE,20.2536151095912,16.1731400606186,25.3635919475104,"",-0.18985539561635,TRUE
26,6.25,"CHECK",TRUE,6.54869343888587,5.24920879127238,8.16987615882423,"",0.0477909502217385,TRUE
26,6.25,"FIRST",TRUE,5.75322113437143,4.22343477516157,7.83711722402811,"",-0.0794846185005717,TRUE
26,6.25,"LAST",TRUE,7.24516995372052,5.20522163313007,10.084582628373,"",0.159227192595283,TRUE
26,12.5,"CHECK",TRUE,11.8969585085363,10.3078211032834,13.7310902406668,"",-0.0482433193170974,TRUE
26,12.5,"FIRST",TRUE,12.224283819381,8.60510624558524,17.365632757114,"",-0.0220572944495163,TRUE
26,12.5,"LAST",TRUE,10.338467761853,7.95473544318884,13.4365141903483,"",-0.172922579051762,TRUE
26,25,"CHECK",TRUE,23.2071941227592,20.2026413826884,26.658586313022,"",-0.0717122350896336,TRUE
26,25,"FIRST",TRUE,19.4686527132777,15.8820564539482,23.8651990420291,"",-0.22125389146889,FALSE
26,25,"LAST",TRUE,19.5188665754508,15.9145027498023,23.9395574200383,"",-0.21924533698197,FALSE
27,6.25,"CHECK",TRUE,5.91230275892588,4.97484641899839,7.0264126706931,"",-0.0540315585718599,TRUE
27,6.25,"FIRST",TRUE,6.1860208173761,4.79536710963812,7.97996330168311,"",-0.0102366692198245,TRUE
27,6.25,"LAST",TRUE,5.81150899783256,4.6090788870691,7.32763262669287,"",-0.0701585603467899,TRUE
27,12.5,"CHECK",TRUE,10.462786260665,9.02438112517773,12.1304602296709,"",-0.162977099146797,FALSE
27,12.5,"FIRST",TRUE,12.4250383852433,9.17785343147244,16.8210987490133,"",-0.00599692918053989,TRUE
27,12.5,"LAST",TRUE,10.1196487431203,7.92617901224678,12.9201334622782,"",-0.190428100550373,TRUE
27,25,"CHECK",TRUE,24.0552740535422,20.5662904467511,28.1361488737718,"",-0.0377890378583133,TRUE
27,25,"FIRST",TRUE,25.5668987225114,19.4112591373191,33.6745960508273,"",0.0226759489004544,TRUE
27,25,"LAST",TRUE,22.6116429004211,17.2859889283982,29.5780818079896,"",-0.0955342839831556,TRUE
28,6.25,"CHECK",TRUE,6.10779150547236,5.29218915148498,7.04908989578586,"",-0.022753359124423,TRUE
28,6.25,"FIRST",TRUE,6.35082791293843,5.15731497308477,7.82054526245724,"",0.0161324660701493,TRUE
28,6.25,"LAST",TRUE,6.28415153327986,5.12551127167535,7.7047065941415,"",0.00546424532477829,TRUE
28,12.5,"CHECK",TRUE,12.6765946100594,10.9356341609499,14.6947171551896,"",0.0141275688047551,TRUE
28,12.5,"FIRST",TRUE,13.2635190536205,9.83566922420891,17.8860160580385,"",0.0610815242896435,TRUE
28,12.5,"LAST",TRUE,12.9538482007765,9.5256511793492,17.6158227977676,"",0.0363078560621234,TRUE
28,25,"CHECK",TRUE,25.040615404446,21.5590787464278,29.0843791243759,"",0.0016246161778416,TRUE
28,25,"FIRST",TRUE,27.899275376079,20.7804883582659,37.4567504425696,"",0.115971015043161,TRUE
28,25,"LAST",TRUE,23.7011883318406,18.5424893730055,30.295086977867,"",-0.0519524667263765,TRUE
29,6.25,"CHECK",TRUE,7.14311560201817,5.7433508540741,8.88402986343781,"",0.142898496322907,TRUE
29,6.25,"FIRST",TRUE,8.54180313782686,6.15004320361257,11.8637216731307,"",0.366688502052298,TRUE
29,6.25,"LAST",TRUE,6.83917203082455,5.15602852541057,9.0717640208339,"",0.0942675249319288,TRUE
29,12.5,"CHECK",TRUE,15.041585958975,12.3374660801432,18.338393531665,"",0.203326876718001,TRUE
29,12.5,"FIRST",TRUE,17.2816979573308,11.5145597496102,25.9373428757032,"",0.382535836586463,TRUE
29,12.5,"LAST",TRUE,17.6535826969594,12.0590892079505,25.8434925444384,"",0.412286615756754,TRUE
29,25,"CHECK",TRUE,25.7059530745971,21.9145338249274,30.153323303722,"",0.0282381229838843,TRUE
29,25,"FIRST",TRUE,25.0234378544744,19.1547588828706,32.6901761533895,"",0.000937514178975647,TRUE
29,25,"LAST",TRUE,27.2057880783064,20.35460478978,36.3630201915465,"",0.0882315231322575,TRUE
30,6.25,"CHECK",TRUE,5.65519133355629,4.91668153566326,6.50462894274397,"",-0.0951693866309941,TRUE
30,6.25,"FIRST",TRUE,5.55864287491922,4.53567190133967,6.81233371438617,"",-0.110617140012925,TRUE
30,6.25,"LAST",TRUE,5.62745602567692,4.57995223170449,6.91453965430153,"",-0.0996070358916921,TRUE
30,12.5,"CHECK",TRUE,12.817783476179,11.026752090806,14.8997249497606,"",0.0254226780943195,TRUE
30,12.5,"FIRST",TRUE,12.6944385640215,9.60316442631052,16.7807988389956,"",0.0155550851217184,TRUE
30,12.5,"LAST",TRUE,12.2762548217823,9.45908040442285,15.9324612970692,"",-0.0178996142574175,TRUE
30,25,"CHECK",TRUE,26.8809757876461,22.568658842387,32.0172706912871,"",0.0752390315058439,TRUE
30,25,"FIRST",TRUE,26.5514782556873,20.010298269492,35.230909008341,"",0.0620591302274927,TRUE
30,25,"LAST",TRUE,25.9760086781081,19.7651245533898,34.1385668996164,"",0.0390403471243249,TRUE
31,6.25,"CHECK",TRUE,5.64862093673849,4.89528591232986,6.51788660731659,"",-0.0962206501218415,TRUE
31,6.25,"FIRST",TRUE,5.77180391852357,4.72524000949292,7.05016473384578,"",-0.0765113730362282,TRUE
31,6.25,"LAST",TRUE,6.08186021397187,4.94085398364595,7.48636243546689,"",-0.0269023657645003,TRUE
31,12.5,"CHECK",TRUE,13.7678743687146,11.6330244131632,16.2945041547597,"",0.101429949497168,TRUE
31,12.5,"FIRST",TRUE,14.4607750081019,10.7166909481345,19.5129275302416,"",0.15686200064815,TRUE
31,12.5,"LAST",TRUE,13.3668931480512,10.1746811390432,17.5606321210199,"",0.0693514518440946,TRUE
31,25,"CHECK",TRUE,26.5007039679825,22.5782026097869,31.1046597878533,"",0.0600281587193005,TRUE
31,25,"FIRST",TRUE,27.9951272474603,21.2896973353198,36.8125078181024,"",0.119805089898412,TRUE
31,25,"LAST",TRUE,27.2401803978143,21.0170382900166,35.3059940161949,"",0.0896072159125711,TRUE
32,6.25,"CHECK",TRUE,6.48610637749363,5.3534600849449,7.8583897652422,"",0.0377770203989816,TRUE
32,6.25,"FIRST",TRUE,8.14473561589335,5.71173240856624,11.6141152119298,"",0.303157698542936,TRUE
32,6.25,"LAST",TRUE,6.53556196989862,4.86050238948123,8.78789204071227,"",0.0456899151837784,TRUE
32,12.5,"CHECK",TRUE,12.4958198534223,10.7032386290924,14.5886230532846,"",-0.000334411726214228,TRUE
32,12.5,"FIRST",TRUE,10.4140517399646,8.33174818592766,13.0167728575663,"",-0.166875860802828,TRUE
32,12.5,"LAST",TRUE,11.7111442753817,9.24439955464375,14.8361069237763,"",-0.0631084579694677,TRUE
32,25,"CHECK",TRUE,24.2724870902638,20.6567295266662,28.521147492708,"",-0.0291005163894474,TRUE
32,25,"FIRST",TRUE,28.5673365568606,20.6007648254508,39.614680564904,"",0.142693462274424,TRUE
32,25,"LAST",TRUE,27.5465292679614,20.3372154433846,37.3114636476689,"",0.101861170718458,TRUE
33,6.25,"CHECK",TRUE,5.40302013804521,4.61675794473113,6.32318760515443,"",-0.135516777912766,TRUE
33,6.25,"FIRST",TRUE,5.58793680036745,4.32390190865115,7.22149538647641,"",-0.105930111941209,TRUE
33,6.25,"LAST",TRUE,5.54974468463085,4.35043728671384,7.07967131457107,"",-0.112040850459064,TRUE
33,12.5,"CHECK",TRUE,13.2650354433098,11.0093753220012,15.9828473610689,"",0.0612028354647822,TRUE
33,12.5,"FIRST",TRUE,12.1845454022312,9.02408124189099,16.4518849819135,"",-0.0252363678215045,TRUE
33,12.5,"LAST",TRUE,11.222369705013,8.50502666908705,14.8078996922785,"",-0.102210423598958,TRUE
33,25,"CHECK",TRUE,24.182290163113,20.5700997128619,28.428795469929,"",-0.0327083934754781,TRUE
33,25,"FIRST",TRUE,24.5340690349642,17.8099582719192,33.7968530988325,"",-0.018637238601431,TRUE
33,25,"LAST",TRUE,24.8849762035302,18.5929241550644,33.3063285519608,"",-0.00460095185879126,TRUE
34,6.25,"CHECK",TRUE,6.34630343300196,5.19060654512262,7.75931809001736,"",0.0154085492803139,TRUE
34,6.25,"FIRST",TRUE,6.71829174895747,5.11047882874451,8.83194032039428,"",0.0749266798331948,TRUE
34,6.25,"LAST",TRUE,7.04436625356559,5.36416767395014,9.25084727596361,"",0.127098600570495,TRUE
34,12.5,"CHECK",TRUE,12.1220387788623,10.4427503322459,14.0713719548094,"",-0.0302368976910152,TRUE
34,12.5,"FIRST",TRUE,12.4105056228023,9.23861655218668,16.6713975998011,"",-0.00715955017581635,TRUE
34,12.5,"LAST",TRUE,12.0990133974299,9.23294141705196,15.8547659493251,"",-0.0320789282056053,TRUE
34,25,"CHECK",TRUE,23.3963720915731,20.2808279712652,26.9905266107927,"",-0.0641451163370752,TRUE
34,25,"FIRST",TRUE,25.2716611313619,19.7505948013004,32.3360821668186,"",0.0108664452544772,TRUE
34,25,"LAST",TRUE,23.3223817658434,18.4078710232316,29.5489625359324,"",-0.0671047293662633,TRUE
35,6.25,"CHECK",TRUE,7.26520052419857,5.89711342125206,8.9506738104434,"",0.16243208387177,TRUE
35,6.25,"FIRST",TRUE,6.42240978140828,4.77891589177447,8.6311097191152,"",0.0275855650253249,TRUE
35,6.25,"LAST",TRUE,6.50164449492051,4.90100485656217,8.62504371562317,"",0.0402631191872815,TRUE
35,12.5,"CHECK",TRUE,13.3440792474292,11.3784754869526,15.6492362413447,"",0.0675263397943343,TRUE
35,12.5,"FIRST",TRUE,14.3984814160049,11.1152836141168,18.6514599432928,"",0.151878513280391,TRUE
35,12.5,"LAST",TRUE,14.1603028559853,10.9789409502015,18.263526316675,"",0.132824228478823,TRUE
35,25,"CHECK",TRUE,28.1832539654183,23.8017110064107,33.3713741783241,"",0.127330158616732,TRUE
35,25,"FIRST",TRUE,32.8876351581755,26.7910389714662,40.3715789988293,"",0.315505406327019,FALSE
35,25,"LAST",TRUE,29.2834884389723,21.6468851976798,39.6141378921038,"",0.171339537558894,TRUE
36,6.25,"CHECK",TRUE,6.52657741764823,5.03200037276347,8.46506550737057,"",0.0442523868237174,TRUE
36,6.25,"FIRST",TRUE,7.14523999369729,4.78833200409595,10.6622628764795,"",0.143238398991566,TRUE
36,6.25,"LAST",TRUE,7.37754650752584,4.99430461278927,10.898052219588,"",0.180407441204134,TRUE
36,12.5,"CHECK",TRUE,13.2706775669054,11.3191856994982,15.5586177098035,"",0.0616542053524329,TRUE
36,12.5,"FIRST",TRUE,13.9014756007212,10.5050444689927,18.3960214968968,"",0.112118048057697,TRUE
36,12.5,"LAST",TRUE,13.1056427018,10.0278473951358,17.1280897942821,"",0.0484514161440008,TRUE
36,25,"CHECK",TRUE,24.043411599377,20.7612466954325,27.844457022142,"",-0.0382635360249202,TRUE
36,25,"FIRST",TRUE,25.3520558287336,19.6305274484552,32.7411851989645,"",0.0140822331493447,TRUE
36,25,"LAST",TRUE,21.7145236372506,17.2712446423648,27.3009008068891,"",-0.131419054509976,TRUE
37,6.25,"CHECK",TRUE,5.7258184151842,4.81966611099018,6.8023377073577,"",-0.0838690535705277,TRUE
37,6.25,"FIRST",TRUE,5.17776697508284,4.04895508603638,6.62128136237312,"",-0.171557283986745,TRUE
37,6.25,"LAST",TRUE,6.37634573906338,4.88294701038505,8.32648498900373,"",0.0202153182501408,TRUE
37,12.5,"CHECK",TRUE,12.0180948029184,10.2453446291191,14.0975836265601,"",-0.0385524157665243,TRUE
37,12.5,"FIRST",TRUE,13.3228533553081,10.602436253771,16.7412863683959,"",0.0658282684246443,TRUE
37,12.5,"LAST",TRUE,13.4933713405757,10.3649204507984,17.5660846601716,"",0.0794697072460531,TRUE
37,25,"CHECK",TRUE,24.9199299350824,21.2323323619329,29.2479835650465,"",-0.0032028025967027,TRUE
37,25,"FIRST",TRUE,27.0579252498912,19.8974299939057,36.795270497393,"",0.0823170099956481,TRUE
37,25,"LAST",TRUE,22.1685045837474,17.0084772230754,28.8939796922496,"",-0.113259816650103,TRUE
38,6.25,"CHECK",TRUE,6.00887881469558,5.16213899104371,6.99450841450457,"",-0.0385793896487071,TRUE
38,6.25,"FIRST",TRUE,5.85556055864269,4.59507391331726,7.46181456549827,"",-0.0631103106171697,TRUE
38,6.25,"LAST",TRUE,6.95323628494552,5.41452229712681,8.92922628833543,"",0.112517805591284,TRUE
38,12.5,"CHECK",TRUE,11.4246631952986,9.91119932952015,13.1692366167284,"",-0.0860269443761111,TRUE
38,12.5,"FIRST",TRUE,10.7774505934975,8.58438275486258,13.5307854521614,"",-0.137803952520199,TRUE
38,12.5,"LAST",TRUE,11.6244628174909,8.86532850654129,15.2423156903349,"",-0.0700429746007316,TRUE
38,25,"CHECK",TRUE,23.4091339227478,20.1871375536458,27.1453815359857,"",-0.0636346430900895,TRUE
38,25,"FIRST",TRUE,23.2434793954924,18.2982340622853,29.5252171641096,"",-0.0702608241803034,TRUE
38,25,"LAST",TRUE,23.7303077576937,18.326879181155,30.7268630249882,"",-0.0507876896922517,TRUE
39,6.25,"CHECK",TRUE,6.19451469183322,5.1081191270211,7.51196503314811,"",-0.00887764930668553,TRUE
39,6.25,"FIRST",TRUE,5.79131585429905,4.46083297193254,7.51862702219166,"",-0.0733894633121524,TRUE
39,6.25,"LAST",TRUE,5.76113917807939,4.45653532085266,7.44765209733621,"",-0.078217731507298,TRUE
39,12.5,"CHECK",TRUE,10.9728524787015,9.31391238419718,12.9272733683465,"",-0.122171801703883,TRUE
39,12.5,"FIRST",TRUE,12.7200203549699,9.21261338163223,17.5627600039568,"",0.0176016283975905,TRUE
39,12.5,"LAST",TRUE,14.6157915226245,11.3101941743721,18.8875061329071,"",0.169263321809961,TRUE
39,25,"CHECK",TRUE,26.6389045815213,22.8647403597142,31.0360505362968,"",0.065556183260852,TRUE
39,25,"FIRST",TRUE,24.4521527350622,17.856856763352,33.4833717547598,"",-0.021913890597511,TRUE
39,25,"LAST",TRUE,25.5986923854531,20.0625735064167,32.6624623523733,"",0.0239476954181259,TRUE
40,6.25,"CHECK",TRUE,6.22636978900781,5.21832772165427,7.42913876194409,"",-0.0037808337587505,TRUE
40,6.25,"FIRST",TRUE,5.69338163003055,4.31248601582662,7.51645205716827,"",-0.0890589391951113,TRUE
40,6.25,"LAST",TRUE,8.04936566990315,5.76583714189721,11.237273286303,"",0.287898507184504,TRUE
40,12.5,"CHECK",TRUE,12.4129863628899,10.8062055750337,14.2586802902654,"",-0.00696109096881173,TRUE
40,12.5,"FIRST",TRUE,13.4918249691667,10.4149341951342,17.4777235830901,"",0.0793459975333344,TRUE
40,12.5,"LAST",TRUE,11.5646722588958,9.1736125509174,14.5789506275037,"",-0.0748262192883385,TRUE
40,25,"CHECK",TRUE,22.3645821332643,19.5955175881101,25.5249462917487,"",-0.105416714669426,TRUE
40,25,"FIRST",TRUE,27.6921616535511,12.0659832002551,63.5551868686669,"",0.107686466142044,TRUE
40,25,"LAST",TRUE,25.3185354499495,21.1059596164222,30.3719067495787,"",0.01274141799798,TRUE
41,6.25,"CHECK",TRUE,6.21372736857898,5.28404813049253,7.30697504214985,"",-0.00580362102736274,TRUE
41,6.25,"FIRST",TRUE,6.03247232559103,4.76566982538455,7.6360141789901,"",-0.0348044279054346,TRUE
41,6.25,"LAST",TRUE,5.95708468162509,4.66498792731524,7.60706318150655,"",-0.0468664509399859,TRUE
41,12.5,"CHECK",TRUE,13.0557407637893,11.2670731477644,15.1283624998113,"",0.0444592611031446,TRUE
41,12.5,"FIRST",TRUE,14.2655204389896,9.30890662026566,21.8613293372388,"",0.141241635119169,TRUE
41,12.5,"LAST",TRUE,13.2884786296501,9.8999929913755,17.8367463941136,"",0.0630782903720051,TRUE
41,25,"CHECK",TRUE,25.1111351016425,21.5988414033518,29.1945801312792,"",0.00444540406570184,TRUE
41,25,"FIRST",TRUE,30.6555913385601,21.5194382330691,43.6705303427789,"",0.226223653542404,TRUE
41,25,"LAST",TRUE,28.9013628415808,21.0574508023227,39.6671364422029,"",0.156054513663233,TRUE
42,6.25,"CHECK",TRUE,6.67807686126848,5.47641500646675,8.14341325709392,"",0.0684922978029563,TRUE
42,6.25,"FIRST",TRUE,5.74068337621593,4.29875173028453,7.66628260799342,"",-0.0814906598054516,TRUE
42,6.25,"LAST",TRUE,7.60088948833313,5.42294436867675,10.6535337790954,"",0.216142318133301,TRUE
42,12.5,"CHECK",TRUE,13.0145904888647,11.130477876828,15.2176364274054,"",0.0411672391091764,TRUE
42,12.5,"FIRST",TRUE,14.8460316022263,11.5084753263192,19.151507744058,"",0.187682528178106,TRUE
42,12.5,"LAST",TRUE,15.6612564787056,11.7372879122234,20.8970723327291,"",0.252900518296451,TRUE
42,25,"CHECK",TRUE,25.6082493249981,21.9991429569082,29.8094537035289,"",0.0243299729999252,TRUE
42,25,"FIRST",TRUE,30.5566530938096,22.5834527674995,41.3448314528394,"",0.222266123752385,TRUE
42,25,"LAST",TRUE,24.7972661016252,19.0845999240521,32.2199264622704,"",-0.00810935593499252,TRUE
43,6.25,"CHECK",TRUE,5.44603183149149,4.77063567452409,6.21704626660205,"",-0.128634906961362,FALSE
43,6.25,"FIRST",TRUE,5.45741631229909,4.43133784781255,6.72108375136648,"",-0.126813390032145,TRUE
43,6.25,"LAST",TRUE,4.83333680710481,3.99568016041377,5.8466002665476,"",-0.226666110863231,FALSE
43,12.5,"CHECK",TRUE,12.0081536866907,10.314549329094,13.9798405497421,"",-0.0393477050647411,TRUE
43,12.5,"FIRST",TRUE,10.1182175192151,7.90319005976067,12.9540508316273,"",-0.190542598462792,TRUE
43,12.5,"LAST",TRUE,13.2804822951992,9.36531072670133,18.8323927673054,"",0.0624385836159323,TRUE
43,25,"CHECK",TRUE,26.5439384726376,22.0050699809823,32.0190151745983,"",0.0617575389055033,TRUE
43,25,"FIRST",TRUE,27.118832183636,20.0869130805666,36.6124479184269,"",0.0847532873454405,TRUE
43,25,"LAST",TRUE,26.6023176484083,19.4023330438361,36.4741344593937,"",0.0640927059363327,TRUE
44,6.25,"CHECK",TRUE,7.02371551877873,5.93423809393756,8.31321205988204,"",0.123794483004596,TRUE
44,6.25,"FIRST",TRUE,7.07730738004248,5.44425873170259,9.20020194116299,"",0.132369180806796,TRUE
44,6.25,"LAST",TRUE,7.41817017385796,5.65007095024339,9.73956773515302,"",0.186907227817274,TRUE
44,12.5,"CHECK",TRUE,13.2352296451517,11.2527323811411,15.567001669166,"",0.0588183716121347,TRUE
44,12.5,"FIRST",TRUE,9.76345557924329,7.86415519369891,12.1214628272132,"",-0.218923553660537,FALSE
44,12.5,"LAST",TRUE,12.0950808178741,9.46939457158568,15.4488208179511,"",-0.0323935345700723,TRUE
44,25,"CHECK",TRUE,26.3020347306749,22.6404920177529,30.5557419172329,"",0.0520813892269945,TRUE
44,25,"FIRST",TRUE,23.5591279922928,18.6540303291204,29.7540264470774,"",-0.0576348803082894,TRUE
44,25,"LAST",TRUE,23.7255530950243,18.6180818081043,30.2341495470168,"",-0.0509778761990283,TRUE
45,6.25,"CHECK",TRUE,5.92185649218843,5.06919109593204,6.91794482599327,"",-0.0525029612498513,TRUE
45,6.25,"FIRST",TRUE,5.70607311798082,4.5731245387793,7.11969904857092,"",-0.0870283011230696,TRUE
45,6.25,"LAST",TRUE,5.78910260044282,4.62973410081929,7.23879777728987,"",-0.0737435839291494,TRUE
45,12.5,"CHECK",TRUE,12.450824491587,10.664154723431,14.5368324579621,"",-0.00393404067304345,TRUE
45,12.5,"FIRST",TRUE,12.1705163551354,9.06991792466241,16.331070422132,"",-0.0263586915891642,TRUE
45,12.5,"LAST",TRUE,12.7482704527117,9.92216029045402,16.3793362310261,"",0.0198616362169369,TRUE
45,25,"CHECK",TRUE,27.8235324721568,23.3950863206416,33.0902373523679,"",0.112941298886274,TRUE
45,25,"FIRST",TRUE,24.6458326367421,18.5059450882224,32.8228071283362,"",-0.0141666945303149,TRUE
45,25,"LAST",TRUE,29.3847827955534,21.2838963856124,40.5689561863089,"",0.175391311822135,TRUE
46,6.25,"CHECK",TRUE,6.6249978997923,5.44757133256588,8.05691095954484,"",0.0599996639667675,TRUE
46,6.25,"FIRST",TRUE,7.01660521846539,5.18524504430951,9.4947776568102,"",0.122656834954462,TRUE
46,6.25,"LAST",TRUE,6.40469365553235,4.86770490526949,8.42699005373362,"",0.0247509848851759,TRUE
46,12.5,"CHECK",TRUE,11.8249128599297,10.3804650650559,13.4703564116447,"",-0.0540069712056277,TRUE
46,12.5,"FIRST",TRUE,11.360386574363,8.94627399015865,14.425936793456,"",-0.0911690740509579,TRUE
46,12.5,"LAST",TRUE,12.1969654130893,9.48861899222194,15.6783579791795,"",-0.024242766952855,TRUE
46,25,"CHECK",TRUE,27.8058510855592,23.7275028482038,32.5851969985465,"",0.112234043422368,TRUE
46,25,"FIRST",TRUE,24.6351441969574,18.8870901393981,32.1325479534258,"",-0.0145942321217024,TRUE
46,25,"LAST",TRUE,26.9594675340963,20.5401714531678,35.3849475589408,"",0.0783787013638532,TRUE
47,6.25,"CHECK",TRUE,5.78144288662774,5.04940537486125,6.61960753195756,"",-0.0749691381395614,TRUE
47,6.25,"FIRST",TRUE,5.7967911686891,4.76750084556158,7.04830244229012,"",-0.0725134130097445,TRUE
47,6.25,"LAST",TRUE,5.46995288611527,4.50704144659317,6.6385865164247,"",-0.124807538221557,TRUE
47,12.5,"CHECK",TRUE,12.0281995332353,10.4728695612662,13.8145121702281,"",-0.0377440373411743,TRUE
47,12.5,"FIRST",TRUE,11.6342314400868,9.06302895415573,14.9348900777193,"",-0.0692614847930598,TRUE
47,12.5,"LAST",TRUE,12.4332531243068,9.47809114019977,16.3098013056062,"",-0.00533975005545742,TRUE
47,25,"CHECK",TRUE,25.5813664406205,21.8758513278272,29.9145527715699,"",0.0232546576248193,TRUE
47,25,"FIRST",TRUE,22.0178743481761,17.2503414108589,28.1030258628332,"",-0.119285026072955,TRUE
47,25,"LAST",TRUE,24.3514607021273,19.0998535253031,31.047025441408,"",-0.0259415719149061,TRUE
48,6.25,"CHECK",TRUE,6.08674633130007,4.89328771249432,7.57128603065722,"",-0.0261205869919883,TRUE
48,6.25,"FIRST",TRUE,5.93997494803251,4.37559086017815,8.06366580211234,"",-0.049604008314798,TRUE
48,6.25,"LAST",TRUE,5.5077189632622,4.1062299382676,7.38754736932151,"",-0.118764965878048,TRUE
48,12.5,"CHECK",TRUE,12.5413781797705,10.9092026731704,14.4177508989586,"",0.0033102543816409,TRUE
48,12.5,"FIRST",TRUE,13.5086580218869,10.4249647074162,17.5045044922283,"",0.0806926417509486,TRUE
48,12.5,"LAST",TRUE,13.9081792170878,10.7041366499519,18.0712798668824,"",0.112654337367028,TRUE
48,25,"CHECK",TRUE,24.3952168918547,20.9454793470814,28.4131290260282,"",-0.0241913243258129,TRUE
48,25,"FIRST",TRUE,27.8239335415915,20.2743337600488,38.1847949673407,"",0.112957341663659,TRUE
48,25,"LAST",TRUE,24.9674253775655,18.6576145397886,33.4111484967661,"",-0.00130298489738138,TRUE
49,6.25,"CHECK",TRUE,5.36101188289296,4.37382741658423,6.57100650554809,"",-0.142238098737126,TRUE
49,6.25,"FIRST",TRUE,5.66207216037023,4.21739639271784,7.60162388448852,"",-0.0940684543407627,TRUE
49,6.25,"LAST",TRUE,6.02973245614193,4.48809389652184,8.100916409264,"",-0.0352428070172913,TRUE
49,12.5,"CHECK",TRUE,13.6287747284069,11.4661379182204,16.1993080776138,"",0.0903019782725527,TRUE
49,12.5,"FIRST",TRUE,16.6930191355559,12.4184729419866,22.4389012370355,"",0.335441530844472,TRUE
49,12.5,"LAST",TRUE,16.1383904772037,12.360226131365,21.0714306054478,"",0.291071238176297,TRUE
49,25,"CHECK",TRUE,29.6636654483605,24.9803630443405,35.2249903762551,"",0.186546617934418,TRUE
49,25,"FIRST",TRUE,26.5680244722143,20.4821433313578,34.4622099814876,"",0.0627209788885718,TRUE
49,25,"LAST",TRUE,32.3358570935675,26.360157796077,39.6662137633799,"",0.293434283742699,FALSE
50,6.25,"CHECK",TRUE,5.4067268152729,4.65891604526408,6.27457000104283,"",-0.134923709556335,TRUE
50,6.25,"FIRST",TRUE,5.41037921955383,4.31534105654689,6.78328848538412,"",-0.134339324871388,TRUE
50,6.25,"LAST",TRUE,5.78868806075885,4.62912721235863,7.2387100046228,"",-0.0738099102785834,TRUE
50,12.5,"CHECK",TRUE,12.9344154583614,10.9906894943599,15.2218933430292,"",0.0347532366689094,TRUE
50,12.5,"FIRST",TRUE,13.1013137961231,9.50057329498702,18.0667437485119,"",0.0481051036898488,TRUE
50,12.5,"LAST",TRUE,15.1277101045164,10.9322210171403,20.9333137930056,"",0.210216808361314,TRUE
50,25,"CHECK",TRUE,21.3513882410668,18.3022670638755,24.9084869229436,"",-0.145944470357328,FALSE
50,25,"FIRST",TRUE,19.7841934616284,15.4106695625646,25.3989165972361,"",-0.208632261534862,TRUE
50,25,"LAST",TRUE,21.7570521027048,16.6917514421975,28.3594755073522,"",-0.129717915891808,TRUE
51,6.25,"CHECK",TRUE,6.72286422414882,5.56469317923024,8.12208362988168,"",0.0756582758638119,TRUE
51,6.25,"FIRST",TRUE,7.6651482807816,5.80499366120982,10.1213716319759,"",0.226423724925055,TRUE
51,6.25,"LAST",TRUE,6.75107639038694,5.14685706872112,8.85531341171766,"",0.0801722224619101,TRUE
51,12.5,"CHECK",TRUE,11.2837412656317,9.74864704249859,13.0605628037065,"",-0.0973006987494617,TRUE
51,12.5,"FIRST",TRUE,11.2491947344357,8.70101045363969,14.5436421261075,"",-0.100064421245143,TRUE
51,12.5,"LAST",TRUE,11.1493277388916,8.6230405776456,14.4157397741434,"",-0.108053780888669,TRUE
51,25,"CHECK",TRUE,25.4931561149557,21.7842384889504,29.8335426795458,"",0.0197262445982291,TRUE
51,25,"FIRST",TRUE,26.8314587447862,20.9676436776491,34.3351494064441,"",0.073258349791448,TRUE
51,25,"LAST",TRUE,23.3551453043393,17.8310750236989,30.5905735611476,"",-0.0657941878264282,TRUE
52,6.25,"CHECK",TRUE,6.01587505488387,5.18215460261648,6.98372693429509,"",-0.0374599912185811,TRUE
52,6.25,"FIRST",TRUE,5.65442261165303,4.55179026820012,7.02415822946425,"",-0.0952923821355147,TRUE
52,6.25,"LAST",TRUE,6.73736276988165,5.27591774776201,8.60363244143489,"",0.0779780431810633,TRUE
52,12.5,"CHECK",TRUE,12.6017506509881,11.0261002146166,14.4025644950299,"",0.00814005207904955,TRUE
52,12.5,"FIRST",TRUE,14.8045920350395,11.4556676581418,19.1325335078292,"",0.184367362803157,TRUE
52,12.5,"LAST",TRUE,12.7463187460119,9.81034313583942,16.5609540181525,"",0.019705499680953,TRUE
52,25,"CHECK",TRUE,25.4806016783958,21.9319651926886,29.6034147505172,"",0.0192240671358321,TRUE
52,25,"FIRST",TRUE,27.4227500860972,21.0748746800353,35.6826426586981,"",0.0969100034438871,TRUE
52,25,"LAST",TRUE,21.813850221035,17.484474995698,27.215233032895,"",-0.127445991158601,TRUE
53,6.25,"CHECK",TRUE,6.19217736652136,5.11716722998947,7.49302471761087,"",-0.00925162135658212,TRUE
53,6.25,"FIRST",TRUE,7.6273066410906,5.519129111623,10.5407584096392,"",0.220369062574497,TRUE
53,6.25,"LAST",TRUE,5.69446507134414,4.36933144690142,7.42148606550655,"",-0.0888855885849369,TRUE
53,12.5,"CHECK",TRUE,12.6552670419616,10.916464831758,14.6710300790267,"",0.0124213633569258,TRUE
53,12.5,"FIRST",TRUE,12.4510664407419,9.28624775171901,16.6944776465898,"",-0.00391468474065164,TRUE
53,12.5,"LAST",TRUE,13.13131836394,9.82792238188073,17.5450634706935,"",0.0505054691151969,TRUE
53,25,"CHECK",TRUE,29.5561803301589,25.1749750936338,34.6998474659774,"",0.182247213206356,FALSE
53,25,"FIRST",TRUE,28.3724185873971,21.3194288609109,37.7587102239137,"",0.134896743495884,TRUE
53,25,"LAST",TRUE,25.5061270766234,19.544798339531,33.2857114792044,"",0.0202450830649374,TRUE
54,6.25,"CHECK",TRUE,5.94228393984749,5.17220516020797,6.82701813405049,"",-0.0492345696244023,TRUE
54,6.25,"FIRST",TRUE,6.33568545528559,5.1440200980085,7.80341239410357,"",0.0137096728456945,TRUE
54,6.25,"LAST",TRUE,5.10191772955892,4.18968222436064,6.212777753845,"",-0.183693163270572,FALSE
54,12.5,"CHECK",TRUE,13.055235883296,11.3254033950354,15.049281515501,"",0.0444188706636787,TRUE
54,12.5,"FIRST",TRUE,13.6794442852281,10.449020055151,17.9085880747653,"",0.0943555428182513,TRUE
54,12.5,"LAST",TRUE,14.1953283719378,10.8278338778203,18.6101255210344,"",0.135626269755028,TRUE
54,25,"CHECK",TRUE,24.4067314017342,21.1000517725975,28.2316149806806,"",-0.0237307439306302,TRUE
54,25,"FIRST",TRUE,24.337352220371,18.7630744556046,31.5676790869139,"",-0.0265059111851605,TRUE
54,25,"LAST",TRUE,22.787437526514,17.8842440586745,29.0349039814694,"",-0.0885024989394392,TRUE
55,6.25,"CHECK",TRUE,6.190216538708,5.04198172106154,7.5999444099584,"",-0.00956535380671966,TRUE
55,6.25,"FIRST",TRUE,5.53141080025968,4.22440823456554,7.24279088154369,"",-0.114974271958451,TRUE
55,6.25,"LAST",TRUE,5.87359172745175,4.42686782304169,7.79311268369549,"",-0.0602253236077202,TRUE
55,12.5,"CHECK",TRUE,11.9064857213062,10.4264746816042,13.5965804896441,"",-0.047481142295504,TRUE
55,12.5,"FIRST",TRUE,10.845098558965,8.47240135191569,13.8822699572737,"",-0.132392115282803,TRUE
55,12.5,"LAST",TRUE,13.5988642174716,9.67167055380391,19.1206996740078,"",0.0879091373977263,TRUE
55,25,"CHECK",TRUE,24.4267253111541,21.0277051638396,28.375179544206,"",-0.022930987553837,TRUE
55,25,"FIRST",TRUE,26.6875591345172,22.5302834034677,31.6119331392312,"",0.067502365380688,TRUE
55,25,"LAST",TRUE,27.0966926446139,21.0272747139895,34.9180177775577,"",0.0838677057845567,TRUE
56,6.25,"CHECK",TRUE,6.41929157343353,5.40092704048524,7.62967246101745,"",0.0270866517493647,TRUE
56,6.25,"FIRST",TRUE,6.08829380104942,4.71682644935039,7.85852984118204,"",-0.0258729918320927,TRUE
56,6.25,"LAST",TRUE,6.5062909839363,4.9768251152386,8.50578860768776,"",0.0410065574298082,TRUE
56,12.5,"CHECK",TRUE,13.5441544140449,11.0990880748591,16.5278550412638,"",0.0835323531235898,TRUE
56,12.5,"FIRST",TRUE,12.8007117867187,9.2756162257929,17.6654810050244,"",0.0240569429374999,TRUE
56,12.5,"LAST",TRUE,15.139513942501,10.720731432704,21.3795937202553,"",0.21116111540008,TRUE
56,25,"CHECK",TRUE,31.0714210257488,26.2458317082376,36.7842488396484,"",0.242856841029953,FALSE
56,25,"FIRST",TRUE,27.9584366551108,20.7760005300483,37.6239006668926,"",0.118337466204433,TRUE
56,25,"LAST",TRUE,26.3292690069233,19.5625146291018,35.4366715927032,"",0.053170760276931,TRUE
57,6.25,"CHECK",TRUE,7.02945726939826,5.83675823751523,8.4658756610299,"",0.124713163103721,TRUE
57,6.25,"FIRST",TRUE,7.61263233699687,5.55488649679258,10.4326472074186,"",0.218021173919499,TRUE
57,6.25,"LAST",TRUE,8.97245821236941,6.27000850214678,12.839696524359,"",0.435593313979105,FALSE
57,12.5,"CHECK",TRUE,13.5895499199957,11.5493596247026,15.9901391097961,"",0.0871639935996585,TRUE
57,12.5,"FIRST",TRUE,14.4225600400723,10.4070300201923,19.9874736313721,"",0.153804803205788,TRUE
57,12.5,"LAST",TRUE,16.0331691238065,12.7249947488958,20.2013845369083,"",0.282653529904522,FALSE
57,25,"CHECK",TRUE,25.0860619777948,21.8376667658839,28.8176622667814,"",0.00344247911179025,TRUE
57,25,"FIRST",TRUE,25.7375473317222,19.3681283896903,34.2016187276645,"",0.0295018932688899,TRUE
57,25,"LAST",TRUE,30.1958287727351,22.376569595919,40.7474466255377,"",0.207833150909405,TRUE
58,6.25,"CHECK",TRUE,7.27712502466648,5.91934766723299,8.94634875355814,"",0.164340003946637,TRUE
58,6.25,"FIRST",TRUE,6.41560867835296,4.93286831422719,8.34403679397757,"",0.0264973885364735,TRUE
58,6.25,"LAST",TRUE,6.72782482430226,5.17069282943314,8.75388044883339,"",0.0764519718883615,TRUE
58,12.5,"CHECK",TRUE,13.2720398042159,11.3939342829593,15.4597206013497,"",0.0617631843372719,TRUE
58,12.5,"FIRST",TRUE,12.8432662208022,10.0954501947377,16.3389927181632,"",0.0274612976641748,TRUE
58,12.5,"LAST",TRUE,12.6692853509002,9.91818136330799,16.1834902410979,"",0.013542828072015,TRUE
58,25,"CHECK",TRUE,22.904037328837,19.802858456591,26.4908688364713,"",-0.0838385068465202,TRUE
58,25,"FIRST",TRUE,20.430728761225,16.4267319348996,25.4106951625554,"",-0.182770849550999,TRUE
58,25,"LAST",TRUE,19.8567198649958,15.9473456458969,24.7244483534703,"",-0.205731205400169,FALSE
59,6.25,"CHECK",TRUE,6.53452818129657,5.54581346696582,7.69951221881266,"",0.045524509007452,TRUE
59,6.25,"FIRST",TRUE,5.48181513172907,4.34581240385901,6.91477089801888,"",-0.122909578923349,TRUE
59,6.25,"LAST",TRUE,5.90935764097232,4.7206258865056,7.39743173225014,"",-0.0545027774444287,TRUE
59,12.5,"CHECK",TRUE,14.2193380023437,11.7883993083654,17.1515714675034,"",0.1375470401875,TRUE
59,12.5,"FIRST",TRUE,13.9028817176695,10.21795235336,18.9167176916761,"",0.11223053741356,TRUE
59,12.5,"LAST",TRUE,13.8061706811651,10.2092260133328,18.6704015200108,"",0.10449365449321,TRUE
59,25,"CHECK",TRUE,23.0071939376236,20.2446557165867,26.1467016428308,"",-0.0797122424950578,TRUE
59,25,"FIRST",TRUE,22.4134545746384,18.0514317529346,27.8295346787498,"",-0.103461817014465,TRUE
59,25,"LAST",TRUE,21.7277228659259,17.6280417680574,26.7808499179941,"",-0.130891085362965,TRUE
60,6.25,"CHECK",TRUE,5.89214420313471,4.9935093534708,6.95249790338398,"",-0.0572569274984458,TRUE
60,6.25,"FIRST",TRUE,6.27661070044226,4.83787092331199,8.1432188889273,"",0.00425771207076181,TRUE
60,6.25,"LAST",TRUE,6.54922871717543,5.07625630891516,8.44961211169453,"",0.0478765947480682,TRUE
60,12.5,"CHECK",TRUE,11.2973137224514,9.67549853427548,13.1909789341977,"",-0.0962149022038868,TRUE
60,12.5,"FIRST",TRUE,12.7170482212088,9.30774448717402,17.3751348335146,"",0.0173638576967066,TRUE
60,12.5,"LAST",TRUE,12.9537298881156,9.61506933524326,17.4516804989856,"",0.0362983910492487,TRUE
60,25,"CHECK",TRUE,22.375778738715,19.4813251971717,25.7002780404598,"",-0.104968850451401,TRUE
60,25,"FIRST",TRUE,23.3032028092333,18.4956659724006,29.3603518780339,"",-0.0678718876306665,TRUE
60,25,"LAST",TRUE,21.5795432925242,17.2554572888045,26.9872122726102,"",-0.136818268299033,TRUE
61,6.25,"CHECK",TRUE,6.71193995979302,5.46366287125382,8.24540955132688,"",0.0739103935668831,TRUE
61,6.25,"FIRST",TRUE,6.52739895673219,4.98511645269024,8.54682885439025,"",0.0443838330771511,TRUE
61,6.25,"LAST",TRUE,7.60961131084319,5.69650450031228,10.1652134741469,"",0.21753780973491,TRUE
61,12.5,"CHECK",TRUE,14.7935203543815,12.3000910445892,17.7924085018681,"",0.18348162835052,TRUE
61,12.5,"FIRST",TRUE,13.8722069449076,9.33204109409002,20.6212256870807,"",0.109776555592604,TRUE
61,12.5,"LAST",TRUE,13.9975925048712,8.99703942827688,21.7774521823955,"",0.119807400389697,TRUE
61,25,"CHECK",TRUE,22.1505162292246,19.3512487792323,25.3547135287569,"",-0.113979350831018,TRUE
61,25,"FIRST",TRUE,24.5843800546881,20.5380351475153,29.4279242552794,"",-0.0166247978124764,TRUE
61,25,"LAST",TRUE,29.3461519941868,22.175095656075,38.8362084305141,"",0.173846079767473,TRUE
62,6.25,"CHECK",TRUE,6.06626042863328,5.25521279201637,7.00247869009362,"",-0.0293983314186752,TRUE
62,6.25,"FIRST",TRUE,5.37541606404123,4.34745001339324,6.64644740538362,"",-0.139933429753403,TRUE
62,6.25,"LAST",TRUE,6.38063376072298,4.96149199144947,8.20569442793436,"",0.0209014017156765,TRUE
62,12.5,"CHECK",TRUE,12.7162197436203,10.947645558918,14.7705041872053,"",0.0172975794896216,TRUE
62,12.5,"FIRST",TRUE,13.2444103610031,9.82295542286158,17.8575996998208,"",0.059552828880247,TRUE
62,12.5,"LAST",TRUE,14.8465737728641,11.3194463472387,19.4727503476234,"",0.187725901829129,TRUE
62,25,"CHECK",TRUE,21.0518786553115,18.5688400248817,23.8669509955445,"",-0.157924853787542,FALSE
62,25,"FIRST",TRUE,22.2777140745787,17.80352521738,27.8763075474622,"",-0.108891437016851,TRUE
62,25,"LAST",TRUE,21.2912486001318,16.7925094179442,26.9952069503207,"",-0.148350055994728,TRUE
63,6.25,"CHECK",TRUE,7.06372144433341,5.85429517875534,8.52300048419217,"",0.130195431093346,TRUE
63,6.25,"FIRST",TRUE,7.693352669392,5.91202982051897,10.0113966086939,"",0.23093642710272,TRUE
63,6.25,"LAST",TRUE,6.51946751995646,5.05541952530058,8.40750337950244,"",0.0431148031930341,TRUE
63,12.5,"CHECK",TRUE,13.2939908284493,11.5098014231592,15.3547559727043,"",0.0635192662759441,TRUE
63,12.5,"FIRST",TRUE,15.8554441369477,11.7613270807571,21.3747230268922,"",0.268435530955815,TRUE
63,12.5,"LAST",TRUE,14.7142003685804,10.9079230049325,19.8486634338022,"",0.177136029486436,TRUE
63,25,"CHECK",TRUE,23.5489395786177,20.4317748433435,27.141673179609,"",-0.0580424168552933,TRUE
63,25,"FIRST",TRUE,27.2147737376564,19.7845790260166,37.4354141484582,"",0.0885909495062552,TRUE
63,25,"LAST",TRUE,25.0387100953931,18.750494018265,33.435759219487,"",0.00154840381572228,TRUE
64,6.25,"CHECK",TRUE,6.40188304080427,5.18391156549633,7.90601960514219,"",0.0243012865286832,TRUE
64,6.25,"FIRST",TRUE,7.62617112941742,5.38844669908003,10.7931820324193,"",0.220187380706788,TRUE
64,6.25,"LAST",TRUE,5.95220673268219,4.47803858262781,7.91167032951219,"",-0.0476469227708489,TRUE
64,12.5,"CHECK",TRUE,12.5204443855909,10.8375920818006,14.4646085984285,"",0.00163555084727008,TRUE
64,12.5,"FIRST",TRUE,10.8413185348295,8.6022956102666,13.6631188811233,"",-0.13269451721364,TRUE
64,12.5,"LAST",TRUE,14.3855136363904,10.787501511507,19.1835896719949,"",0.150841090911233,TRUE
64,25,"CHECK",TRUE,25.2063783433207,21.6836910725307,29.3013540481358,"",0.00825513373282703,TRUE
64,25,"FIRST",TRUE,22.9348154852663,18.2149708551156,28.8776614317492,"",-0.082607380589349,TRUE
64,25,"LAST",TRUE,23.0394710935795,18.0499112487799,29.4083012905543,"",-0.0784211562568193,TRUE
65,6.25,"CHECK",TRUE,6.20480151029532,4.94835466700428,7.78027533856432,"",-0.00723175835274901,TRUE
65,6.25,"FIRST",TRUE,6.5390174021068,4.72052162598271,9.05805586181465,"",0.0462427843370875,TRUE
65,6.25,"LAST",TRUE,6.70540930743397,4.8098644628247,9.34797941350241,"",0.0728654891894355,TRUE
65,12.5,"CHECK",TRUE,13.1691779545764,11.1150634608795,15.6029021885206,"",0.0535342363661142,TRUE
65,12.5,"FIRST",TRUE,13.4625909660333,9.95267247718749,18.2103204877026,"",0.0770072772826622,TRUE
65,12.5,"LAST",TRUE,12.4667630741323,9.31474507048555,16.6853929302916,"",-0.00265895406941851,TRUE
65,25,"CHECK",TRUE,25.5465228557842,21.4892484079318,30.3698304208823,"",0.0218609142313673,TRUE
65,25,"FIRST",TRUE,26.8472236016129,19.5764409683258,36.8184092441109,"",0.0738889440645148,TRUE
65,25,"LAST",TRUE,28.2118894542898,21.2871899193601,37.3891861535567,"",0.128475578171592,TRUE
66,6.25,"CHECK",TRUE,6.62438589368356,5.6572428797308,7.75686839001719,"",0.0599017429893689,TRUE
66,6.25,"FIRST",TRUE,7.11530981085808,5.68209066181284,8.91003623802454,"",0.138449569737293,TRUE
66,6.25,"LAST",TRUE,7.39629907563982,5.91729097535106,9.24498055684425,"",0.183407852102371,TRUE
66,12.5,"CHECK",TRUE,11.4393684481577,9.84208219771561,13.2958806748311,"",-0.0848505241473845,TRUE
66,12.5,"FIRST",TRUE,12.2502345126782,9.34406048058384,16.0602819221304,"",-0.0199812389857401,TRUE
66,12.5,"LAST",TRUE,9.93479247718848,7.67985826934937,12.8518128985162,"",-0.205216601824922,TRUE
66,25,"CHECK",TRUE,23.3939802402215,20.0784400484851,27.2570135009648,"",-0.0642407903911418,TRUE
66,25,"FIRST",TRUE,22.9047698137221,17.4826557391444,30.0085117528758,"",-0.0838092074511144,TRUE
66,25,"LAST",TRUE,22.9531880346049,17.5430518125475,30.0317667975595,"",-0.0818724786158042,TRUE
67,6.25,"CHECK",TRUE,5.64979256209588,4.83169048555908,6.60641572346503,"",-0.0960331900646597,TRUE
67,6.25,"FIRST",TRUE,5.37141522841468,4.32628012410383,6.66903222361769,"",-0.140573563453651,TRUE
67,6.25,"LAST",TRUE,6.24264658422449,4.83754303809548,8.05587383277777,"",-0.00117654652408177,TRUE
67,12.5,"CHECK",TRUE,12.4884964357108,10.8134196672594,14.4230546879616,"",-0.000920285143135828,TRUE
67,12.5,"FIRST",TRUE,15.4924531031899,11.609027861631,20.6749528052917,"",0.239396248255192,TRUE
67,12.5,"LAST",TRUE,10.8992320673869,8.51119313513063,13.9572980864957,"",-0.128061434609052,TRUE
67,25,"CHECK",TRUE,24.4837506297114,21.1011655082721,28.4085750932995,"",-0.0206499748115459,TRUE
67,25,"FIRST",TRUE,22.0108105309138,17.0277624225849,28.4521106299438,"",-0.119567578763447,TRUE
67,25,"LAST",TRUE,26.9581801550142,20.2803013817434,35.8349446386643,"",0.0783272062005693,TRUE
68,6.25,"CHECK",TRUE,6.78558638651429,5.75459997095511,8.00128294603351,"",0.0856938218422857,TRUE
68,6.25,"FIRST",TRUE,4.86265626485631,3.9144563216886,6.04053896811557,"",-0.22197499762299,FALSE
68,6.25,"LAST",TRUE,6.30712844140852,4.96562115601789,8.01105600418483,"",0.00914055062536377,TRUE
68,12.5,"CHECK",TRUE,12.4944600978659,10.8290112129935,14.4160468639878,"",-0.000443192170728111,TRUE
68,12.5,"FIRST",TRUE,13.1433505872964,10.1540816214698,17.0126330573636,"",0.0514680469837127,TRUE
68,12.5,"LAST",TRUE,14.1539982305293,10.7768182504424,18.5895002823865,"",0.132319858442348,TRUE
68,25,"CHECK",TRUE,26.2179042520919,22.3215885726282,30.7943362156023,"",0.0487161700836759,TRUE
68,25,"FIRST",TRUE,27.5244000006337,21.0586680862842,35.9753329266021,"",0.100976000025348,TRUE
68,25,"LAST",TRUE,30.3120393649268,22.6826948981327,40.5075205828612,"",0.212481574597072,TRUE
69,6.25,"CHECK",TRUE,5.94254845157249,5.14656659117666,6.86163901188595,"",-0.049192247748401,TRUE
69,6.25,"FIRST",TRUE,5.81089121548393,4.66592235413028,7.23682353785812,"",-0.0702574055225708,TRUE
69,6.25,"LAST",TRUE,6.62578166006533,5.18000069670917,8.47509202744861,"",0.0601250656104531,TRUE
69,12.5,"CHECK",TRUE,12.4059034926621,10.7173181931563,14.3605367215397,"",-0.00752772058702845,TRUE
69,12.5,"FIRST",TRUE,14.5185689038786,10.1901577607316,20.6855328412048,"",0.161485512310291,TRUE
69,12.5,"LAST",TRUE,13.1871919948097,9.93493179908629,17.5040992957764,"",0.0549753595847763,TRUE
69,25,"CHECK",TRUE,25.1417194503349,21.7381212472138,29.0782285060795,"",0.00566877801339444,TRUE
69,25,"FIRST",TRUE,21.8673209145227,17.6598813189239,27.0771765304173,"",-0.125307163419093,TRUE
69,25,"LAST",TRUE,20.4497099306425,16.562271505049,25.2495943035309,"",-0.182011602774302,TRUE
70,6.25,"CHECK",TRUE,6.64413640557863,5.66106609140037,7.79792142737823,"",0.0630618248925803,TRUE
70,6.25,"FIRST",TRUE,7.15317384305854,5.54102344539334,9.2343763806949,"",0.144507814889367,TRUE
70,6.25,"LAST",TRUE,7.0186505769918,5.47116088971483,9.00383975446845,"",0.122984092318689,TRUE
70,12.5,"CHECK",TRUE,13.060708913059,11.2142181496794,15.2112358645829,"",0.0448567130447228,TRUE
70,12.5,"FIRST",TRUE,11.2067382981905,8.76636440526926,14.3264616297082,"",-0.10346093614476,TRUE
70,12.5,"LAST",TRUE,14.8174350028872,11.1395922365886,19.7095526839522,"",0.185394800230979,TRUE
70,25,"CHECK",TRUE,25.744278758573,22.0207630812451,30.097407903343,"",0.0297711503429183,TRUE
70,25,"FIRST",TRUE,23.2710783093538,18.2620617289333,29.6539949168002,"",-0.0691568676258473,TRUE
70,25,"LAST",TRUE,25.2569370916212,19.5285957903355,32.6655781142138,"",0.0102774836648486,TRUE
71,6.25,"CHECK",TRUE,5.77510023660231,4.85349311000953,6.87170703385186,"",-0.0759839621436308,TRUE
71,6.25,"FIRST",TRUE,6.09185981646161,4.63411414586728,8.00816614681691,"",-0.0253024293661417,TRUE
71,6.25,"LAST",TRUE,4.82618367687706,3.73654205689362,6.23358402723787,"",-0.22781061169967,FALSE
71,12.5,"CHECK",TRUE,12.6441998324885,11.1298843417532,14.3645508340223,"",0.0115359865990787,TRUE
71,12.5,"FIRST",TRUE,11.9113477898473,9.41518413973862,15.0692970062971,"",-0.0470921768122182,TRUE
71,12.5,"LAST",TRUE,16.5888006201303,12.775170260314,21.5408718950154,"",0.327104049610422,FALSE
71,25,"CHECK",TRUE,29.1568162984636,24.5240155273898,34.6647936066136,"",0.166272651938545,TRUE
71,25,"FIRST",TRUE,30.9829712045677,23.7943752120028,40.3433372849747,"",0.239318848182708,TRUE
71,25,"LAST",TRUE,29.8419268221359,22.5840805432627,39.4322272607808,"",0.193677072885437,TRUE
72,6.25,"CHECK",TRUE,6.25008496596126,5.41702104430763,7.2112627516528,"",1.35945538015392e-05,TRUE
72,6.25,"FIRST",TRUE,6.14762782809427,4.98251219654925,7.58519526333197,"",-0.016379547504916,TRUE
72,6.25,"LAST",TRUE,7.73670430807955,6.04942194604657,9.89459721680916,"",0.237872689292728,TRUE
72,12.5,"CHECK",TRUE,12.4066776464478,10.5761634421032,14.5540158362245,"",-0.0074657882841727,TRUE
72,12.5,"FIRST",TRUE,10.4584779902129,8.06437776982987,13.5633231718105,"",-0.163321760782972,TRUE
72,12.5,"LAST",TRUE,14.0373452076341,10.1587867390087,19.3967119834939,"",0.122987616610728,TRUE
72,25,"CHECK",TRUE,30.1639953114311,24.8404061817995,36.6284917601183,"",0.206559812457243,TRUE
72,25,"FIRST",TRUE,31.0952065410342,23.5762410961214,41.0121302156453,"",0.24380826164137,TRUE
72,25,"LAST",TRUE,27.8756682088378,20.7256076966959,37.4924050218846,"",0.115026728353512,TRUE
73,6.25,"CHECK",TRUE,6.39987060260931,5.30483708867683,7.72094280097091,"",0.0239792964174892,TRUE
73,6.25,"FIRST",TRUE,6.792176090937,5.13594565299907,8.98250471621658,"",0.0867481745499192,TRUE
73,6.25,"LAST",TRUE,6.96557138829984,5.15411406248329,9.41368083385496,"",0.114491422127974,TRUE
73,12.5,"CHECK",TRUE,12.3700081571116,10.8216564577308,14.1398964571356,"",-0.0103993474310755,TRUE
73,12.5,"FIRST",TRUE,12.0959012148569,9.05482225174502,16.158332226939,"",-0.0323279028114513,TRUE
73,12.5,"LAST",TRUE,13.9665249133178,10.1922112886318,19.1385178966902,"",0.117321993065426,TRUE
73,25,"CHECK",TRUE,27.7052192310256,23.525518840235,32.6275130360322,"",0.108208769241023,TRUE
73,25,"FIRST",TRUE,31.2253521802165,25.4237450944873,38.3508651127079,"",0.24901408720866,FALSE
73,25,"LAST",TRUE,28.6846356698887,21.6989153075918,37.9193296923176,"",0.147385426795547,TRUE
74,6.25,"CHECK",TRUE,6.26564288591772,5.52604177319507,7.10423163362242,"",0.00250286174683495,TRUE
74,6.25,"FIRST",TRUE,7.25230494948375,5.78116022552042,9.09781514930628,"",0.160368791917401,TRUE
74,6.25,"LAST",TRUE,6.84626943824832,5.41398093504669,8.65747511552492,"",0.0954031101197317,TRUE
74,12.5,"CHECK",TRUE,11.9579814649263,10.2761161396316,13.9151133339221,"",-0.0433614828058985,TRUE
74,12.5,"FIRST",TRUE,12.8806034456287,9.69114993206029,17.1197377284072,"",0.0304482756502996,TRUE
74,12.5,"LAST",TRUE,12.1800428714204,9.0356432683083,16.4186920559354,"",-0.0255965702863659,TRUE
74,25,"CHECK",TRUE,23.7519507092795,20.0748778522393,28.1025452134004,"",-0.0499219716288187,TRUE
74,25,"FIRST",TRUE,21.3788773682399,16.6233525164597,27.4948387862005,"",-0.144844905270405,TRUE
74,25,"LAST",TRUE,22.5478351567102,17.2576650280451,29.4596557198193,"",-0.0980865937315936,TRUE
75,6.25,"CHECK",TRUE,6.78362973743695,5.58173727510944,8.24432074577294,"",0.0853807579899119,TRUE
75,6.25,"FIRST",TRUE,7.09929109592286,5.29321460479954,9.52161169111682,"",0.135886575347657,TRUE
75,6.25,"LAST",TRUE,6.63973309274718,4.96495269434814,8.87945127717076,"",0.0623572948395484,TRUE
75,12.5,"CHECK",TRUE,14.2560940403902,12.0742227700347,16.8322401498862,"",0.140487523231215,TRUE
75,12.5,"FIRST",TRUE,14.7489347369913,11.9589755587819,18.1897751029593,"",0.179914778959306,TRUE
75,12.5,"LAST",TRUE,16.6788866907546,13.0671028773614,21.2889776604563,"",0.33431093526037,FALSE
75,25,"CHECK",TRUE,21.2735965339882,18.5731816332911,24.3666334840403,"",-0.149056138640474,FALSE
75,25,"FIRST",TRUE,22.7902443203324,17.5905674940098,29.5269175572257,"",-0.0883902271867042,TRUE
75,25,"LAST",TRUE,22.7125786619919,17.4762243827334,29.5178877416361,"",-0.0914968535203241,TRUE
76,6.25,"CHECK",TRUE,6.41149543846049,4.3643115928872,9.41895941261271,"",0.0258392701536782,TRUE
76,6.25,"FIRST",TRUE,7.14255635969696,4.53321596580812,11.2538453354611,"",0.142809017551514,TRUE
76,6.25,"LAST",TRUE,6.15514401094864,3.68109012153248,10.2920049617652,"",-0.0151769582482169,TRUE
76,12.5,"CHECK",TRUE,11.4629945637963,9.9148447191812,13.2528797062669,"",-0.0829604348962938,TRUE
76,12.5,"FIRST",TRUE,12.1028793239717,8.97282264195497,16.3248170364712,"",-0.0317696540822655,TRUE
76,12.5,"LAST",TRUE,12.1403956165773,7.9769840651941,18.4768083429063,"",-0.0287683506738171,TRUE
76,25,"CHECK",TRUE,24.0714660628191,20.753483523924,27.9199141553993,"",-0.0371413574872358,TRUE
76,25,"FIRST",TRUE,29.8949594393822,16.7845425589007,53.2459312933959,"",0.195798377575287,TRUE
76,25,"LAST",TRUE,33.7975908841887,28.6360194569211,39.889522749256,"",0.351903635367546,FALSE
77,6.25,"CHECK",TRUE,5.71306322786062,4.92349720214202,6.62924951624492,"",-0.0859098835423002,TRUE
77,6.25,"FIRST",TRUE,5.45257534677551,4.40800785870513,6.74467443463168,"",-0.127587944515919,TRUE
77,6.25,"LAST",TRUE,5.70516304842677,4.55589697977333,7.14434183951929,"",-0.0871739122517174,TRUE
77,12.5,"CHECK",TRUE,12.8664472059759,11.1149659779143,14.8939244648259,"",0.0293157764780725,TRUE
77,12.5,"FIRST",TRUE,13.6930574388149,10.5569487824212,17.7607967876948,"",0.0954445951051936,TRUE
77,12.5,"LAST",TRUE,12.2367575229433,9.67579787280566,15.4755438924738,"",-0.0210593981645384,TRUE
77,25,"CHECK",TRUE,21.7466154566973,18.6888743318904,25.3046425067182,"",-0.130135381732107,TRUE
77,25,"FIRST",TRUE,21.2651304992763,16.8080059998732,26.9041892985202,"",-0.149394780028948,TRUE
77,25,"LAST",TRUE,18.3715885231712,14.558040206675,23.1841140753245,"",-0.265136459073154,FALSE
78,6.25,"CHECK",TRUE,7.59959714507081,5.93829255921345,9.72567050064946,"",0.215935543211329,TRUE
78,6.25,"FIRST",TRUE,8.27492248471005,5.48829195628707,12.4764394229282,"",0.323987597553608,TRUE
78,6.25,"LAST",TRUE,7.21425606121963,4.93303523928228,10.5503990935237,"",0.154280969795141,TRUE
78,12.5,"CHECK",TRUE,12.9739443591104,10.9486256699233,15.3739142526071,"",0.0379155487288345,TRUE
78,12.5,"FIRST",TRUE,13.2823460026357,9.90352684048356,17.8139281263479,"",0.0625876802108526,TRUE
78,12.5,"LAST",TRUE,10.5959867205042,8.17931439536241,13.7266926241103,"",-0.152321062359667,TRUE
78,25,"CHECK",TRUE,27.3582154215237,23.0460360092462,32.4772533875329,"",0.0943286168609482,TRUE
78,25,"FIRST",TRUE,29.4958324918173,22.2055382661214,39.179601230955,"",0.179833299672693,TRUE
78,25,"LAST",TRUE,26.7264154771766,20.3444272611163,35.1104150090226,"",0.0690566190870638,TRUE
79,6.25,"CHECK",TRUE,6.21938620485079,5.49557642826782,7.03852730827734,"",-0.0048982072238735,TRUE
79,6.25,"FIRST",TRUE,6.65196627499838,5.50087337771162,8.0439327149398,"",0.064314603999741,TRUE
79,6.25,"LAST",TRUE,5.99472179063797,4.96393374892235,7.23955861718569,"",-0.0408445134979249,TRUE
79,12.5,"CHECK",TRUE,12.2660548317535,10.4686115717819,14.3721161210277,"",-0.0187156134597174,TRUE
79,12.5,"FIRST",TRUE,12.5232218173986,9.19778341092899,17.0509651816131,"",0.00185774539188898,TRUE
79,12.5,"LAST",TRUE,10.2006161588904,7.98775895679104,13.0265035016551,"",-0.18395070728877,TRUE
79,25,"CHECK",TRUE,30.2619769180687,25.1251475406272,36.4490296229665,"",0.21047907672275,FALSE
79,25,"FIRST",TRUE,36.7207965780606,29.9899010729941,44.9623657659062,"",0.468831863122424,FALSE
79,25,"LAST",TRUE,28.4755539277216,21.1786423315083,38.2865510828442,"",0.139022157108863,TRUE
80,6.25,"CHECK",TRUE,5.52950470477417,4.69423371568108,6.51340008444458,"",-0.115279247236132,TRUE
80,6.25,"FIRST",TRUE,5.84667836772206,4.60421485413752,7.42442501458644,"",-0.0645314611644712,TRUE
80,6.25,"LAST",TRUE,5.78672811936815,4.46633526089713,7.49747172377739,"",-0.0741235009010953,TRUE
80,12.5,"CHECK",TRUE,13.0555738416165,11.1744518450736,15.2533664019542,"",0.0444459073293189,TRUE
80,12.5,"FIRST",TRUE,17.0165185059341,13.2675553932587,21.8248119928654,"",0.361321480474728,FALSE
80,12.5,"LAST",TRUE,14.2862575884675,11.2450170980418,18.1500084975047,"",0.1429006070774,TRUE
80,25,"CHECK",TRUE,27.3017238550315,23.2303243001657,32.0866861704156,"",0.0920689542012595,TRUE
80,25,"FIRST",TRUE,30.9472886676805,23.6470010720293,40.5013165501819,"",0.237891546707221,TRUE
80,25,"LAST",TRUE,22.9460413173604,17.9365496649599,29.354631853561,"",-0.0821583473055836,TRUE
81,6.25,"CHECK",TRUE,6.1540312140142,5.03243244623626,7.52560527889162,"",-0.0153550057577283,TRUE
81,6.25,"FIRST",TRUE,6.61680466781872,4.92812981318697,8.88412149674162,"",0.0586887468509954,TRUE
81,6.25,"LAST",TRUE,6.29541223688131,4.61601005640252,8.58581648393596,"",0.00726595790100916,TRUE
81,12.5,"CHECK",TRUE,13.9265799184986,11.4647169590068,16.9170882211757,"",0.114126393479884,TRUE
81,12.5,"FIRST",TRUE,13.0379158799232,9.77971035372803,17.381624234623,"",0.0430332703938527,TRUE
81,12.5,"LAST",TRUE,13.4570397526404,9.92475677856042,18.2464843164056,"",0.0765631802112284,TRUE
81,25,"CHECK",TRUE,26.8241094106219,22.9051751354813,31.4135491834079,"",0.0729643764248758,TRUE
81,25,"FIRST",TRUE,31.5640664523908,24.5011677315651,40.6629717377679,"",0.262562658095631,TRUE
81,25,"LAST",TRUE,33.2897550541268,27.8093307426065,39.8502143694482,"",0.33159020216507,FALSE
82,6.25,"CHECK",TRUE,5.43496612920974,4.72592913649576,6.25038081877799,"",-0.130405419326441,TRUE
82,6.25,"FIRST",TRUE,4.79553702002591,3.88619005773406,5.91766613798814,"",-0.232714076795854,FALSE
82,6.25,"LAST",TRUE,5.41362654997417,4.43898667419658,6.60226186146181,"",-0.133819752004133,TRUE
82,12.5,"CHECK",TRUE,12.9259427329644,11.0793175630557,15.0803508054511,"",0.0340754186371532,TRUE
82,12.5,"FIRST",TRUE,15.4505518729407,11.7600050364323,20.2992730393296,"",0.236044149835252,TRUE
82,12.5,"LAST",TRUE,11.8424431741139,9.35768965580279,14.9869749361854,"",-0.0526045460708848,TRUE
82,25,"CHECK",TRUE,23.7659576302487,20.3634187251099,27.737029312583,"",-0.0493616947900532,TRUE
82,25,"FIRST",TRUE,22.3034326614907,16.9825524482764,29.2914218872993,"",-0.107862693540371,TRUE
82,25,"LAST",TRUE,27.0232229984565,20.0201977376789,36.4758925357634,"",0.080928919938259,TRUE
83,6.25,"CHECK",TRUE,6.09448179980242,5.19488058793799,7.14986760126203,"",-0.0248829120316135,TRUE
83,6.25,"FIRST",TRUE,6.24162371881078,4.69216385053506,8.30275068991438,"",-0.00134020499027599,TRUE
83,6.25,"LAST",TRUE,5.91858280152246,4.51378102924209,7.76059408986424,"",-0.0530267517564057,TRUE
83,12.5,"CHECK",TRUE,13.3382151758074,11.469026860484,15.5120383133039,"",0.0670572140645933,TRUE
83,12.5,"FIRST",TRUE,14.452833668629,10.7641764995633,19.4055161638728,"",0.156226693490321,TRUE
83,12.5,"LAST",TRUE,11.533470321471,9.12357232910352,14.5799181349092,"",-0.0773223742823194,TRUE
83,25,"CHECK",TRUE,23.7915181974819,20.7241564590607,27.3128770890764,"",-0.0483392721007223,TRUE
83,25,"FIRST",TRUE,24.4758274914049,19.3198914401666,31.00773797018,"",-0.0209669003438054,TRUE
83,25,"LAST",TRUE,21.6866698419375,17.5073886627988,26.8636092961458,"",-0.132533206322501,TRUE
84,6.25,"CHECK",TRUE,5.71601260842426,4.7701434607985,6.84943763393562,"",-0.0854379826521178,TRUE
84,6.25,"FIRST",TRUE,5.98877480095176,4.54942452545077,7.88350777463688,"",-0.0417960318477178,TRUE
84,6.25,"LAST",TRUE,4.66756916602882,3.60973494551236,6.03540211359499,"",-0.253188933435389,FALSE
84,12.5,"CHECK",TRUE,11.5952021309711,10.2022691550996,13.1783145900315,"",-0.0723838295223115,TRUE
84,12.5,"FIRST",TRUE,13.8426771145674,10.5371651718492,18.1851291664378,"",0.107414169165391,TRUE
84,12.5,"LAST",TRUE,12.281673938887,9.60164985392905,15.7097495780283,"",-0.0174660848890373,TRUE
84,25,"CHECK",TRUE,22.7503109248952,19.6160535838496,26.3853605908552,"",-0.0899875630041909,TRUE
84,25,"FIRST",TRUE,31.4563171091559,23.8850279075356,41.4276210981353,"",0.258252684366235,TRUE
84,25,"LAST",TRUE,25.8239016633928,21.0230198133136,31.7211277467502,"",0.0329560665357123,TRUE
85,6.25,"CHECK",TRUE,6.37248842948425,5.45075196200494,7.45009295359197,"",0.0195981487174799,TRUE
85,6.25,"FIRST",TRUE,6.72526509292342,5.24838908895093,8.61772818355106,"",0.0760424148677477,TRUE
85,6.25,"LAST",TRUE,5.74622030425176,4.58445479373847,7.20239358234989,"",-0.0806047513197186,TRUE
85,12.5,"CHECK",TRUE,14.0094488724629,11.7837859896721,16.6554838896572,"",0.120755909797033,TRUE
85,12.5,"FIRST",TRUE,13.4228142275357,9.52526523389364,18.9151627133522,"",0.0738251382028551,TRUE
85,12.5,"LAST",TRUE,15.9173824973455,10.7830267766313,23.4964700371405,"",0.273390599787644,TRUE
85,25,"CHECK",TRUE,23.9078874313912,20.6710504876762,27.6515739619932,"",-0.0436845027443509,TRUE
85,25,"FIRST",TRUE,28.6530745742759,21.873052241381,37.5347104509628,"",0.146122982971037,TRUE
85,25,"LAST",TRUE,25.9830838112836,19.4055363408173,34.7901048694104,"",0.039323352451343,TRUE
86,6.25,"CHECK",TRUE,6.14098192287662,5.09972196208675,7.39484608326886,"",-0.0174428923397414,TRUE
86,6.25,"FIRST",TRUE,6.75018839421598,4.98891044959171,9.13326543296387,"",0.0800301430745576,TRUE
86,6.25,"LAST",TRUE,6.91407702174731,5.1181620950504,9.34016159997827,"",0.106252323479569,TRUE
86,12.5,"CHECK",TRUE,11.5067144010398,9.79123276222214,13.522758525153,"",-0.0794628479168166,TRUE
86,12.5,"FIRST",TRUE,12.5459942754613,9.25699125656308,17.0035779442173,"",0.00367954203690616,TRUE
86,12.5,"LAST",TRUE,13.5144650416669,9.25809832979763,19.7276761227086,"",0.0811572033333525,TRUE
86,25,"CHECK",TRUE,20.9157977582365,18.4204811611899,23.7491405373904,"",-0.16336808967054,FALSE
86,25,"FIRST",TRUE,18.8361702864994,15.4709462603285,22.9333943180841,"",-0.246553188540025,FALSE
86,25,"LAST",TRUE,20.131498387203,16.4680272821159,24.6099438852694,"",-0.19474006451188,FALSE
87,6.25,"CHECK",TRUE,6.53636196879754,5.21857696027333,8.18691151100801,"",0.0458179150076072,TRUE
87,6.25,"FIRST",TRUE,7.87963313080606,5.73718544780334,10.8221389810345,"",0.26074130092897,TRUE
87,6.25,"LAST",TRUE,7.38856015891436,5.37085683727511,10.1642666851632,"",0.182169625426297,TRUE
87,12.5,"CHECK",TRUE,13.0083964868034,11.2336571073749,15.0635164969374,"",0.0406717189442743,TRUE
87,12.5,"FIRST",TRUE,15.0021113613746,11.532127543664,19.5162032718532,"",0.200168908909967,TRUE
87,12.5,"LAST",TRUE,12.4296139364949,9.7684889524981,15.8156807425982,"",-0.0056308850804119,TRUE
87,25,"CHECK",TRUE,22.9805283868197,19.9482510756309,26.4737336087856,"",-0.080778864527213,TRUE
87,25,"FIRST",TRUE,26.9365509033759,21.4022429301082,33.901950227349,"",0.0774620361350365,TRUE
87,25,"LAST",TRUE,23.2847214134707,18.2044520758917,29.7827283701086,"",-0.0686111434611705,TRUE
88,6.25,"CHECK",TRUE,5.30566685652018,4.59582943856348,6.12514044933216,"",-0.151093302956772,FALSE
88,6.25,"FIRST",TRUE,5.23540200672364,4.18974065997449,6.54203598658366,"",-0.162335678924218,TRUE
88,6.25,"LAST",TRUE,5.42564412398815,4.29180849840905,6.8590232232122,"",-0.131896940161895,TRUE
88,12.5,"CHECK",TRUE,12.6365619017761,10.9542097083448,14.577290461746,"",0.0109249521420909,TRUE
88,12.5,"FIRST",TRUE,14.4690330625115,10.6105308848813,19.7306732373166,"",0.157522645000917,TRUE
88,12.5,"LAST",TRUE,13.6211198763622,10.6042330436964,17.4963060432285,"",0.0896895901089748,TRUE
88,25,"CHECK",TRUE,24.2175781272091,20.9695519365406,27.9686991940674,"",-0.0312968749116342,TRUE
88,25,"FIRST",TRUE,23.4389610029253,18.3926544442568,29.8697990853737,"",-0.0624415598829863,TRUE
88,25,"LAST",TRUE,24.6976026782423,19.2917062036759,31.6183323347572,"",-0.0120958928703072,TRUE
89,6.25,"CHECK",TRUE,6.7198071800103,5.55955862232593,8.1221930739578,"",0.0751691488016488,TRUE
89,6.25,"FIRST",TRUE,6.57718414983596,5.04963127495104,8.5668336924804,"",0.0523494639737531,TRUE
89,6.25,"LAST",TRUE,6.31399441948204,4.96213208024036,8.03415243378996,"",0.0102391071171259,TRUE
89,12.5,"CHECK",TRUE,13.9485923649181,11.7115228085618,16.6129744306533,"",0.115887389193445,TRUE
89,12.5,"FIRST",TRUE,14.1573268440159,10.1610939579719,19.7252288186004,"",0.132586147521272,TRUE
89,12.5,"LAST",TRUE,14.7863369807385,11.5758331430331,18.8872592241483,"",0.182906958459077,TRUE
89,25,"CHECK",TRUE,23.8547980842804,20.6752274133507,27.5233437710259,"",-0.0458080766287829,TRUE
89,25,"FIRST",TRUE,21.8112245235101,17.3729755803159,27.3833065047294,"",-0.127551019059594,TRUE
89,25,"LAST",TRUE,20.9753965565827,16.9808875479929,25.9095562268125,"",-0.160984137736693,TRUE
90,6.25,"CHECK",TRUE,7.42394863057538,6.4404496636076,8.55763434979625,"",0.187831780892061,FALSE
90,6.25,"FIRST",TRUE,8.63060689997933,6.65693462383202,11.1894407367775,"",0.380897103996692,FALSE
90,6.25,"LAST",TRUE,8.11073115680087,6.29716505908346,10.4465992681912,"",0.29771698508814,FALSE
90,12.5,"CHECK",TRUE,12.891003238317,11.2198640076999,14.8110497931396,"",0.0312802590653567,TRUE
90,12.5,"FIRST",TRUE,11.8771998939688,9.27840523656486,15.2038926652356,"",-0.0498240084824987,TRUE
90,12.5,"LAST",TRUE,13.7098995582911,10.2635195586867,18.3135370691963,"",0.0967919646632903,TRUE
90,25,"CHECK",TRUE,24.1392320031559,20.8924698170248,27.8905522805808,"",-0.0344307198737644,TRUE
90,25,"FIRST",TRUE,30.3530669096942,23.1490318884159,39.7990151495453,"",0.214122676387768,TRUE
90,25,"LAST",TRUE,26.147326939457,19.8748609589333,34.3993705159257,"",0.0458930775782781,TRUE
91,6.25,"CHECK",TRUE,6.19882865132072,5.34809451504886,7.18489109351195,"",-0.00818741578868469,TRUE
91,6.25,"FIRST",TRUE,6.21353299208197,4.93038332446654,7.83062689103761,"",-0.00583472126688491,TRUE
91,6.25,"LAST",TRUE,5.37572140418951,4.3780044133454,6.60081121146674,"",-0.139884575329679,TRUE
91,12.5,"CHECK",TRUE,11.1367965151835,9.81733104174077,12.6336003230681,"",-0.109056278785324,TRUE
91,12.5,"FIRST",TRUE,12.3080194749255,8.41457199661507,18.0029766761855,"",-0.0153584420059617,TRUE
91,12.5,"LAST",TRUE,11.0652652756742,8.13789844469605,15.0456652234143,"",-0.114778777946065,TRUE
91,25,"CHECK",TRUE,24.0647988189974,20.996679412322,27.5812441970688,"",-0.037408047240103,TRUE
91,25,"FIRST",TRUE,27.292307297532,21.378031606108,34.8427793235229,"",0.0916922919012785,TRUE
91,25,"LAST",TRUE,23.172333776734,18.3714666714056,29.2277727339059,"",-0.0731066489306393,TRUE
92,6.25,"CHECK",TRUE,5.96483787441551,5.04009477678623,7.05925036011892,"",-0.0456259400935191,TRUE
92,6.25,"FIRST",TRUE,6.12723451227353,4.68544932610484,8.01267928760346,"",-0.0196424780362345,TRUE
92,6.25,"LAST",TRUE,5.4989445964248,4.1376198104443,7.30816098623196,"",-0.120168864572032,TRUE
92,12.5,"CHECK",TRUE,12.6557475189573,10.8603898825205,14.7479001210978,"",0.0124598015165826,TRUE
92,12.5,"FIRST",TRUE,10.5726502488013,8.32125963066264,13.4331745727032,"",-0.154187980095893,TRUE
92,12.5,"LAST",TRUE,13.3580090084821,10.2875799067758,17.3448377837788,"",0.0686407206785675,TRUE
92,25,"CHECK",TRUE,23.3590024569782,20.2254867609062,26.9779908011801,"",-0.0656399017208702,TRUE
92,25,"FIRST",TRUE,24.6225662004146,18.9895725431854,31.9265093995686,"",-0.0150973519834163,TRUE
92,25,"LAST",TRUE,23.1624727929645,18.1142026593557,29.6176517384677,"",-0.0735010882814187,TRUE
93,6.25,"CHECK",TRUE,6.29881208716141,5.36968047675301,7.38871407360941,"",0.00780993394582509,TRUE
93,6.25,"FIRST",TRUE,6.54633065604025,5.08212281326663,8.43239068255946,"",0.0474129049664401,TRUE
93,6.25,"LAST",TRUE,7.78895006186571,5.9294552011213,10.2315880647459,"",0.246232009898514,TRUE
93,12.5,"CHECK",TRUE,10.9214832629651,9.64777293621622,12.3633503246612,"",-0.126281338962795,FALSE
93,12.5,"FIRST",TRUE,14.128837919789,10.6500007961818,18.7440418816902,"",0.130307033583118,TRUE
93,12.5,"LAST",TRUE,9.78380956101064,7.95203349473178,12.0375410377156,"",-0.217295235119149,FALSE
93,25,"CHECK",TRUE,28.1095216719265,23.7297863059354,33.2976116361768,"",0.124380866877058,TRUE
93,25,"FIRST",TRUE,34.5954708783738,29.3578996835086,40.7674465203218,"",0.383818835134952,FALSE
93,25,"LAST",FALSE,NA,NA,NA,"non-finite prediction",NA,FALSE
94,6.25,"CHECK",TRUE,6.91642406022125,5.55014480505004,8.61904030635036,"",0.1066278496354,TRUE
94,6.25,"FIRST",TRUE,7.45937672705781,5.40884282781125,10.2872837920284,"",0.19350027632925,TRUE
94,6.25,"LAST",TRUE,8.20186943620928,5.93961848301223,11.3257547502459,"",0.312299109793484,TRUE
94,12.5,"CHECK",TRUE,11.4450634464744,9.90930742403224,13.2188327285262,"",-0.0843949242820456,TRUE
94,12.5,"FIRST",TRUE,10.7927985228869,8.499817253594,13.704353456114,"",-0.136576118169051,TRUE
94,12.5,"LAST",TRUE,11.95126947953,9.253161835332,15.4361119706085,"",-0.0438984416375978,TRUE
94,25,"CHECK",TRUE,22.716438536285,19.5835110518999,26.3505649423754,"",-0.0913424585486005,TRUE
94,25,"FIRST",TRUE,20.717969928582,16.2783075059659,26.3684831979196,"",-0.171281202856719,TRUE
94,25,"LAST",TRUE,23.3145154859021,17.6951355375062,30.7184215226969,"",-0.067419380563915,TRUE
95,6.25,"CHECK",TRUE,7.21472720133953,5.69600661776999,9.13838274473902,"",0.154356352214324,TRUE
95,6.25,"FIRST",TRUE,7.12689344315752,5.02506274773998,10.1078559014941,"",0.140302950905204,TRUE
95,6.25,"LAST",TRUE,8.26226334159946,5.6793769251412,12.0198036555288,"",0.321962134655913,TRUE
95,12.5,"CHECK",TRUE,13.6905465690791,11.6636525395495,16.0696715479628,"",0.0952437255263253,TRUE
95,12.5,"FIRST",TRUE,11.2581892101841,8.72150650463935,14.5326755446302,"",-0.0993448631852733,TRUE
95,12.5,"LAST",TRUE,13.6018159006225,9.94585810561709,18.6016524496706,"",0.0881452720498037,TRUE
95,25,"CHECK",TRUE,25.793458286459,22.1005106973878,30.1034894389991,"",0.0317383314583601,TRUE
95,25,"FIRST",TRUE,29.3816590292401,24.1109460984085,35.8045629477606,"",0.175266361169606,TRUE
95,25,"LAST",FALSE,NA,NA,NA,"non-finite prediction",NA,FALSE
96,6.25,"CHECK",TRUE,5.69012888395689,4.87639113077904,6.63965745316822,"",-0.0895793785668981,TRUE
96,6.25,"FIRST",TRUE,5.58785774578978,4.50420696423931,6.93222012999932,"",-0.105942760673635,TRUE
96,6.25,"LAST",TRUE,4.97208932755372,4.10077377732912,6.02853842312538,"",-0.204465707591404,FALSE
96,12.5,"CHECK",TRUE,14.5078436808209,12.1659410824202,17.3005546255089,"",0.160627494465669,TRUE
96,12.5,"FIRST",TRUE,17.2469484368689,11.991527220663,24.8056169085334,"",0.379755874949514,TRUE
96,12.5,"LAST",TRUE,13.3267378568163,9.95269886578827,17.8446011779573,"",0.0661390285453014,TRUE
96,25,"CHECK",TRUE,23.6894390762015,20.5330795373387,27.330996440381,"",-0.0524224369519392,TRUE
96,25,"FIRST",TRUE,22.3159262530079,17.9287455690157,27.7766541229926,"",-0.107362949879684,TRUE
96,25,"LAST",TRUE,24.0898390415524,18.9655292724188,30.5986896918216,"",-0.0364064383379052,TRUE
