"detectfn","checks_per_night","replicate","seed","true_sigma","centre_detection_probability","animals_detected","detections","repeat_nights","material_shift_fraction","changed_median_m","check_fit_ok","first_fit_ok","last_fit_ok","count_fit_ok","sigma_check","sigma_first","sigma_last","sigma_count","relerr_check","relerr_first","relerr_last","relerr_count","first_vs_check","last_vs_check","count_vs_check","last_vs_first"
"HN",1,1,20262012,12.5,0.15,9,16,0,NA,NA,TRUE,TRUE,TRUE,TRUE,7.79939479156347,7.79939397952634,7.79939406181083,7.07945098274624,-0.376048416674922,-0.376048481637893,-0.376048475055133,-0.433643921380301,-1.04115403298799e-07,-9.35652901823403e-08,-0.0923076505366784,1.0550114337704e-08
"HN",1,2,20263021,12.5,0.15,14,23,0,NA,NA,TRUE,TRUE,TRUE,TRUE,9.25856391213632,9.25856099258211,9.25856287028418,8.65005055002317,-0.259314887029094,-0.259315120593431,-0.259314970377266,-0.307995955998147,-3.15335535905348e-07,-1.12528481976959e-07,-0.0657243788440564,2.02807117766213e-07
"HN",1,3,20264030,12.5,0.15,18,33,0,NA,NA,TRUE,TRUE,TRUE,TRUE,11.8716748953868,11.8716721277639,11.8716711242629,11.1020779897978,-0.0502660083690591,-0.0502662297788864,-0.0502663100589692,-0.111833760816178,-2.33128254034654e-07,-3.1765727315225e-07,-0.0648263124092161,-8.45290388795661e-08
"HN",1,4,20265039,12.5,0.15,18,40,0,NA,NA,TRUE,TRUE,TRUE,TRUE,16.1571638825599,16.1571780464612,16.1571994239314,13.0715125987117,0.292573110604791,0.292574243716899,0.292575953914511,0.0457210078969383,8.76632894941665e-07,2.19972835324711e-06,-0.190977284520758,1.32309429834443e-06
"HN",1,5,20266048,12.5,0.15,14,33,0,NA,NA,TRUE,TRUE,TRUE,TRUE,13.2518570896419,13.2518580872152,13.2518485982249,11.0252544187478,0.0601485671713498,0.0601486469772121,0.0601478878579929,-0.117979646500177,7.5277998723422e-08,-6.40771848359201e-07,-0.168021935026335,-7.16049793125784e-07
"HN",1,6,20267057,12.5,0.15,17,37,0,NA,NA,TRUE,TRUE,TRUE,TRUE,11.331925914845,11.3319275607642,11.3319410664799,9.7235691684419,-0.0934459268123992,-0.0934457951388659,-0.0934447146816066,-0.222114466524648,1.45246199068083e-07,1.33707500560298e-06,-0.141931456178701,1.19182863356215e-06
"HN",2,1,20268066,12.5,0.15,30,95,34,0.970588235294118,18.75,TRUE,TRUE,TRUE,TRUE,14.0588897912019,12.813554027596,11.4043189904203,12.2274287710951,0.124711183296149,0.0250843222076811,-0.0876544807663783,-0.0218056983123897,-0.0885799506291879,-0.188817953636911,-0.130270671959665,-0.109980028502688
"HN",2,2,20269075,12.5,0.15,14,46,14,0.928571428571429,17.6776695296637,TRUE,TRUE,TRUE,TRUE,11.5761994588935,7.51632930545411,12.315890742809,9.9149119079588,-0.0739040432885234,-0.398693655563671,-0.0147287405752834,-0.206807047363296,-0.350708379538186,0.0638975932076939,-0.143508891396854,0.638551245203177
"HN",2,3,20270084,12.5,0.15,29,94,32,1,13.9754248593737,TRUE,TRUE,TRUE,TRUE,11.9700050858642,10.6907740216896,11.1019061621276,10.6460184394003,-0.0423995931308606,-0.144738078264832,-0.111847507029794,-0.14831852484798,-0.106869717681684,-0.0725228533747102,-0.110608695398762,0.038456723489231
"HN",2,4,20271093,12.5,0.15,19,83,35,0.914285714285714,12.5,TRUE,TRUE,TRUE,TRUE,11.4893536947597,12.3868762971406,9.07870327597867,9.96864563666042,-0.0808517044192237,-0.00904989622875119,-0.273703737921706,-0.202508349067166,0.0781177624282092,-0.20981601601146,-0.132358015820583,-0.267070804761778
"HN",2,5,20272102,12.5,0.15,14,39,14,1,13.9754248593737,TRUE,TRUE,TRUE,TRUE,12.7656385286207,9.05019600603491,13.7674609204059,11.3140073035412,0.021251082289655,-0.275984319517207,0.101396873632469,-0.0948794157167068,-0.29105026859845,0.0784780478891891,-0.113713953424653,0.521233452979952
"HN",2,6,20273111,12.5,0.15,20,59,20,0.85,12.5,TRUE,TRUE,TRUE,TRUE,12.3853977470711,11.2878241324297,10.4018772535087,10.0038763270338,-0.00916818023431276,-0.0969740694056239,-0.167849819719307,-0.199689893837299,-0.0886183582518328,-0.160149922842122,-0.192284613596726,-0.0784869491699233
"HN",3,1,20274120,12.5,0.15,26,120,36,0.944444444444444,13.9754248593737,TRUE,TRUE,TRUE,TRUE,12.9898213086946,12.2775193270359,12.9752394937154,11.116305220043,0.039185704695565,-0.0177984538371275,0.0380191594972352,-0.110695582396558,-0.0548353949397201,-0.00112255701080077,-0.144229550517182,0.0568290831473675
"HN",3,2,20275129,12.5,0.15,28,129,39,0.948717948717949,13.9754248593737,TRUE,TRUE,TRUE,TRUE,10.4397878595542,10.7706223179488,9.81573937375722,9.39066496001742,-0.164816971235664,-0.138350214564094,-0.214740850099422,-0.248746803198607,0.0316897683023174,-0.059775973821716,-0.100492741198439,-0.0886562462226832
"HN",3,3,20276138,12.5,0.15,16,82,25,0.96,15.8265471945187,TRUE,TRUE,TRUE,TRUE,12.6710332093265,9.10150881915746,9.67997008939365,10.7514554785997,0.0136826567461239,-0.271879294467403,-0.225602392848508,-0.139883561712021,-0.281707444941564,-0.23605518749105,-0.151493386452014,0.0635566345899274
"HN",3,4,20277147,12.5,0.15,26,128,42,0.976190476190476,13.9754248593737,TRUE,TRUE,TRUE,TRUE,12.6290423842399,15.1099759519457,14.4272539765772,11.6816607817479,0.0103233907391955,0.208798076155654,0.154180318126175,-0.0654671374601657,0.196446689481519,0.142387010639958,-0.0750161076087822,-0.0451835249466805
"HN",3,5,20278156,12.5,0.15,27,132,44,0.931818181818182,18.75,TRUE,TRUE,TRUE,TRUE,13.2938948247805,10.0653274292842,12.0686006169188,11.8169615386672,0.0635115859824378,-0.194773805657268,-0.0345119506464984,-0.0546430769066211,-0.24286091006814,-0.0921696932322417,-0.111098613730579,0.199027125715382
"HN",3,6,20279165,12.5,0.15,26,155,55,0.927272727272727,13.9754248593737,TRUE,TRUE,TRUE,TRUE,12.0491099743405,10.3751779213632,12.7694042789322,10.691772322853,-0.0360712020527579,-0.169985766290941,0.0215523423145769,-0.144658214171763,-0.138925784273034,0.0597798763664374,-0.112650449234683,0.230764848151577
"HN",4,1,20280174,12.5,0.15,29,165,48,0.895833333333333,13.9754248593737,TRUE,TRUE,TRUE,TRUE,12.8562917696795,10.4374723201419,11.9479991491902,11.5894448301968,0.0285033415743636,-0.165002214388651,-0.0441600680647862,-0.0728444135842571,-0.188142855877172,-0.0706496582966095,-0.0985390625989454,0.144721517118024
"HN",4,2,20281183,12.5,0.15,22,72,19,1,12.5,TRUE,TRUE,TRUE,TRUE,9.81417757998522,10.2025201446391,10.6958653389734,9.19695933882963,-0.214865793601182,-0.183798388428872,-0.144330772882131,-0.26424325289363,0.0395695473705158,0.0898381705244702,-0.062890470049608,0.048355228643532
"HN",4,3,20282192,12.5,0.15,29,140,37,0.945945945945946,13.9754248593737,TRUE,TRUE,TRUE,TRUE,13.7104925977876,11.0619733447785,9.10369208933568,12.4364004286165,0.0968394078230093,-0.115042132417717,-0.271704632853146,-0.00508796571067693,-0.193174624042061,-0.336005469941708,-0.0929282562303174,-0.177028202329488
"HN",4,4,20283201,12.5,0.15,26,152,38,1,13.9754248593737,TRUE,TRUE,TRUE,TRUE,15.1408903941939,11.4274097970115,11.0770215832114,13.2515108981656,0.21127123153551,-0.0858072162390811,-0.113838273343084,0.0601208718532502,-0.245261705256542,-0.268403555218973,-0.124786551308288,-0.0306620852865255
"HN",4,5,20284210,12.5,0.15,29,156,46,0.978260869565217,13.9754248593737,TRUE,TRUE,TRUE,TRUE,14.4266148781964,15.2625661646378,11.4927435522832,12.8818487318127,0.154129190255711,0.221005293171025,-0.0805805158173402,0.0305478985450154,0.0579450753693329,-0.203365193476346,-0.107077520223984,-0.24699795379685
"HN",4,6,20285219,12.5,0.15,35,205,57,0.947368421052632,13.9754248593737,TRUE,TRUE,TRUE,TRUE,11.6920630679032,11.5826900472218,10.3636295875507,10.8111053296994,-0.0646349545677409,-0.0733847962222544,-0.170909632995942,-0.13511157362405,-0.00935446721816491,-0.113618398450081,-0.075346646104078,-0.105248474637676
"HHN",1,1,20286228,12.5,0.15,12,22,0,NA,NA,TRUE,TRUE,TRUE,TRUE,14.549886878946,14.5498823997118,14.5498805198882,12.8111002726028,0.163990950315683,0.163990591976944,0.163990441591056,0.0248880218082235,-3.07853543657366e-07,-4.37052046997621e-07,-0.119505163222905,-1.2919854308624e-07
"HHN",1,2,20287237,12.5,0.15,21,34,0,NA,NA,TRUE,TRUE,TRUE,TRUE,11.6191425916599,11.6191790414914,11.6191717841718,11.0039521083626,-0.0704685926672073,-0.0704656766806842,-0.0704662572662546,-0.119683831330996,3.13705002330522e-06,2.51244975091325e-06,-0.0529462891469232,-6.24598313070379e-07
"HHN",1,3,20288246,12.5,0.15,15,28,0,NA,NA,TRUE,TRUE,TRUE,TRUE,12.9416733195481,12.9417115228493,12.9417164337978,10.7008154182593,0.0353338655638462,0.0353369218279471,0.0353373147038212,-0.143934766539254,2.95195994493014e-06,3.33142775432727e-06,-0.173150553715801,3.79466689182095e-07
"HHN",1,4,20289255,12.5,0.15,15,29,0,NA,NA,TRUE,TRUE,TRUE,TRUE,10.091619423684,10.0916162745749,10.0916189948204,8.7945321861017,-0.192670446105283,-0.192670698034011,-0.192670480414368,-0.296437425111864,-3.12051908424316e-07,-4.24970014734072e-08,-0.12853112896213,2.69554990994791e-07
"HHN",1,5,20290264,12.5,0.15,17,31,0,NA,NA,TRUE,TRUE,TRUE,TRUE,13.2906785608836,13.2906967734891,13.2906785368045,11.6631270550096,0.0632542848706883,0.0632557418791313,0.0632542829443572,-0.0669498355992321,1.37032924651947e-06,-1.81173120950007e-09,-0.122458119682777,-1.37213909756628e-06
"HHN",1,6,20291273,12.5,0.15,23,46,0,NA,NA,TRUE,TRUE,TRUE,TRUE,10.6820404655032,10.6820391491165,10.6820400054853,9.75902944636402,-0.14543676275974,-0.145436868070681,-0.145436799561178,-0.219277644290879,-1.23233642845832e-07,-4.30646167615123e-08,-0.0864077441121871,8.01690358542828e-08
"HHN",2,1,20292282,12.5,0.15,24,81,26,0.961538461538462,19.7642353760524,TRUE,TRUE,TRUE,TRUE,13.9497815791528,11.5761934926488,13.7762158615288,12.7676036600624,0.115982526332227,-0.0739045205880974,0.102097268922308,0.0214082928049921,-0.170152347765161,-0.0124421817387718,-0.0847452637435654,0.19004713166527
"HHN",2,2,20293291,12.5,0.15,22,80,28,0.964285714285714,17.6776695296637,TRUE,TRUE,TRUE,TRUE,13.8600837001792,12.2071523202167,13.1821781010328,12.3341401840855,0.108806696014337,-0.0234278143826649,0.0545742480826212,-0.0132687852731607,-0.119258398125052,-0.0489106425192567,-0.110096269914588,0.0798733197751045
"HHN",2,3,20294300,12.5,0.15,21,60,18,1,12.5,TRUE,TRUE,TRUE,TRUE,12.2546646149478,10.1589177383526,11.3281454645473,10.6771162785933,-0.0196268308041764,-0.187286580931796,-0.0937483628362162,-0.145830697712537,-0.171016257273898,-0.0756054269547584,-0.128730437423009,0.115093729106656
"HHN",2,4,20295309,12.5,0.15,20,60,21,0.857142857142857,17.6776695296637,TRUE,TRUE,TRUE,TRUE,12.3410765525756,10.3790750030715,9.87683450122024,10.3194930209579,-0.0127138757939536,-0.16967399975428,-0.20985323990238,-0.174440558323365,-0.158981393652778,-0.199678045983845,-0.163809334056496,-0.048389716974068
"HHN",2,5,20296318,12.5,0.15,22,86,29,1,13.9754248593737,TRUE,TRUE,TRUE,TRUE,11.6068625069369,13.4648011409293,13.4153026413353,10.4463611771583,-0.0714509994450471,0.0771840912743462,0.0732242113068231,-0.164291105827333,0.160072425505343,0.155807836382791,-0.0999840679671182,-0.00367614041053876
"HHN",2,6,20297327,12.5,0.15,24,77,25,0.88,12.5,TRUE,TRUE,TRUE,TRUE,9.90326048900304,9.65318874389914,8.80373516449591,8.78172168704234,-0.207739160879757,-0.227744900488069,-0.295701186840327,-0.297462265036613,-0.0252514558595719,-0.111026598333759,-0.11324944983585,-0.0879971998827936
"HHN",3,1,20298336,12.5,0.15,22,118,42,0.928571428571429,13.9754248593737,TRUE,TRUE,TRUE,TRUE,13.2013889881659,14.4030679693687,19.3508551339535,11.5850107875156,0.0561111190532722,0.152245437549493,0.54806841071628,-0.0731991369987529,0.0910267080441289,0.465819630896427,-0.122440010070098,0.343523142090797
"HHN",3,2,20299345,12.5,0.15,24,128,42,0.952380952380952,17.6776695296637,TRUE,TRUE,TRUE,TRUE,13.7023614467521,14.2161207525594,8.02033455077032,12.293755346538,0.0961889157401696,0.137289660204751,-0.358373235938375,-0.0164995722769619,0.0374942164388057,-0.414675011899399,-0.102800244008162,-0.435828191785274
"HHN",3,3,20300354,12.5,0.15,28,146,52,0.961538461538462,13.9754248593737,TRUE,TRUE,TRUE,TRUE,11.2904839757727,10.4051744529825,11.2474308843843,10.3065104663451,-0.0967612819381849,-0.167586043761397,-0.100205529249258,-0.17547916269239,-0.0784120082619901,-0.00381321929872913,-0.0871506935875367,0.0809459212056096
"HHN",3,4,20301363,12.5,0.15,18,112,41,0.951219512195122,13.9754248593737,TRUE,TRUE,TRUE,TRUE,12.127548880414,8.89097828899489,13.6088549000176,11.1461842400717,-0.0297960895668772,-0.288721736880409,0.0887083920014069,-0.108305260794266,-0.266877554840962,0.122143891911733,-0.0809202791115744,0.530636388670796
"HHN",3,5,20302372,12.5,0.15,20,95,31,0.967741935483871,13.9754248593737,TRUE,TRUE,TRUE,TRUE,14.6259483163285,9.1816127938274,12.4885532648915,12.4544938233517,0.170075865306283,-0.265470976493808,-0.000915738808677014,-0.00364049413186451,-0.372238121231635,-0.146137194335002,-0.148465894040704,0.360169890118577
"HHN",3,6,20303381,12.5,0.15,36,192,65,1,13.9754248593737,TRUE,TRUE,TRUE,TRUE,12.24815645587,11.6209394334503,12.4268488993055,10.9053169789549,-0.0201474835304011,-0.0703248453239723,-0.00585208805556103,-0.127574641683605,-0.0512090962161937,0.0145893338380618,-0.109636048637466,0.0693497690501137
"HHN",4,1,20304390,12.5,0.15,30,189,58,0.96551724137931,13.9754248593737,TRUE,TRUE,TRUE,TRUE,11.6988081087358,10.6120259597649,9.0313163693909,10.1486267511464,-0.0640953513011395,-0.151037923218811,-0.277494690448728,-0.188109859908292,-0.092896826657014,-0.228013974975192,-0.13250763181865,-0.148954553670257
"HHN",4,2,20305399,12.5,0.15,18,100,30,0.933333333333333,13.9754248593737,TRUE,TRUE,TRUE,TRUE,11.3808650420883,9.97337375889622,8.51807260810472,10.7108000159779,-0.0895307966329382,-0.202130099288302,-0.318554191351623,-0.143135998721765,-0.123671731277624,-0.251544361821047,-0.0588764583036813,-0.145918641572355
"HHN",4,3,20306408,12.5,0.15,8,45,12,1,15.8265471945187,TRUE,TRUE,TRUE,TRUE,12.9744656739866,11.0796604080394,10.1705287439619,11.8182807552258,0.0379572539189312,-0.113627167356847,-0.18635770048305,-0.0545375395819343,-0.146041102081471,-0.216111938670936,-0.089112334011483,-0.0820541091149219
"HHN",4,4,20307417,12.5,0.15,26,162,49,0.877551020408163,13.9754248593737,TRUE,TRUE,TRUE,TRUE,11.7814703076982,11.4376433843291,11.1749049614861,11.0364657257539,-0.0574823753841401,-0.0849885292536756,-0.106007603081109,-0.117082741939689,-0.0291837024063566,-0.0514846899725048,-0.0632352806981621,-0.0229713774082959
"HHN",4,5,20308426,12.5,0.15,14,78,22,0.909090909090909,15.8265471945187,TRUE,TRUE,TRUE,TRUE,13.5590899516024,9.55850439556285,12.8373265150105,12.265812484695,0.0847271961281924,-0.235319648354972,0.0269861212008364,-0.0187350012244035,-0.295048234823958,-0.0532309645535357,-0.0953808457295918,0.343026689506956
"HHN",4,6,20309435,12.5,0.15,26,150,42,0.928571428571429,12.5,TRUE,TRUE,TRUE,TRUE,12.4888220568437,11.4997936896597,12.2906136812582,11.0861838609697,-0.000894235452504777,-0.0800165048272256,-0.0167509054993431,-0.113105291122426,-0.0791930866403878,-0.0158708623345997,-0.112311488584737,0.0687681894945311
