"shift_multiplier","replicate","sigma_true","method","success","sigma_hat","lcl","ucl","error","relative_bias","covered95"
0,1,6.25,"CHECK",TRUE,5.77572298424831,4.81614982147932,6.9264821957984,"",-0.0758843225202712,TRUE
0,1,6.25,"FIRST",TRUE,5.13007909899822,3.93404946305089,6.68972563999457,"",-0.179187344160284,TRUE
0,1,6.25,"LAST",TRUE,6.26341829543337,4.6796807372388,8.38313785626259,"",0.00214692726933876,TRUE
0,1,12.5,"CHECK",TRUE,11.2380294818695,9.834681821335,12.8416260871187,"",-0.100957641450443,TRUE
0,1,12.5,"FIRST",TRUE,9.57687148168705,7.77632394647117,11.7943218425682,"",-0.233850281465036,FALSE
0,1,12.5,"LAST",TRUE,11.1840706861715,8.89849510518042,14.0566956136732,"",-0.105274345106276,TRUE
0,1,25,"CHECK",TRUE,25.1401842335552,21.6703909239943,29.1655496900745,"",0.00560736934220614,TRUE
0,1,25,"FIRST",TRUE,26.2274489857879,20.4036356175636,33.7135544466387,"",0.0490979594315176,TRUE
0,1,25,"LAST",TRUE,21.296807573665,16.6863586211225,27.1811258003037,"",-0.148127697053401,TRUE
0.5,1,6.25,"CHECK",TRUE,5.99793264259586,4.94761824041474,7.2712150042727,"",-0.0403307771846622,TRUE
0.5,1,6.25,"FIRST",TRUE,5.53068671822547,4.27998382327074,7.14687177293584,"",-0.115090125083925,TRUE
0.5,1,6.25,"LAST",TRUE,6.940276080421,5.12349353037503,9.40128679521101,"",0.110444172867359,TRUE
0.5,1,12.5,"CHECK",TRUE,14.5876101153574,12.3023711646023,17.2973458555667,"",0.167008809228591,TRUE
0.5,1,12.5,"FIRST",TRUE,15.8447024686536,11.0904267132138,22.6370547150397,"",0.267576197492292,TRUE
0.5,1,12.5,"LAST",TRUE,13.6670882642088,9.9269582231984,18.816368259228,"",0.0933670611367007,TRUE
0.5,1,25,"CHECK",TRUE,23.7870084323126,20.4415278804684,27.6800136206816,"",-0.0485196627074978,TRUE
0.5,1,25,"FIRST",TRUE,21.730520939243,17.0415664217514,27.709632354462,"",-0.130779162430281,TRUE
0.5,1,25,"LAST",TRUE,22.462333502054,17.5173105091315,28.8033043710951,"",-0.101506659917839,TRUE
1,1,6.25,"CHECK",TRUE,6.23964078579156,5.02977902232959,7.74052238932779,"",-0.00165747427335106,TRUE
1,1,6.25,"FIRST",TRUE,6.66956518863052,4.91164072929153,9.05666807836907,"",0.0671304301808826,TRUE
1,1,6.25,"LAST",TRUE,6.60168669046052,4.92320283544363,8.85242160758473,"",0.0562698704736835,TRUE
1,1,12.5,"CHECK",TRUE,13.3775899917534,11.5911465998766,15.4393624863106,"",0.0702071993402735,TRUE
1,1,12.5,"FIRST",TRUE,11.9712724641061,9.26365032790999,15.4702907965005,"",-0.0422982028715128,TRUE
1,1,12.5,"LAST",TRUE,16.1022428381416,12.6953706945103,20.4233677501516,"",0.288179427051325,FALSE
1,1,25,"CHECK",TRUE,24.712467195925,21.2179483478102,28.7825205763919,"",-0.0115013121630014,TRUE
1,1,25,"FIRST",TRUE,20.4332938679078,16.5183987176257,25.2760273819259,"",-0.182668245283689,TRUE
1,1,25,"LAST",TRUE,28.2161661923952,21.6510322210905,36.7720128290846,"",0.128646647695807,TRUE
1.5,1,6.25,"CHECK",TRUE,7.96371013691382,6.69748336243075,9.4693298531415,"",0.274193621906212,FALSE
1.5,1,6.25,"FIRST",TRUE,6.38562450686892,5.13981756724687,7.93339448516002,"",0.0216999210990275,TRUE
1.5,1,6.25,"LAST",TRUE,8.54105290226046,6.61502811747398,11.027857082952,"",0.366568464361673,FALSE
1.5,1,12.5,"CHECK",TRUE,14.9802720366783,12.6010311748148,17.8087449494928,"",0.19842176293426,FALSE
1.5,1,12.5,"FIRST",TRUE,13.2927114065531,10.1724337664971,17.3700985028633,"",0.0634169125242492,TRUE
1.5,1,12.5,"LAST",TRUE,13.9285117609373,10.3053326356238,18.8255388481037,"",0.114280940874982,TRUE
1.5,1,25,"CHECK",TRUE,24.548966719126,20.8724291121867,28.8731016278736,"",-0.0180413312349609,TRUE
1.5,1,25,"FIRST",TRUE,26.1959476182261,19.467935422742,35.2491240963953,"",0.0478379047290434,TRUE
1.5,1,25,"LAST",TRUE,27.994417032999,20.9350482653011,37.4342287195197,"",0.119776681319961,TRUE
0,2,6.25,"CHECK",TRUE,6.90465674329882,5.8417319925628,8.16098458530393,"",0.104745078927811,TRUE
0,2,6.25,"FIRST",TRUE,6.42064704369943,4.90002574926105,8.41316159736163,"",0.0273035269919085,TRUE
0,2,6.25,"LAST",TRUE,7.08917425507008,5.38690519580149,9.32936255457361,"",0.134267880811213,TRUE
0,2,12.5,"CHECK",TRUE,13.5351435303924,11.6326723686606,15.7487552801608,"",0.0828114824313944,TRUE
0,2,12.5,"FIRST",TRUE,13.9270009077694,10.687746650022,18.1480119838555,"",0.114160072621554,TRUE
0,2,12.5,"LAST",TRUE,14.1448699290568,10.8417714796347,18.4543038640652,"",0.13158959432454,TRUE
0,2,25,"CHECK",TRUE,24.4881620168171,20.9579830124072,28.6129671260291,"",-0.0204735193273167,TRUE
0,2,25,"FIRST",TRUE,21.7639630829334,16.6552950389544,28.4396096236925,"",-0.129441476682665,TRUE
0,2,25,"LAST",TRUE,21.094409520261,16.4931395800191,26.9793456151642,"",-0.156223619189559,TRUE
0.5,2,6.25,"CHECK",TRUE,7.242189106092,6.3344658781931,8.27998825109445,"",0.15875025697472,FALSE
0.5,2,6.25,"FIRST",TRUE,7.42216925704067,5.97269938955694,9.2234001557956,"",0.187547081126508,TRUE
0.5,2,6.25,"LAST",TRUE,7.6515925184073,6.23673463504327,9.38742330622512,"",0.224254802945168,TRUE
0.5,2,12.5,"CHECK",TRUE,13.2277078367803,11.4203395054101,15.3211079698926,"",0.0582166269424216,TRUE
0.5,2,12.5,"FIRST",TRUE,14.535885102419,10.7631912575125,19.630976599366,"",0.162870808193523,TRUE
0.5,2,12.5,"LAST",TRUE,15.7755562630974,12.5664033186664,19.8042486063198,"",0.26204450104779,FALSE
0.5,2,25,"CHECK",TRUE,27.1807443244037,23.0451957576335,32.0584329071662,"",0.0872297729761479,TRUE
0.5,2,25,"FIRST",TRUE,29.7519554289882,23.4146926359922,37.8044190290943,"",0.190078217159526,TRUE
0.5,2,25,"LAST",TRUE,29.4916064393131,23.4807013955308,37.0412636198711,"",0.179664257572522,TRUE
1,2,6.25,"CHECK",TRUE,8.17264898944792,6.49724438005577,10.2800799227673,"",0.307623838311667,FALSE
1,2,6.25,"FIRST",TRUE,5.62539724121357,4.25566959318813,7.43598473248634,"",-0.0999364414058282,TRUE
1,2,6.25,"LAST",TRUE,8.15519446451848,5.92779658215915,11.2195477412769,"",0.304831114322957,TRUE
1,2,12.5,"CHECK",TRUE,12.4943129758008,10.6951931427917,14.596076447902,"",-0.000454961935933085,TRUE
1,2,12.5,"FIRST",TRUE,11.825324045703,9.08565917537255,15.3910999836892,"",-0.053974076343758,TRUE
1,2,12.5,"LAST",TRUE,13.0762396182867,9.85176152076752,17.35608826852,"",0.0460991694629323,TRUE
1,2,25,"CHECK",TRUE,26.0609852616324,22.4760543324856,30.217712715945,"",0.0424394104652946,TRUE
1,2,25,"FIRST",TRUE,26.9010269316142,20.748628306763,34.877739351066,"",0.0760410772645668,TRUE
1,2,25,"LAST",TRUE,27.295249276307,21.6191861342486,34.461548572149,"",0.0918099710522812,TRUE
1.5,2,6.25,"CHECK",TRUE,7.84719026207276,6.29044103017247,9.78920153830315,"",0.255550441931642,FALSE
1.5,2,6.25,"FIRST",TRUE,5.72664651835291,4.29061746810789,7.64330089781353,"",-0.0837365570635345,TRUE
1.5,2,6.25,"LAST",TRUE,7.11088797867784,5.29610874375109,9.54752447350454,"",0.137742076588454,TRUE
1.5,2,12.5,"CHECK",TRUE,13.8951634162221,11.8196779949796,16.3350952915574,"",0.111613073297767,TRUE
1.5,2,12.5,"FIRST",TRUE,14.095912877692,10.3525341415159,19.1928620702321,"",0.127673030215362,TRUE
1.5,2,12.5,"LAST",TRUE,17.6402249079912,12.1234958298804,25.6673107469185,"",0.411217992639292,TRUE
1.5,2,25,"CHECK",TRUE,27.0309238825258,22.7911632438665,32.0593924112031,"",0.081236955301033,TRUE
1.5,2,25,"FIRST",TRUE,29.3311486559825,22.3264099086885,38.5335701081321,"",0.173245946239299,TRUE
1.5,2,25,"LAST",TRUE,27.0072075147749,20.4406287939343,35.683308233774,"",0.0802883005909956,TRUE
0,3,6.25,"CHECK",TRUE,6.13185833683477,4.96872891343705,7.56726465018618,"",-0.0189026661064361,TRUE
0,3,6.25,"FIRST",TRUE,6.66911550554096,5.11310978015368,8.69864007201308,"",0.0670584808865534,TRUE
0,3,6.25,"LAST",TRUE,6.23318544840635,4.84744256042951,8.01507193739334,"",-0.00269032825498371,TRUE
0,3,12.5,"CHECK",TRUE,12.7789604678208,11.006319878061,14.8370965451982,"",0.0223168374256618,TRUE
0,3,12.5,"FIRST",TRUE,12.7798086605705,9.81269045540144,16.6441110257269,"",0.0223846928456376,TRUE
0,3,12.5,"LAST",TRUE,10.7550701432992,8.23748373675681,14.0420955577907,"",-0.139594388536065,TRUE
0,3,25,"CHECK",TRUE,23.6499786329601,20.5934878064258,27.1601146244368,"",-0.0540008546815977,TRUE
0,3,25,"FIRST",TRUE,23.5400819494271,18.6157199469024,29.7670710435215,"",-0.0583967220229152,TRUE
0,3,25,"LAST",TRUE,24.538056745661,19.3672617266058,31.0893835872584,"",-0.0184777301735616,TRUE
0.5,3,6.25,"CHECK",TRUE,6.55862878405023,5.49895607370846,7.82250502647909,"",0.049380605448036,TRUE
0.5,3,6.25,"FIRST",TRUE,4.43869307294854,3.47104936504437,5.67609219109724,"",-0.289809108328233,FALSE
0.5,3,6.25,"LAST",TRUE,6.68304580827931,5.14049983627008,8.68847440873902,"",0.0692873293246902,TRUE
0.5,3,12.5,"CHECK",TRUE,11.8625581425857,10.2920403333943,13.6727297142079,"",-0.050995348593146,TRUE
0.5,3,12.5,"FIRST",TRUE,11.1592786033024,8.95876570032191,13.9002964372255,"",-0.107257711735807,TRUE
0.5,3,12.5,"LAST",TRUE,14.0631976884206,10.901756806358,18.1414365350964,"",0.12505581507365,TRUE
0.5,3,25,"CHECK",TRUE,25.1547264848075,21.6123796588171,29.2776767072632,"",0.00618905939230103,TRUE
0.5,3,25,"FIRST",TRUE,24.8033340607758,18.5342836741336,33.192832879159,"",-0.00786663756896687,TRUE
0.5,3,25,"LAST",TRUE,26.3563424712685,19.812319758546,35.061860343898,"",0.0542536988507385,TRUE
1,3,6.25,"CHECK",TRUE,7.80792877158362,6.49172436539202,9.39099509941098,"",0.249268603453379,FALSE
1,3,6.25,"FIRST",TRUE,6.18278743008981,4.93388980817913,7.74781397474791,"",-0.0107540111856305,TRUE
1,3,6.25,"LAST",TRUE,7.74542399237164,5.98243006623966,10.0279639138874,"",0.239267838779462,TRUE
1,3,12.5,"CHECK",TRUE,13.3421167046818,11.1917316089515,15.9056779041206,"",0.0673693363745427,TRUE
1,3,12.5,"FIRST",TRUE,12.3142791493142,9.16676705318058,16.5425247622738,"",-0.0148576680548609,TRUE
1,3,12.5,"LAST",TRUE,11.9028117984119,8.84321775896254,16.0209702587982,"",-0.0477750561270447,TRUE
1,3,25,"CHECK",TRUE,24.2999357225197,21.1087055680942,27.9736184776347,"",-0.0280025710992119,TRUE
1,3,25,"FIRST",TRUE,27.7467390864899,21.0828902977967,36.5168873460487,"",0.109869563459595,TRUE
1,3,25,"LAST",TRUE,30.0836222289409,24.3830588230413,37.1169315950797,"",0.203344889157637,TRUE
1.5,3,6.25,"CHECK",TRUE,7.71483054578545,6.35067618208974,9.37201152186588,"",0.234372887325672,FALSE
1.5,3,6.25,"FIRST",TRUE,5.63295598603023,4.36608920563952,7.26741750937408,"",-0.0987270422351632,TRUE
1.5,3,6.25,"LAST",TRUE,9.74350886430525,6.84792211341464,13.8634703223072,"",0.55896141828884,FALSE
1.5,3,12.5,"CHECK",TRUE,12.4502606863954,10.7850805175928,14.3725390743582,"",-0.00397914508836934,TRUE
1.5,3,12.5,"FIRST",TRUE,13.6639171287028,10.9831398695841,16.9990215472988,"",0.0931133702962211,TRUE
1.5,3,12.5,"LAST",TRUE,11.4802086954902,9.13808322302971,14.4226298311511,"",-0.0815833043607816,TRUE
1.5,3,25,"CHECK",TRUE,24.3766847532171,21.0287472032897,28.2576395927557,"",-0.0249326098713149,TRUE
1.5,3,25,"FIRST",TRUE,28.614837037419,19.4261793906515,42.1497651294255,"",0.144593481496761,TRUE
1.5,3,25,"LAST",TRUE,33.4702902602523,27.4215699015994,40.8532529000172,"",0.338811610410091,FALSE
0,4,6.25,"CHECK",TRUE,6.35930946655047,5.26564468287386,7.68012642837245,"",0.0174895146480748,TRUE
0,4,6.25,"FIRST",TRUE,7.26194655916325,5.28173279260879,9.98457701266923,"",0.16191144946612,TRUE
0,4,6.25,"LAST",TRUE,6.15032285544746,4.70494923099985,8.0397193187568,"",-0.0159483431284058,TRUE
0,4,12.5,"CHECK",TRUE,13.3518988364771,11.6316214379477,15.3265994333266,"",0.0681519069181697,TRUE
0,4,12.5,"FIRST",TRUE,14.9033356714628,10.3465854966444,21.4669287958168,"",0.192266853717027,TRUE
0,4,12.5,"LAST",TRUE,16.1311051476024,11.2636844550571,23.1019036729297,"",0.290488411808195,TRUE
0,4,25,"CHECK",TRUE,24.4122504266046,21.2414409843949,28.056381454021,"",-0.0235099829358154,TRUE
0,4,25,"FIRST",TRUE,21.7846799134049,17.0780524459363,27.7884308197231,"",-0.128612803463805,TRUE
0,4,25,"LAST",TRUE,27.3710939834962,20.9017530839265,35.8427727495022,"",0.0948437593398491,TRUE
0.5,4,6.25,"CHECK",TRUE,8.20726202595129,7.00634915076515,9.61401558974062,"",0.313161924152207,FALSE
0.5,4,6.25,"FIRST",TRUE,7.64429894172354,6.01913987331899,9.70824861031417,"",0.223087830675767,TRUE
0.5,4,6.25,"LAST",TRUE,9.29197145325555,7.07209174325953,12.2086557446611,"",0.486715432520889,FALSE
0.5,4,12.5,"CHECK",TRUE,13.077732916817,11.1166977890294,15.3847033974762,"",0.0462186333453562,TRUE
0.5,4,12.5,"FIRST",TRUE,12.3616453084902,9.40365609503272,16.2500917928758,"",-0.0110683753207859,TRUE
0.5,4,12.5,"LAST",TRUE,14.4251217402792,10.3599991262427,20.0853431246711,"",0.154009739222338,TRUE
0.5,4,25,"CHECK",TRUE,22.7456261158313,19.6350375708263,26.3489950317124,"",-0.0901749553667473,TRUE
0.5,4,25,"FIRST",TRUE,22.5717098850624,17.4815781445821,29.1439412918977,"",-0.097131604597505,TRUE
0.5,4,25,"LAST",TRUE,23.4940229693947,18.024564188695,30.6231601223758,"",-0.060239081224211,TRUE
1,4,6.25,"CHECK",TRUE,7.20329859758098,5.64433488768151,9.19284764608033,"",0.152527775612956,TRUE
1,4,6.25,"FIRST",TRUE,6.05159021727129,4.50496764360016,8.12919138493682,"",-0.0317455652365938,TRUE
1,4,6.25,"LAST",TRUE,7.95991335447282,5.80157610862339,10.9212082069452,"",0.273586136715652,TRUE
1,4,12.5,"CHECK",TRUE,12.8423975567999,11.0582344345546,14.9144220067841,"",0.0273918045439908,TRUE
1,4,12.5,"FIRST",TRUE,13.867099799192,10.94407520316,17.5708274359469,"",0.109367983935361,TRUE
1,4,12.5,"LAST",TRUE,11.3205539607668,8.70978145582882,14.7139101742753,"",-0.0943556831386522,TRUE
1,4,25,"CHECK",TRUE,24.7592870002432,21.3593788981926,28.700380085129,"",-0.00962851999027364,TRUE
1,4,25,"FIRST",TRUE,27.8581272177255,21.2630265181781,36.4988140994651,"",0.114325088709022,TRUE
1,4,25,"LAST",TRUE,25.5799909695712,20.0707289396431,32.6015034118127,"",0.0231996387828477,TRUE
1.5,4,6.25,"CHECK",TRUE,8.19019309065877,6.85508467591567,9.78532958140514,"",0.310430894505404,FALSE
1.5,4,6.25,"FIRST",TRUE,5.84453820571221,4.67674128388958,7.30393767038155,"",-0.064873887086047,TRUE
1.5,4,6.25,"LAST",TRUE,11.1719797414591,7.85523186068685,15.8891721539405,"",0.787516758633449,FALSE
1.5,4,12.5,"CHECK",TRUE,15.4632359761105,12.8864144063125,18.5553296140893,"",0.237058878088836,FALSE
1.5,4,12.5,"FIRST",TRUE,12.2062840619934,9.41015490897014,15.8332537607906,"",-0.0234972750405301,TRUE
1.5,4,12.5,"LAST",TRUE,17.1239436950792,12.22353497438,23.9889236858926,"",0.369915495606333,TRUE
1.5,4,25,"CHECK",TRUE,25.7495858515942,21.7187393756291,30.5285293064766,"",0.0299834340637689,TRUE
1.5,4,25,"FIRST",TRUE,23.7098592979681,18.4411376385013,30.4838800593177,"",-0.0516056280812771,TRUE
1.5,4,25,"LAST",TRUE,25.8488922161481,19.8581519121375,33.6468988533448,"",0.0339556886459258,TRUE
0,5,6.25,"CHECK",TRUE,5.72951953289083,4.73042950237254,6.93962230307271,"",-0.0832768747374665,TRUE
0,5,6.25,"FIRST",TRUE,5.59858849338326,4.18500087057862,7.4896503220822,"",-0.104225841058678,TRUE
0,5,6.25,"LAST",TRUE,6.28713009891739,4.83060165675059,8.182832634414,"",0.00594081582678314,TRUE
0,5,12.5,"CHECK",TRUE,12.5482889273932,10.9163280728908,14.4242234159642,"",0.00386311419145656,TRUE
0,5,12.5,"FIRST",TRUE,13.0314014660707,10.1874660243227,16.6692506030908,"",0.0425121172856522,TRUE
0,5,12.5,"LAST",TRUE,14.1809049926905,10.9027970329519,18.4446308414188,"",0.134472399415241,TRUE
0,5,25,"CHECK",TRUE,28.0112026758486,23.8279815723578,32.9288266807161,"",0.120448107033944,TRUE
0,5,25,"FIRST",TRUE,26.8631513153773,20.9773375266111,34.4004046117592,"",0.0745260526150938,TRUE
0,5,25,"LAST",TRUE,25.5774269932998,19.8780039503979,32.9109891128925,"",0.0230970797319904,TRUE
0.5,5,6.25,"CHECK",TRUE,6.86007475480432,5.86739555550513,8.02070104125646,"",0.0976119607686913,TRUE
0.5,5,6.25,"FIRST",TRUE,5.51193415612407,4.44743071088719,6.83122911101779,"",-0.118090535020149,TRUE
0.5,5,6.25,"LAST",TRUE,7.14205583750776,5.67787984254955,8.98380434256847,"",0.142728934001241,TRUE
0.5,5,12.5,"CHECK",TRUE,11.4791723020774,9.81557684154717,13.4247226493119,"",-0.0816662158338109,TRUE
0.5,5,12.5,"FIRST",TRUE,10.5724199676937,8.39798318241679,13.3098699467889,"",-0.154206402584505,TRUE
0.5,5,12.5,"LAST",TRUE,11.2886678244963,8.95799614157939,14.2257285265307,"",-0.0969065740402957,TRUE
0.5,5,25,"CHECK",TRUE,26.2140467204206,22.3060950070694,30.8066582359042,"",0.0485618688168243,TRUE
0.5,5,25,"FIRST",TRUE,26.3170417614516,19.6210431987338,35.2981582099917,"",0.0526816704580644,TRUE
0.5,5,25,"LAST",TRUE,21.9888947959589,16.8486705725951,28.6973083285394,"",-0.120444208161644,TRUE
1,5,6.25,"CHECK",TRUE,8.85508953789059,7.58122265430848,10.3430032726313,"",0.416814326062495,FALSE
1,5,6.25,"FIRST",TRUE,6.32686635472479,5.20045751639364,7.69725312520341,"",0.012298616755966,TRUE
1,5,6.25,"LAST",TRUE,9.96049578223704,7.40384776849109,13.3999886721308,"",0.593679325157926,FALSE
1,5,12.5,"CHECK",TRUE,14.6868718851556,12.3656406398126,17.4438358718342,"",0.17494975081245,TRUE
1,5,12.5,"FIRST",TRUE,13.3008509131969,10.0437912221768,17.6141290775208,"",0.0640680730557557,TRUE
1,5,12.5,"LAST",TRUE,17.7591588661972,12.4144963219355,25.4047941580651,"",0.420732709295773,TRUE
1,5,25,"CHECK",TRUE,22.2566196017361,19.2634595378362,25.7148574545206,"",-0.109735215930557,TRUE
1,5,25,"FIRST",TRUE,23.3415453573774,18.322848809464,29.7348815861588,"",-0.0663381857049058,TRUE
1,5,25,"LAST",TRUE,20.955173211858,16.5479995044709,26.5360948445961,"",-0.161793071525681,TRUE
1.5,5,6.25,"CHECK",TRUE,8.62936655738507,6.86730101832831,10.8435565854725,"",0.380698649181612,FALSE
1.5,5,6.25,"FIRST",TRUE,6.38911759762352,4.76580571298149,8.56535623453374,"",0.0222588156197634,TRUE
1.5,5,6.25,"LAST",TRUE,9.57844146375906,6.80759581442776,13.4770840360726,"",0.532550634201449,FALSE
1.5,5,12.5,"CHECK",TRUE,14.8447492501293,12.0947549876698,18.2200119410332,"",0.187579940010346,TRUE
1.5,5,12.5,"FIRST",TRUE,13.5736339539798,9.81304540698001,18.7753679999872,"",0.0858907163183866,TRUE
1.5,5,12.5,"LAST",TRUE,18.8997354752387,11.9807973086803,29.814376441808,"",0.511978838019094,TRUE
1.5,5,25,"CHECK",TRUE,25.1704555572364,21.816504401797,29.040024987075,"",0.00681822228945762,TRUE
1.5,5,25,"FIRST",TRUE,23.1647247722224,18.4238244066695,29.1255746867931,"",-0.0734110091111049,TRUE
1.5,5,25,"LAST",TRUE,24.8452147775366,19.2423317702407,32.0795163867088,"",-0.00619140889853739,TRUE
0,6,6.25,"CHECK",TRUE,6.36336350094307,5.15683444411643,7.85218053516014,"",0.0181381601508907,TRUE
0,6,6.25,"FIRST",TRUE,5.92434514654551,4.41126995270001,7.9564084247247,"",-0.052104776552719,TRUE
0,6,6.25,"LAST",TRUE,7.52046143144763,5.38615262569391,10.5005082611458,"",0.20327382903162,TRUE
0,6,12.5,"CHECK",TRUE,13.3445627049923,11.4477061695838,15.5557236663374,"",0.0675650163993838,TRUE
0,6,12.5,"FIRST",TRUE,13.5387123141883,10.2742146447845,17.8404615304976,"",0.0830969851350611,TRUE
0,6,12.5,"LAST",FALSE,NA,NA,NA,"non-finite prediction",NA,FALSE
0,6,25,"CHECK",TRUE,26.4402407505447,22.4648660742936,31.1190963095357,"",0.057609630021788,TRUE
0,6,25,"FIRST",TRUE,24.4019471638778,18.7576202460915,31.744699891382,"",-0.023922113444887,TRUE
0,6,25,"LAST",TRUE,29.118290973038,21.9643345041027,38.6023473204768,"",0.164731638921519,TRUE
0.5,6,6.25,"CHECK",TRUE,7.25407196309284,5.83854691745493,9.01278362402333,"",0.160651514094855,TRUE
0.5,6,6.25,"FIRST",TRUE,6.03064865323639,4.40564716984496,8.25502401275174,"",-0.0350962154821769,TRUE
0.5,6,6.25,"LAST",TRUE,6.83090202858389,4.80952355066923,9.70183886876254,"",0.092944324573423,TRUE
0.5,6,12.5,"CHECK",TRUE,12.7437250711293,11.1261446569302,14.5964782677324,"",0.0194980056903428,TRUE
0.5,6,12.5,"FIRST",TRUE,12.4166973127459,9.71678235064798,15.8668133742925,"",-0.00666421498033046,TRUE
0.5,6,12.5,"LAST",TRUE,13.6075342678742,10.2269976035687,18.1055081881272,"",0.0886027414299332,TRUE
0.5,6,25,"CHECK",TRUE,29.3650235149231,24.7228924019186,34.8787913652478,"",0.174600940596926,TRUE
0.5,6,25,"FIRST",TRUE,27.8623099485207,21.6946072964169,35.7834693691669,"",0.11449239794083,TRUE
0.5,6,25,"LAST",TRUE,33.5276449438934,28.2276284985089,39.8227918984821,"",0.341105797755736,FALSE
1,6,6.25,"CHECK",TRUE,8.63299905368196,7.25827483767465,10.2680973547635,"",0.381279848589113,FALSE
1,6,6.25,"FIRST",TRUE,7.37445484660819,5.86024841795498,9.27991109012416,"",0.17991277545731,TRUE
1,6,6.25,"LAST",TRUE,8.27494953473661,6.44740157230023,10.6205250339336,"",0.323991925557857,FALSE
1,6,12.5,"CHECK",TRUE,12.8716432903308,10.7961365342182,15.3461565133415,"",0.0297314632264626,TRUE
1,6,12.5,"FIRST",TRUE,11.7782014628275,8.86780366622279,15.64378677297,"",-0.0577438829738018,TRUE
1,6,12.5,"LAST",TRUE,16.9742342949832,12.0864427836229,23.8386624633173,"",0.357938743598657,TRUE
1,6,25,"CHECK",TRUE,27.3871201157681,23.3693788445129,32.0956048179955,"",0.0954848046307259,TRUE
1,6,25,"FIRST",TRUE,27.7996559167626,21.8796241457713,35.3214874232544,"",0.111986236670504,TRUE
1,6,25,"LAST",TRUE,28.9730413663634,22.4758001844622,37.348486778118,"",0.158921654654537,TRUE
1.5,6,6.25,"CHECK",TRUE,9.49080890944706,7.5744051662213,11.8920828472893,"",0.51852942551153,FALSE
1.5,6,6.25,"FIRST",TRUE,6.51744507309509,5.04396767530102,8.42136449224498,"",0.0427912116952143,TRUE
1.5,6,6.25,"LAST",TRUE,10.2244796434206,7.23529940148305,14.4486051202379,"",0.635916742947296,FALSE
1.5,6,12.5,"CHECK",TRUE,13.2422250626049,11.2058044366418,15.6487225526874,"",0.0593780050083902,TRUE
1.5,6,12.5,"FIRST",TRUE,13.6955847821916,10.4115168722576,18.0155346072571,"",0.0956467825753293,TRUE
1.5,6,12.5,"LAST",TRUE,15.7596450719967,11.5600460211963,21.4848982728883,"",0.260771605759736,TRUE
1.5,6,25,"CHECK",TRUE,26.7006513540774,22.9039437954555,31.1267259952607,"",0.0680260541630965,TRUE
1.5,6,25,"FIRST",TRUE,25.8285681028583,20.3947198765552,32.7101786286789,"",0.0331427241143336,TRUE
1.5,6,25,"LAST",TRUE,25.4555359380063,19.7844953460374,32.7521272874375,"",0.018221437520254,TRUE
0,7,6.25,"CHECK",TRUE,5.54323207959081,4.75358608987989,6.46405078339099,"",-0.113082867265471,TRUE
0,7,6.25,"FIRST",TRUE,6.76444050489208,5.40278051685494,8.46927895765439,"",0.0823104807827332,TRUE
0,7,6.25,"LAST",TRUE,5.59592836625964,4.54906232160749,6.88370746902491,"",-0.104651461398457,TRUE
0,7,12.5,"CHECK",TRUE,13.6975545358612,11.7307090691381,15.9941738523294,"",0.0958043628688934,TRUE
0,7,12.5,"FIRST",TRUE,13.8572004028974,10.4021065431958,18.4599150382345,"",0.108576032231789,TRUE
0,7,12.5,"LAST",TRUE,11.4822650437308,8.98179930162364,14.6788417450666,"",-0.0814187965015324,TRUE
0,7,25,"CHECK",TRUE,25.9913576428322,22.3249826790299,30.25985201557,"",0.0396543057132864,TRUE
0,7,25,"FIRST",TRUE,25.9159629676328,19.8514114843521,33.8332182106614,"",0.036638518705312,TRUE
0,7,25,"LAST",TRUE,26.7492122056517,20.4608000398439,34.9703018567032,"",0.0699684882260694,TRUE
0.5,7,6.25,"CHECK",TRUE,8.31696718514175,6.75306473523862,10.2430445835613,"",0.330714749622681,FALSE
0.5,7,6.25,"FIRST",TRUE,6.03042577361477,4.63482073164651,7.84626571698238,"",-0.0351318762216374,TRUE
0.5,7,6.25,"LAST",TRUE,8.54299623327636,6.36279742802092,11.4702354534136,"",0.366879397324218,FALSE
0.5,7,12.5,"CHECK",TRUE,11.9407570073245,10.0555361689872,14.1794207202707,"",-0.0447394394140431,TRUE
0.5,7,12.5,"FIRST",TRUE,10.1419535210035,7.98530126101722,12.8810695877356,"",-0.18864371831972,TRUE
0.5,7,12.5,"LAST",TRUE,14.0203883790033,10.7203505045484,18.3362745662738,"",0.121631070320267,TRUE
0.5,7,25,"CHECK",TRUE,23.4285367630813,20.1923169755476,27.1834250385307,"",-0.0628585294767497,TRUE
0.5,7,25,"FIRST",TRUE,23.8312261407661,17.9846969836811,31.5783657566018,"",-0.0467509543693555,TRUE
0.5,7,25,"LAST",TRUE,25.698599760828,19.0528990899886,34.6623380803106,"",0.0279439904331197,TRUE
1,7,6.25,"CHECK",TRUE,9.39700383563652,7.40532434496861,11.9243502341614,"",0.503520613701843,FALSE
1,7,6.25,"FIRST",TRUE,6.8547201015329,5.45200797318359,8.61832702766977,"",0.0967552162452641,TRUE
1,7,6.25,"LAST",TRUE,11.0281055625415,7.18426321204211,16.9285434997291,"",0.764496890006636,FALSE
1,7,12.5,"CHECK",TRUE,14.4152808311118,11.9587677131404,17.3763991762702,"",0.153222466488945,TRUE
1,7,12.5,"FIRST",TRUE,12.7520076249181,9.45832598165729,17.1926510866012,"",0.0201606099934469,TRUE
1,7,12.5,"LAST",TRUE,17.2442904121284,12.299820604274,24.1764137368387,"",0.379543232970269,TRUE
1,7,25,"CHECK",TRUE,25.710009619306,22.0343211302381,29.9988636236086,"",0.0284003847722418,TRUE
1,7,25,"FIRST",TRUE,25.7736945659521,19.8647449404246,33.4403151699762,"",0.0309477826380846,TRUE
1,7,25,"LAST",TRUE,24.2195383181514,18.748575679781,31.2869652800876,"",-0.0312184672739451,TRUE
1.5,7,6.25,"CHECK",TRUE,6.29452764926975,5.30862034585231,7.46353586170046,"",0.00712442388316021,TRUE
1.5,7,6.25,"FIRST",TRUE,5.66869968555538,4.52767940570112,7.09726843392518,"",-0.0930080503111395,TRUE
1.5,7,6.25,"LAST",TRUE,7.30074425105971,5.66714082281511,9.40524830524763,"",0.168119080169554,TRUE
1.5,7,12.5,"CHECK",TRUE,13.7236602023299,11.4851169498993,16.3985138480165,"",0.0978928161863921,TRUE
1.5,7,12.5,"FIRST",TRUE,11.7494045897112,9.05790408977775,15.2406679121852,"",-0.0600476328231026,TRUE
1.5,7,12.5,"LAST",TRUE,19.8553901758144,13.7988297274449,28.5702865257999,"",0.588431214065151,FALSE
1.5,7,25,"CHECK",TRUE,25.7935042184748,21.9725722395078,30.2788791688315,"",0.0317401687389918,TRUE
1.5,7,25,"FIRST",TRUE,25.2430170221485,19.6016762462133,32.5079294432066,"",0.00972068088594071,TRUE
1.5,7,25,"LAST",TRUE,29.0403297993263,21.8929021024,38.5211951759098,"",0.161613191973051,TRUE
0,8,6.25,"CHECK",TRUE,6.83907460975571,5.59973968187161,8.35269926372224,"",0.0942519375609132,TRUE
0,8,6.25,"FIRST",TRUE,7.72037857256752,5.6799419252162,10.493812452403,"",0.235260571610803,TRUE
0,8,6.25,"LAST",TRUE,6.5342694578492,4.95364285290642,8.61924822108032,"",0.0454831132558718,TRUE
0,8,12.5,"CHECK",TRUE,11.8026705048116,10.1538351698461,13.7192527468675,"",-0.0557863596150686,TRUE
0,8,12.5,"FIRST",TRUE,12.1344809323888,8.88447444622496,16.5733638370778,"",-0.0292415254088985,TRUE
0,8,12.5,"LAST",TRUE,13.7777929813516,9.55877209349309,19.8589920944138,"",0.102223438508131,TRUE
0,8,25,"CHECK",TRUE,25.1772259191746,21.4460303379088,29.5575775561906,"",0.0070890367669827,TRUE
0,8,25,"FIRST",TRUE,24.7248172655689,19.0661802875585,32.0628767585232,"",-0.0110073093772442,TRUE
0,8,25,"LAST",TRUE,21.6818396772724,17.0353504533668,27.5956854000637,"",-0.132726412909104,TRUE
0.5,8,6.25,"CHECK",TRUE,6.33193068944701,5.13054226616133,7.81464106053622,"",0.0131089103115211,TRUE
0.5,8,6.25,"FIRST",TRUE,6.40452520585664,4.91906406270397,8.33856656258016,"",0.0247240329370631,TRUE
0.5,8,6.25,"LAST",TRUE,6.61526674112851,5.01675150501585,8.72312571442439,"",0.0584426785805616,TRUE
0.5,8,12.5,"CHECK",TRUE,13.0681797457434,10.8940718284571,15.676169990082,"",0.0454543796594695,TRUE
0.5,8,12.5,"FIRST",TRUE,11.5895955070103,8.96189020253202,14.9877671987283,"",-0.0728323594391738,TRUE
0.5,8,12.5,"LAST",TRUE,11.5723342438298,8.89096726296487,15.0623566469255,"",-0.0742132604936164,TRUE
0.5,8,25,"CHECK",TRUE,22.7325863225098,19.5956598516854,26.3716805058704,"",-0.0906965470996086,TRUE
0.5,8,25,"FIRST",TRUE,21.7317512124276,16.7181763933183,28.248835258587,"",-0.130729951502897,TRUE
0.5,8,25,"LAST",TRUE,24.6181908859184,18.6411449689218,32.5117005154952,"",-0.0152723645632624,TRUE
1,8,6.25,"CHECK",TRUE,10.7122952275348,7.76634303757013,14.7757147072616,"",0.713967236405562,FALSE
1,8,6.25,"FIRST",TRUE,8.2956115172903,5.36540651694383,12.8260869383292,"",0.327297842766447,TRUE
1,8,6.25,"LAST",TRUE,11.9540131556987,7.10135250891095,20.1227062517042,"",0.912642104911793,FALSE
1,8,12.5,"CHECK",TRUE,15.0375839565665,12.8022946783151,17.6631562491536,"",0.203006716525323,FALSE
1,8,12.5,"FIRST",TRUE,13.7870179050543,10.5452159555231,18.0254120461832,"",0.102961432404346,TRUE
1,8,12.5,"LAST",TRUE,18.0219435027551,13.0171001371975,24.9510600819899,"",0.441755480220404,FALSE
1,8,25,"CHECK",TRUE,25.3744697874036,21.6650367116383,29.7190226613361,"",0.0149787914961432,TRUE
1,8,25,"FIRST",TRUE,26.0866207976606,20.1039261705389,33.8496957692865,"",0.0434648319064246,TRUE
1,8,25,"LAST",TRUE,27.9878922455426,21.5114600133025,36.4141769951321,"",0.119515689821704,TRUE
1.5,8,6.25,"CHECK",TRUE,9.57498950851601,7.65171330521348,11.981685725957,"",0.531998321362562,FALSE
1.5,8,6.25,"FIRST",TRUE,7.26838372300548,5.54835179610372,9.52163883731201,"",0.162941395680877,TRUE
1.5,8,6.25,"LAST",TRUE,12.514292405526,7.82530205546374,20.0129673335307,"",1.00228678488416,FALSE
1.5,8,12.5,"CHECK",TRUE,14.7670451298119,12.2734243271099,17.7673008000084,"",0.181363610384954,TRUE
1.5,8,12.5,"FIRST",TRUE,13.1327734587503,9.73315660943357,17.7198154349737,"",0.0506218767000267,TRUE
1.5,8,12.5,"LAST",TRUE,18.2026820753402,12.2887948825668,26.9625815958534,"",0.456214566027217,TRUE
1.5,8,25,"CHECK",TRUE,26.2826613462976,22.394779790027,30.8455047971398,"",0.0513064538519056,TRUE
1.5,8,25,"FIRST",TRUE,25.0067923720054,18.9105671598625,33.0682659832574,"",0.000271694880215989,TRUE
1.5,8,25,"LAST",TRUE,29.9369378030105,23.2044276723618,38.6228118907146,"",0.19747751212042,TRUE
0,9,6.25,"CHECK",TRUE,6.08241830969995,5.21845591017526,7.08941746964587,"",-0.0268130704480075,TRUE
0,9,6.25,"FIRST",TRUE,6.3015143837449,5.08957245101119,7.80204701097328,"",0.00824230139918342,TRUE
0,9,6.25,"LAST",TRUE,5.9294077359033,4.77503356966422,7.36285422618761,"",-0.0512947622554714,TRUE
0,9,12.5,"CHECK",TRUE,13.0078574148139,11.239590245944,15.0543170010303,"",0.0406285931851116,TRUE
0,9,12.5,"FIRST",TRUE,13.6273217770465,10.1384533723999,18.3167877775827,"",0.0901857421637234,TRUE
0,9,12.5,"LAST",TRUE,13.8558870663225,10.4287092447787,18.4093354113602,"",0.108470965305801,TRUE
0,9,25,"CHECK",TRUE,26.1787120373115,22.3930343339813,30.6043814210788,"",0.0471484814924601,TRUE
0,9,25,"FIRST",TRUE,23.8326153087423,18.6087602565996,30.5229120383267,"",-0.0466953876503068,TRUE
0,9,25,"LAST",TRUE,27.9030473770848,22.8222252314172,34.114992952398,"",0.116121895083391,TRUE
0.5,9,6.25,"CHECK",TRUE,7.53625871388394,6.23990859761272,9.10192745841189,"",0.20580139422143,TRUE
0.5,9,6.25,"FIRST",TRUE,6.71546075383276,5.2175632325472,8.64338602644046,"",0.074473720613241,TRUE
0.5,9,6.25,"LAST",TRUE,8.61161849801296,6.45618090261854,11.4866628234102,"",0.377858959682074,FALSE
0.5,9,12.5,"CHECK",TRUE,12.8337895237325,10.8445447483435,15.1879269588171,"",0.0267031618985965,TRUE
0.5,9,12.5,"FIRST",TRUE,9.65074472332928,7.57505527767043,12.2952071372224,"",-0.227940422133657,FALSE
0.5,9,12.5,"LAST",TRUE,12.331249127965,9.23734136113746,16.4614145034924,"",-0.0135000697627981,TRUE
0.5,9,25,"CHECK",TRUE,23.0959146750498,19.8476183129888,26.8758329722662,"",-0.0761634129980096,TRUE
0.5,9,25,"FIRST",TRUE,23.1264071495391,18.2438120519388,29.3157321574915,"",-0.0749437140184371,TRUE
0.5,9,25,"LAST",TRUE,20.0740619428778,15.9452689541535,25.2719451797974,"",-0.19703752228489,TRUE
1,9,6.25,"CHECK",TRUE,7.90931540427966,6.62190615529921,9.44701853171292,"",0.265490464684745,FALSE
1,9,6.25,"FIRST",TRUE,6.51541098008137,5.20023341684057,8.16320669412488,"",0.0424657568130188,TRUE
1,9,6.25,"LAST",TRUE,9.13482004879861,6.86265706288744,12.1592754175631,"",0.461571207807777,FALSE
1,9,12.5,"CHECK",TRUE,14.232876119052,11.9086444016867,17.0107323543549,"",0.138630089524157,TRUE
1,9,12.5,"FIRST",TRUE,13.1203629983006,9.6425221196611,17.8525828689751,"",0.0496290398640478,TRUE
1,9,12.5,"LAST",TRUE,16.9205472471231,11.6596314171123,24.5552289690676,"",0.353643779769851,TRUE
1,9,25,"CHECK",TRUE,23.983493758351,20.9855577450296,27.4097062296616,"",-0.0406602496659615,TRUE
1,9,25,"FIRST",TRUE,24.3354264231314,19.1779750040062,30.8798493621946,"",-0.0265829430747426,TRUE
1,9,25,"LAST",TRUE,26.0503257046584,20.4398585587451,33.2007908649858,"",0.0420130281863369,TRUE
1.5,9,6.25,"CHECK",TRUE,9.07960344324496,7.38850231032851,11.15776854686,"",0.452736550919194,FALSE
1.5,9,6.25,"FIRST",TRUE,5.83931881058482,4.68510822062836,7.27787759982129,"",-0.0657089903064288,TRUE
1.5,9,6.25,"LAST",TRUE,10.2387488714322,7.28078516472174,14.3984441348725,"",0.638199819429157,FALSE
1.5,9,12.5,"CHECK",TRUE,15.0260874980876,12.5785191747452,17.9499114612399,"",0.202086999847009,FALSE
1.5,9,12.5,"FIRST",TRUE,12.0779321986916,9.36587138614912,15.5753202432314,"",-0.0337654241046749,TRUE
1.5,9,12.5,"LAST",TRUE,16.2962860487473,12.0752256690389,21.9928758485664,"",0.303702883899781,TRUE
1.5,9,25,"CHECK",TRUE,23.7799754850752,20.553980365632,27.5122980566975,"",-0.0488009805969935,TRUE
1.5,9,25,"FIRST",TRUE,26.9701045273714,21.8648167374464,33.2674427118153,"",0.078804181094855,TRUE
1.5,9,25,"LAST",TRUE,31.8859896858855,25.6734422738567,39.6018705790661,"",0.275439587435422,FALSE
0,10,6.25,"CHECK",TRUE,6.19139128492647,5.31543166249351,7.21170517787845,"",-0.00937739441176404,TRUE
0,10,6.25,"FIRST",TRUE,6.21301824154098,4.89437221164615,7.88693503486894,"",-0.00591708135344291,TRUE
0,10,6.25,"LAST",TRUE,6.05628264862403,4.72982524211224,7.75473884181915,"",-0.0309947762201553,TRUE
0,10,12.5,"CHECK",TRUE,11.6595172792814,10.0674750642697,13.5033205762127,"",-0.0672386176574896,TRUE
0,10,12.5,"FIRST",TRUE,12.2364490413716,9.66049339922941,15.4992792763594,"",-0.021084076690274,TRUE
0,10,12.5,"LAST",TRUE,16.1314202423085,12.619634332266,20.62046428466,"",0.290513619384679,FALSE
0,10,25,"CHECK",TRUE,25.1723719409412,21.4189190146931,29.5835802310289,"",0.00689487763764703,TRUE
0,10,25,"FIRST",TRUE,22.6307794081144,17.4524448574071,29.345583429898,"",-0.0947688236754236,TRUE
0,10,25,"LAST",TRUE,24.4073755543884,18.2589476283405,32.62619476099,"",-0.0237049778244646,TRUE
0.5,10,6.25,"CHECK",TRUE,5.2807876761584,4.42223774323954,6.30601973475939,"",-0.155073971814657,TRUE
0.5,10,6.25,"FIRST",TRUE,5.53234296001225,4.39118486759792,6.97005923231371,"",-0.11482512639804,TRUE
0.5,10,6.25,"LAST",TRUE,5.22717653087895,4.17629227160284,6.54249576131439,"",-0.163651755059368,TRUE
0.5,10,12.5,"CHECK",TRUE,12.4066614829006,10.7187179119046,14.3604160886008,"",-0.00746708136795363,TRUE
0.5,10,12.5,"FIRST",TRUE,13.6040796024956,10.7384684477945,17.2343926632338,"",0.0883263681996517,TRUE
0.5,10,12.5,"LAST",TRUE,13.4807869436482,10.022002853694,18.1332633080474,"",0.0784629554918556,TRUE
0.5,10,25,"CHECK",TRUE,23.6156878791311,20.2855269622615,27.4925425916747,"",-0.0553724848347554,TRUE
0.5,10,25,"FIRST",TRUE,22.8831609308993,17.6447200260584,29.6768128605106,"",-0.0846735627640261,TRUE
0.5,10,25,"LAST",TRUE,23.8225243127745,18.5430167939124,30.6051960659952,"",-0.0470990274890214,TRUE
1,10,6.25,"CHECK",TRUE,7.24026145075984,5.8895152236252,8.90079809371676,"",0.158441832121575,TRUE
1,10,6.25,"FIRST",TRUE,6.52598118948955,4.86703974333155,8.75037655978112,"",0.0441569903183283,TRUE
1,10,6.25,"LAST",TRUE,7.83803430099798,5.76787029941764,10.6512072072466,"",0.254085488159677,TRUE
1,10,12.5,"CHECK",TRUE,15.314845796856,12.0364336773088,19.4862122842619,"",0.225187663748483,TRUE
1,10,12.5,"FIRST",TRUE,13.1795576848804,9.41179406814463,18.4556461298916,"",0.0543646147904332,TRUE
1,10,12.5,"LAST",TRUE,19.0854446792865,12.595420273913,28.9195747886658,"",0.526835574342917,FALSE
1,10,25,"CHECK",TRUE,24.8765797076132,21.3281304498306,29.0153991417541,"",-0.0049368116954706,TRUE
1,10,25,"FIRST",TRUE,21.9406888685378,17.0870875922528,28.1729595770457,"",-0.122372445258489,TRUE
1,10,25,"LAST",TRUE,22.1246731368036,17.4013795927272,28.130020312584,"",-0.115013074527856,TRUE
1.5,10,6.25,"CHECK",TRUE,8.31068725806206,6.69251880218886,10.3201088772027,"",0.329709961289929,FALSE
1.5,10,6.25,"FIRST",TRUE,5.53465637031708,4.33582496925578,7.0649579617946,"",-0.114454980749267,TRUE
1.5,10,6.25,"LAST",TRUE,8.61093850362791,6.4635588505017,11.4717392737139,"",0.377750160580465,FALSE
1.5,10,12.5,"CHECK",TRUE,16.0338513022978,13.0695403669845,19.6704995252648,"",0.282708104183826,FALSE
1.5,10,12.5,"FIRST",TRUE,14.6873251895838,11.4390024069331,18.8580711455956,"",0.174986015166708,TRUE
1.5,10,12.5,"LAST",TRUE,18.0252079424641,12.9974178393701,24.9978976889471,"",0.442016635397127,FALSE
1.5,10,25,"CHECK",TRUE,24.4251727384936,20.8048170635074,28.6755255518057,"",-0.022993090460257,TRUE
1.5,10,25,"FIRST",TRUE,25.9677500457716,19.6901855472655,34.2467083827616,"",0.0387100018308622,TRUE
1.5,10,25,"LAST",TRUE,25.4784329049065,19.4856003759159,33.3143721910755,"",0.0191373161962608,TRUE
0,11,6.25,"CHECK",TRUE,6.2216212085367,5.44212740269806,7.11276447576788,"",-0.00454060663412733,TRUE
0,11,6.25,"FIRST",TRUE,6.32669026291181,5.22619162595195,7.65892499694406,"",0.0122704420658901,TRUE
0,11,6.25,"LAST",TRUE,6.47416060690074,5.26009056103428,7.96844751579786,"",0.0358656971041187,TRUE
0,11,12.5,"CHECK",TRUE,10.9373020428067,9.62595874264083,12.4272894964397,"",-0.125015836575468,FALSE
0,11,12.5,"FIRST",TRUE,11.1599904328796,8.78322598265681,14.1799137023104,"",-0.107200765369631,TRUE
0,11,12.5,"LAST",TRUE,11.0818900862024,8.79262314701983,13.9671956626841,"",-0.113448793103808,TRUE
0,11,25,"CHECK",TRUE,23.8620888927058,20.7369606463958,27.4581842552882,"",-0.0455164442917663,TRUE
0,11,25,"FIRST",TRUE,26.5918427666657,20.6386176497097,34.2622802422534,"",0.063673710666628,TRUE
0,11,25,"LAST",TRUE,27.1286906030404,21.1682506113285,34.7674386206308,"",0.0851476241216172,TRUE
0.5,11,6.25,"CHECK",TRUE,6.32545048864372,5.51815824747509,7.25084749111551,"",0.0120720781829958,TRUE
0.5,11,6.25,"FIRST",TRUE,6.70055488661999,5.33782630854111,8.41118335318745,"",0.072088781859198,TRUE
0.5,11,6.25,"LAST",TRUE,7.75231387530043,6.25199296030225,9.6126740389468,"",0.240370220048069,FALSE
0.5,11,12.5,"CHECK",TRUE,15.2496263928926,12.5970651630053,18.4607368552602,"",0.219970111431407,FALSE
0.5,11,12.5,"FIRST",TRUE,13.6198393098861,9.78408278941692,18.9593676606834,"",0.0895871447908915,TRUE
0.5,11,12.5,"LAST",TRUE,17.1113630782318,12.0240724229729,24.351046475374,"",0.368909046258547,TRUE
0.5,11,25,"CHECK",TRUE,26.6694555336403,22.7343499156888,31.2856915239957,"",0.0667782213456121,TRUE
0.5,11,25,"FIRST",TRUE,26.5369761285926,20.2411070760587,34.7911356529723,"",0.0614790451437054,TRUE
0.5,11,25,"LAST",TRUE,20.2967425700716,16.0744493694628,25.6281101446853,"",-0.188130297197134,TRUE
1,11,6.25,"CHECK",TRUE,8.92426274338583,7.2316803182495,11.0129958748318,"",0.427882038941732,FALSE
1,11,6.25,"FIRST",TRUE,6.5844807717523,4.9207796416684,8.81067436274712,"",0.0535169234803674,TRUE
1,11,6.25,"LAST",TRUE,10.0247942638151,7.24508043352881,13.870998528428,"",0.603967082210419,FALSE
1,11,12.5,"CHECK",TRUE,14.9456958841659,12.5901529223415,17.7419469675856,"",0.195655670733275,FALSE
1,11,12.5,"FIRST",TRUE,11.5323109896966,8.57717173847811,15.5056003095344,"",-0.0774151208242752,TRUE
1,11,12.5,"LAST",TRUE,15.5622351711877,11.2138657845185,21.5967595989692,"",0.244978813695017,TRUE
1,11,25,"CHECK",TRUE,25.1883170833366,21.7768359974858,29.1342285703926,"",0.00753268333346298,TRUE
1,11,25,"FIRST",TRUE,27.5876213843155,21.7269406335145,35.0291772082425,"",0.103504855372621,TRUE
1,11,25,"LAST",TRUE,26.8103256180281,20.9412225127037,34.324336093972,"",0.0724130247211242,TRUE
1.5,11,6.25,"CHECK",TRUE,10.2953806232003,8.19678988671233,12.931265000265,"",0.647260899712054,FALSE
1.5,11,6.25,"FIRST",TRUE,7.42438854359998,5.82206583543496,9.46769528280686,"",0.187902166975997,TRUE
1.5,11,6.25,"LAST",TRUE,13.4872993352727,8.29858071854292,21.9202836640224,"",1.15796789364363,FALSE
1.5,11,12.5,"CHECK",TRUE,12.9543183034236,10.677450131459,15.716707700838,"",0.0363454642738876,TRUE
1.5,11,12.5,"FIRST",TRUE,12.0501049324124,8.96259605516274,16.2012242868523,"",-0.0359916054070092,TRUE
1.5,11,12.5,"LAST",TRUE,13.977393839993,10.1178348107799,19.3092239804235,"",0.118191507199442,TRUE
1.5,11,25,"CHECK",TRUE,25.8661071205432,22.0988441668415,30.2755878325668,"",0.0346442848217292,TRUE
1.5,11,25,"FIRST",TRUE,25.0391874524315,19.165753314823,32.7125627664793,"",0.0015674980972608,TRUE
1.5,11,25,"LAST",TRUE,24.9059339000823,19.2643061816467,32.1997344511811,"",-0.00376264399670774,TRUE
0,12,6.25,"CHECK",TRUE,7.12100640789073,5.68339067436165,8.9222675629133,"",0.139361025262517,TRUE
0,12,6.25,"FIRST",TRUE,6.73329458173098,4.99921532122244,9.06887441553159,"",0.0773271330769563,TRUE
0,12,6.25,"LAST",TRUE,7.75828780630128,5.68820395012449,10.5817284705633,"",0.241326049008204,TRUE
0,12,12.5,"CHECK",TRUE,12.1635355400515,10.5742930286132,13.9916301197396,"",-0.0269171567958782,TRUE
0,12,12.5,"FIRST",TRUE,13.9140428262169,9.96387895833657,19.4302428380883,"",0.113123426097352,TRUE
0,12,12.5,"LAST",TRUE,12.5747230516141,9.38119074006173,16.8553933297122,"",0.00597784412912588,TRUE
0,12,25,"CHECK",TRUE,24.4326657090656,21.4519720784709,27.8275186760127,"",-0.0226933716373745,TRUE
0,12,25,"FIRST",TRUE,23.8808187984852,19.3179569076647,29.5214193308304,"",-0.0447672480605937,TRUE
0,12,25,"LAST",TRUE,26.350020898071,21.1154220680426,32.8822980232827,"",0.0540008359228385,TRUE
0.5,12,6.25,"CHECK",TRUE,6.91583685047524,5.6779285827038,8.42363524755984,"",0.106533896076038,TRUE
0.5,12,6.25,"FIRST",TRUE,6.48741195926661,4.88239252920608,8.6200594641822,"",0.037985913482657,TRUE
0.5,12,6.25,"LAST",TRUE,7.48270135390787,5.47127739147081,10.2335918188062,"",0.19723221662526,TRUE
0.5,12,12.5,"CHECK",TRUE,12.4134554800995,10.7433133122516,14.343235878701,"",-0.0069235615920374,TRUE
0.5,12,12.5,"FIRST",TRUE,11.0248225288561,8.81662896396076,13.7860754138132,"",-0.118014197691512,TRUE
0.5,12,12.5,"LAST",TRUE,13.3686230406018,10.3120622701971,17.3311678419774,"",0.0694898432481419,TRUE
0.5,12,25,"CHECK",TRUE,25.028501855959,21.6332268729804,28.9566558346476,"",0.00114007423836142,TRUE
0.5,12,25,"FIRST",TRUE,29.5099630558221,23.9472354317518,36.3648623256667,"",0.180398522232882,TRUE
0.5,12,25,"LAST",TRUE,22.8623047571543,18.1729947480497,28.7616315337952,"",-0.0855078097138286,TRUE
1,12,6.25,"CHECK",TRUE,7.75052552938633,6.44782988246158,9.31641297563766,"",0.240084084701813,FALSE
1,12,6.25,"FIRST",TRUE,5.4156869010302,4.32414602516705,6.78276460584078,"",-0.133490095835168,TRUE
1,12,6.25,"LAST",TRUE,10.3094794373469,6.89546206461903,15.413813501264,"",0.649516709975502,FALSE
1,12,12.5,"CHECK",TRUE,12.574512711988,10.8072208156168,14.630807738791,"",0.00596101695904338,TRUE
1,12,12.5,"FIRST",TRUE,12.2095855057405,9.62897682597771,15.4818088064983,"",-0.023233159540757,TRUE
1,12,12.5,"LAST",TRUE,12.1498243546098,9.59476159226716,15.3852944055266,"",-0.0280140516312163,TRUE
1,12,25,"CHECK",TRUE,27.9089978580096,23.1442434572719,33.654682335,"",0.116359914320386,TRUE
1,12,25,"FIRST",TRUE,27.692647496018,19.9254583664601,38.4875826309513,"",0.107705899840721,TRUE
1,12,25,"LAST",TRUE,27.351515199307,20.2554473328079,36.9335404647525,"",0.0940606079722805,TRUE
1.5,12,6.25,"CHECK",TRUE,10.7631154792651,8.77166665206638,13.2066868720674,"",0.722098476682417,FALSE
1.5,12,6.25,"FIRST",TRUE,7.08653874968798,5.45388571074456,9.20793616043219,"",0.133846199950077,TRUE
1.5,12,6.25,"LAST",TRUE,12.9432544482043,9.23518701051149,18.140167115217,"",1.07092071171268,FALSE
1.5,12,12.5,"CHECK",TRUE,14.7848764388487,12.3881216948405,17.6453361289681,"",0.182790115107895,TRUE
1.5,12,12.5,"FIRST",TRUE,13.8339023601523,10.4539300318557,18.3066898216322,"",0.106712188812183,TRUE
1.5,12,12.5,"LAST",TRUE,16.1386648556509,11.7188983921896,22.2253401818561,"",0.29109318845207,TRUE
1.5,12,25,"CHECK",TRUE,27.2970304097869,23.530038441103,31.6670910274086,"",0.0918812163914768,TRUE
1.5,12,25,"FIRST",TRUE,29.2778883660165,23.5475529780412,36.4027102082446,"",0.171115534640659,TRUE
1.5,12,25,"LAST",TRUE,26.7048307518094,20.4620042363982,34.8523036767934,"",0.0681932300723758,TRUE
0,13,6.25,"CHECK",TRUE,6.12439416947639,5.12707233868721,7.31571576630423,"",-0.0200969328837783,TRUE
0,13,6.25,"FIRST",TRUE,7.21552499137646,5.3105935567748,9.80376305295662,"",0.154483998620234,TRUE
0,13,6.25,"LAST",TRUE,6.50046326410133,4.87824119777461,8.66214295988635,"",0.0400741222562128,TRUE
0,13,12.5,"CHECK",TRUE,13.0172177521255,10.8874116384338,15.5636586209416,"",0.041377420170036,TRUE
0,13,12.5,"FIRST",TRUE,14.2708760647982,10.5989194678936,19.2149684950202,"",0.141670085183859,TRUE
0,13,12.5,"LAST",TRUE,11.8209592694349,9.04379199982458,15.4509389482142,"",-0.0543232584452107,TRUE
0,13,25,"CHECK",TRUE,23.186888091931,19.967418893839,26.9254520199212,"",-0.0725244763227617,TRUE
0,13,25,"FIRST",TRUE,24.8034311795677,19.2508986810232,31.9574794129482,"",-0.00786275281729303,TRUE
0,13,25,"LAST",TRUE,24.4401166152488,18.8037681728575,31.7659362036363,"",-0.0223953353900495,TRUE
0.5,13,6.25,"CHECK",TRUE,7.35546732183658,6.42266160868034,8.4237505911077,"",0.176874771493852,FALSE
0.5,13,6.25,"FIRST",TRUE,6.74846808500579,5.53499059578848,8.22798534273826,"",0.0797548936009271,TRUE
0.5,13,6.25,"LAST",TRUE,9.67721982987594,7.30896321081465,12.812841019254,"",0.548355172780151,FALSE
0.5,13,12.5,"CHECK",TRUE,12.1575337530018,10.4220609457392,14.1819960298547,"",-0.0273972997598591,TRUE
0.5,13,12.5,"FIRST",TRUE,13.5694397217059,10.1702944424044,18.1046571860588,"",0.0855551777364747,TRUE
0.5,13,12.5,"LAST",TRUE,13.9687114226525,10.4101605928439,18.7436972820068,"",0.117496913812202,TRUE
0.5,13,25,"CHECK",TRUE,23.7930606600746,20.7414168736789,27.2936867824295,"",-0.0482775735970158,TRUE
0.5,13,25,"FIRST",TRUE,20.6242197964595,16.4852850906052,25.8023103558627,"",-0.175031208141621,TRUE
0.5,13,25,"LAST",TRUE,22.5903953588335,18.0466084331682,28.2782199413419,"",-0.0963841856466601,TRUE
1,13,6.25,"CHECK",TRUE,8.31979598250266,6.32411233349185,10.9452523200593,"",0.331167357200426,FALSE
1,13,6.25,"FIRST",TRUE,7.31663496159989,5.08320365817619,10.5313795710702,"",0.170661593855983,TRUE
1,13,6.25,"LAST",TRUE,6.98440732414896,5.01293209131432,9.73122012846491,"",0.117505171863834,TRUE
1,13,12.5,"CHECK",TRUE,14.575532477244,12.2227105956664,17.3812629639222,"",0.166042598179521,TRUE
1,13,12.5,"FIRST",TRUE,12.8981432528262,9.66301108227552,17.2163829632336,"",0.0318514602260952,TRUE
1,13,12.5,"LAST",TRUE,14.0859291225871,10.4177144901479,19.0457704935366,"",0.126874329806971,TRUE
1,13,25,"CHECK",TRUE,25.5605621498475,21.9272901237998,29.7958541036077,"",0.022422485993901,TRUE
1,13,25,"FIRST",TRUE,30.6386452033604,23.6632089556484,39.670299225132,"",0.225545808134415,TRUE
1,13,25,"LAST",TRUE,31.6549880303434,23.754343995421,42.1833693826417,"",0.266199521213735,TRUE
1.5,13,6.25,"CHECK",TRUE,7.16394081540548,5.77005929331259,8.89454430149687,"",0.146230530464877,TRUE
1.5,13,6.25,"FIRST",TRUE,7.24441676975186,5.43540223150184,9.65550884710899,"",0.159106683160297,TRUE
1.5,13,6.25,"LAST",TRUE,7.97738945918393,5.96554726549871,10.6677124078035,"",0.276382313469428,TRUE
1.5,13,12.5,"CHECK",TRUE,14.7719828454415,12.5619464148625,17.3708333071572,"",0.181758627635322,FALSE
1.5,13,12.5,"FIRST",TRUE,12.6884765737441,9.8398408634243,16.3617928376156,"",0.0150781258995271,TRUE
1.5,13,12.5,"LAST",TRUE,16.0994298446011,12.1324251170709,21.3635475859263,"",0.287954387568088,TRUE
1.5,13,25,"CHECK",TRUE,26.7156458496821,22.5457364343193,31.6567939683353,"",0.0686258339872858,TRUE
1.5,13,25,"FIRST",TRUE,25.5003139676554,19.6116210620566,33.1571781032981,"",0.0200125587062172,TRUE
1.5,13,25,"LAST",TRUE,28.4350783112953,20.93895535691,38.6148050266829,"",0.137403132451812,TRUE
0,14,6.25,"CHECK",TRUE,5.42007643508029,4.6167317697137,6.36320887317532,"",-0.132787770387154,TRUE
0,14,6.25,"FIRST",TRUE,5.01607483658254,3.99252860991695,6.30202290941628,"",-0.197428026146794,TRUE
0,14,6.25,"LAST",TRUE,5.66426878844239,4.48962664022443,7.14623809032788,"",-0.0937169938492175,TRUE
0,14,12.5,"CHECK",TRUE,12.2731174629348,10.6992368579407,14.0785192681478,"",-0.0181506029652142,TRUE
0,14,12.5,"FIRST",TRUE,12.0887384408474,8.8182344119121,16.5722059842062,"",-0.0329009247322043,TRUE
0,14,12.5,"LAST",TRUE,13.9330126579362,10.5925283496859,18.3269598454242,"",0.114641012634898,TRUE
0,14,25,"CHECK",TRUE,20.6523451192716,18.2363091138492,23.3884694683965,"",-0.173906195229135,FALSE
0,14,25,"FIRST",TRUE,21.7917464799447,17.3951887449641,27.2995149180924,"",-0.128330140802214,TRUE
0,14,25,"LAST",TRUE,21.1823732788997,17.0677454737502,26.2889400604622,"",-0.152705068844011,TRUE
0.5,14,6.25,"CHECK",TRUE,6.42150985503788,5.54494657581224,7.43664312262707,"",0.0274415768060608,TRUE
0.5,14,6.25,"FIRST",TRUE,5.96678689822458,4.86708961164723,7.3149559037552,"",-0.0453140962840668,TRUE
0.5,14,6.25,"LAST",TRUE,7.08811784104619,5.65995726002158,8.87664203463715,"",0.13409885456739,TRUE
0.5,14,12.5,"CHECK",TRUE,13.7296534383975,11.6850449126725,16.1320204541162,"",0.0983722750717999,TRUE
0.5,14,12.5,"FIRST",TRUE,15.4469971377409,11.482164984789,20.7808998468038,"",0.235759771019276,TRUE
0.5,14,12.5,"LAST",TRUE,16.226743506928,11.8940619762902,22.1377024404708,"",0.298139480554242,TRUE
0.5,14,25,"CHECK",TRUE,26.5713020532274,22.6127980922811,31.2227655296162,"",0.0628520821290968,TRUE
0.5,14,25,"FIRST",TRUE,25.1096833077886,19.4747454607676,32.3750673449154,"",0.00438733231154345,TRUE
0.5,14,25,"LAST",TRUE,29.006852383367,21.5857309771776,38.97933714082,"",0.160274095334682,TRUE
1,14,6.25,"CHECK",TRUE,7.86534281674419,6.61881464517413,9.34663092129572,"",0.258454850679071,FALSE
1,14,6.25,"FIRST",TRUE,5.45070733380207,4.27583379582918,6.94840161180826,"",-0.127886826591668,TRUE
1,14,6.25,"LAST",TRUE,9.5967995595551,6.8410464350283,13.4626423984938,"",0.535487929528816,FALSE
1,14,12.5,"CHECK",TRUE,14.2161392651911,11.7012081191168,17.2716025174469,"",0.137291141215287,TRUE
1,14,12.5,"FIRST",TRUE,13.7889082714869,9.95628343794814,19.0968841440159,"",0.103112661718953,TRUE
1,14,12.5,"LAST",TRUE,13.1461353384057,9.62634066138769,17.9529148629534,"",0.0516908270724585,TRUE
1,14,25,"CHECK",TRUE,21.2198030820898,18.4667305131529,24.3833115191645,"",-0.15120787671641,FALSE
1,14,25,"FIRST",TRUE,18.7615025830234,15.1364831401842,23.2546738838115,"",-0.249539896679063,FALSE
1,14,25,"LAST",TRUE,20.3619844399563,16.2840667321813,25.4611097554428,"",-0.185520622401748,TRUE
1.5,14,6.25,"CHECK",TRUE,9.03753725129163,7.09156053422262,11.5175043876908,"",0.44600596020666,FALSE
1.5,14,6.25,"FIRST",TRUE,7.00255785247523,5.20510345319177,9.42071889987003,"",0.120409256396037,TRUE
1.5,14,6.25,"LAST",TRUE,10.3739558999162,7.01661298393302,15.3377364919281,"",0.659832943986592,FALSE
1.5,14,12.5,"CHECK",TRUE,17.0200882171764,14.2911992652775,20.2700555456037,"",0.361607057374108,FALSE
1.5,14,12.5,"FIRST",TRUE,13.7729758694689,10.28130368288,18.4504679709873,"",0.101838069557509,TRUE
1.5,14,12.5,"LAST",TRUE,22.7692173664269,15.4254423711889,33.6092312300824,"",0.821537389314153,FALSE
1.5,14,25,"CHECK",TRUE,28.062447569428,23.3070834676374,33.7880526613451,"",0.122497902777122,TRUE
1.5,14,25,"FIRST",TRUE,26.4165653602468,20.0421463595473,34.8183728884791,"",0.0566626144098713,TRUE
1.5,14,25,"LAST",TRUE,25.3359240866788,18.5175895562965,34.6648275886257,"",0.0134369634671528,TRUE
0,15,6.25,"CHECK",TRUE,7.09780657814659,5.83368935398527,8.63584863091224,"",0.135649052503455,TRUE
0,15,6.25,"FIRST",TRUE,8.54859398291559,6.28410682900833,11.629092418894,"",0.367775037266494,FALSE
0,15,6.25,"LAST",TRUE,6.87138874282405,5.02760112495715,9.39135426249861,"",0.0994221988518484,TRUE
0,15,12.5,"CHECK",TRUE,12.5934255674623,11.0764252097774,14.318190618325,"",0.00747404539698223,TRUE
0,15,12.5,"FIRST",TRUE,12.7282360120016,9.97988092202882,16.2334594213054,"",0.018258880960129,TRUE
0,15,12.5,"LAST",TRUE,15.0178992352371,11.3671768652935,19.8411003991987,"",0.201431938818972,TRUE
0,15,25,"CHECK",TRUE,29.968501571714,24.6380281242317,36.4522307517996,"",0.198740062868558,TRUE
0,15,25,"FIRST",TRUE,33.9361359185327,28.580523361955,40.2953195256796,"",0.357445436741309,FALSE
0,15,25,"LAST",TRUE,35.0581819237035,30.3416995936091,40.5078204667999,"",0.402327276948142,FALSE
0.5,15,6.25,"CHECK",TRUE,7.59310296830388,6.37666810734035,9.04158907390785,"",0.214896474928621,FALSE
0.5,15,6.25,"FIRST",TRUE,7.23991538404626,5.54583489112285,9.45148490663722,"",0.158386461447401,TRUE
0.5,15,6.25,"LAST",TRUE,7.86592726859918,5.98458824208952,10.3386915343217,"",0.25854836297587,TRUE
0.5,15,12.5,"CHECK",TRUE,11.0048567815028,9.47854324139978,12.7769499697407,"",-0.119611457479774,TRUE
0.5,15,12.5,"FIRST",TRUE,10.9385116766869,8.5031536484556,14.0713719459542,"",-0.124919065865046,TRUE
0.5,15,12.5,"LAST",TRUE,10.9326534255584,8.54682787200093,13.9844761955399,"",-0.125387725955328,TRUE
0.5,15,25,"CHECK",TRUE,25.7465376927992,22.0646404796237,30.0428281974,"",0.0298615077119696,TRUE
0.5,15,25,"FIRST",TRUE,26.4020884535093,20.5511062347648,33.9188687335843,"",0.0560835381403734,TRUE
0.5,15,25,"LAST",TRUE,27.1844330272919,20.5101409456708,36.0306348441406,"",0.0873773210916771,TRUE
1,15,6.25,"CHECK",TRUE,6.76046126063487,5.81943038228844,7.85366151911455,"",0.0816738017015795,TRUE
1,15,6.25,"FIRST",TRUE,6.25564677288599,5.02974988191223,7.78033052654323,"",0.000903483661758457,TRUE
1,15,6.25,"LAST",TRUE,7.20244544247258,5.70379929285589,9.09485374367374,"",0.152391270795613,TRUE
1,15,12.5,"CHECK",TRUE,14.953739871786,12.6777692819971,17.6383030152303,"",0.196299189742882,FALSE
1,15,12.5,"FIRST",TRUE,15.5881112391587,11.8312300985069,20.5379499833286,"",0.2470488991327,TRUE
1,15,12.5,"LAST",TRUE,12.9882541191407,10.0285136687897,16.8215102092725,"",0.0390603295312566,TRUE
1,15,25,"CHECK",TRUE,25.4651053478958,21.9471913239467,29.5469056066358,"",0.0186042139158313,TRUE
1,15,25,"FIRST",TRUE,26.2675710351642,20.3594869073723,33.8901118297609,"",0.0507028414065688,TRUE
1,15,25,"LAST",TRUE,24.4190353001492,19.0860212372611,31.242199596101,"",-0.0232385879940304,TRUE
1.5,15,6.25,"CHECK",TRUE,11.4993855713124,8.03302621691529,16.4615258243844,"",0.839901691409984,FALSE
1.5,15,6.25,"FIRST",TRUE,8.38790557961615,5.94848422108973,11.8277123041047,"",0.342064892738585,TRUE
1.5,15,6.25,"LAST",TRUE,10.0861918602868,6.69534363817057,15.1943308275529,"",0.613790697645886,FALSE
1.5,15,12.5,"CHECK",TRUE,13.444846521605,11.223713359878,16.1055340771354,"",0.0755877217284029,TRUE
1.5,15,12.5,"FIRST",TRUE,12.1165538107224,9.26895622950482,15.8389868948572,"",-0.0306756951422078,TRUE
1.5,15,12.5,"LAST",TRUE,14.7963879019256,10.9779579264102,19.9429708523067,"",0.183711032154044,TRUE
1.5,15,25,"CHECK",TRUE,22.0699345899962,19.279142948416,25.2647129651958,"",-0.117202616400153,TRUE
1.5,15,25,"FIRST",TRUE,22.8652901619681,18.3477563689505,28.4951186225556,"",-0.0853883935212757,TRUE
1.5,15,25,"LAST",TRUE,23.6931543087258,18.8517401320779,29.777917431711,"",-0.0522738276509698,TRUE
0,16,6.25,"CHECK",TRUE,6.36927345307225,5.47346402550754,7.41169470210398,"",0.0190837524915604,TRUE
0,16,6.25,"FIRST",TRUE,7.39290064780425,5.81686743920588,9.39594731348494,"",0.18286410364868,TRUE
0,16,6.25,"LAST",TRUE,7.13254708723152,5.5777132067845,9.12080382506843,"",0.141207533957043,TRUE
0,16,12.5,"CHECK",TRUE,11.4898193843636,10.0836819759382,13.0920381860828,"",-0.0808144492509096,TRUE
0,16,12.5,"FIRST",TRUE,9.91226143855461,8.01900382872837,12.2525102774315,"",-0.207019084915631,FALSE
0,16,12.5,"LAST",TRUE,14.1818798473843,10.5956039884909,18.981996328299,"",0.134550387790741,TRUE
0,16,25,"CHECK",TRUE,23.4727781537656,20.3202641907498,27.1143775043391,"",-0.0610888738493772,TRUE
0,16,25,"FIRST",TRUE,20.8706768023299,16.7526399599789,26.0009855896084,"",-0.165172927906806,TRUE
0,16,25,"LAST",TRUE,22.6274440864621,17.6265012847484,29.0472407209355,"",-0.0949022365415175,TRUE
0.5,16,6.25,"CHECK",TRUE,6.29737739940781,5.32666431332409,7.44498991824481,"",0.00758038390524945,TRUE
0.5,16,6.25,"FIRST",TRUE,6.75331703924009,5.35878075946931,8.51075889826235,"",0.0805307262784142,TRUE
0.5,16,6.25,"LAST",TRUE,7.43242721529787,5.75792687860262,9.59389993575374,"",0.189188354447659,TRUE
0.5,16,12.5,"CHECK",TRUE,11.4257147293636,9.65535342501279,13.5206813598979,"",-0.0859428216509107,TRUE
0.5,16,12.5,"FIRST",TRUE,11.8952067998121,8.83349888270483,16.0181086440541,"",-0.0483834560150309,TRUE
0.5,16,12.5,"LAST",TRUE,14.0657759445017,10.4055102545914,19.0135849257005,"",0.125262075560134,TRUE
0.5,16,25,"CHECK",TRUE,22.92856881272,20.0231702831168,26.2555459683082,"",-0.0828572474912004,TRUE
0.5,16,25,"FIRST",TRUE,24.7934469187727,19.5862098253238,31.3850926542822,"",-0.00826212324909136,TRUE
0.5,16,25,"LAST",TRUE,20.9527785612733,16.8267207451955,26.0905815271883,"",-0.161888857549069,TRUE
1,16,6.25,"CHECK",TRUE,9.20730255569054,7.61259636790794,11.1360718807324,"",0.473168408910486,FALSE
1,16,6.25,"FIRST",TRUE,6.27426586990847,4.86569350087977,8.09060665230564,"",0.00388253918535455,TRUE
1,16,6.25,"LAST",TRUE,12.267071146694,8.07465459994086,18.6362193770066,"",0.962731383471047,FALSE
1,16,12.5,"CHECK",TRUE,15.0742582666183,12.395211927602,18.3323418442487,"",0.205940661329461,TRUE
1,16,12.5,"FIRST",TRUE,17.1161919412854,11.3034576675388,25.9180894189798,"",0.369295355302834,TRUE
1,16,12.5,"LAST",TRUE,20.7779997841821,12.8697422243793,33.5457593092774,"",0.662239982734566,FALSE
1,16,25,"CHECK",TRUE,23.9129487916119,20.5953134925816,27.7650116914329,"",-0.0434820483355225,TRUE
1,16,25,"FIRST",TRUE,26.3024847724244,19.9236675139497,34.7235620509745,"",0.0520993908969744,TRUE
1,16,25,"LAST",TRUE,25.8109573545638,19.8584181640081,33.5477636766939,"",0.0324382941825509,TRUE
1.5,16,6.25,"CHECK",TRUE,6.43430160534751,5.28739597339279,7.82998613247649,"",0.0294882568556021,TRUE
1.5,16,6.25,"FIRST",TRUE,6.05289544567711,4.71989120886342,7.76237028673406,"",-0.0315367286916617,TRUE
1.5,16,6.25,"LAST",TRUE,7.32131590432172,5.60281187400373,9.56692242685829,"",0.171410544691476,TRUE
1.5,16,12.5,"CHECK",TRUE,16.239416870808,13.4930076562096,19.5448388545541,"",0.299153349664636,FALSE
1.5,16,12.5,"FIRST",TRUE,12.8226581302733,9.87579972926334,16.648835135717,"",0.0258126504218636,TRUE
1.5,16,12.5,"LAST",TRUE,20.2284620681844,13.9581222347866,29.3155963790162,"",0.618276965454756,FALSE
1.5,16,25,"CHECK",TRUE,24.1781122402029,20.6909049181221,28.2530471148144,"",-0.0328755103918829,TRUE
1.5,16,25,"FIRST",TRUE,23.1404510358424,17.6948369746689,30.2619614359144,"",-0.074381958566302,TRUE
1.5,16,25,"LAST",TRUE,25.5694595611408,19.4512539163926,33.6120882005363,"",0.0227783824456313,TRUE
0,17,6.25,"CHECK",TRUE,7.30020420164929,6.26303591252827,8.50912913961955,"",0.168032672263887,FALSE
0,17,6.25,"FIRST",TRUE,7.0244721060724,5.48702358912234,8.99270935645489,"",0.123915536971583,TRUE
0,17,6.25,"LAST",TRUE,6.80453964072259,5.22178142647499,8.86704286154342,"",0.0887263425156136,TRUE
0,17,12.5,"CHECK",TRUE,13.7997151708063,11.8847743092932,16.0232019422089,"",0.1039772136645,TRUE
0,17,12.5,"FIRST",TRUE,12.6516062304622,9.80024449109238,16.3325660248737,"",0.0121284984369784,TRUE
0,17,12.5,"LAST",TRUE,13.7413482151669,10.6784858971747,17.6827176238936,"",0.0993078572133514,TRUE
0,17,25,"CHECK",TRUE,26.2111367787518,22.4484271614397,30.6045357340025,"",0.0484454711500723,TRUE
0,17,25,"FIRST",TRUE,25.8529369494218,20.1522509003226,33.1662379660071,"",0.0341174779768733,TRUE
0,17,25,"LAST",TRUE,26.8513709356973,20.5865385977279,35.022697851983,"",0.074054837427892,TRUE
0.5,17,6.25,"CHECK",TRUE,7.07782917277331,5.90889369400934,8.4780110107159,"",0.13245266764373,TRUE
0.5,17,6.25,"FIRST",TRUE,6.90753653567336,5.29295844320478,9.01462981499857,"",0.105205845707737,TRUE
0.5,17,6.25,"LAST",TRUE,7.97562001456651,5.97624956170039,10.6438852594795,"",0.276099202330641,TRUE
0.5,17,12.5,"CHECK",TRUE,12.3153651967481,10.5148382270117,14.4242085950168,"",-0.014770784260155,TRUE
0.5,17,12.5,"FIRST",TRUE,10.5621653457924,8.35238154120127,13.3565901224158,"",-0.155026772336611,TRUE
0.5,17,12.5,"LAST",TRUE,11.6156144040258,9.03030480745847,14.9410790510164,"",-0.0707508476779388,TRUE
0.5,17,25,"CHECK",TRUE,23.4588531267054,20.3716856198674,27.0138564029106,"",-0.0616458749317837,TRUE
0.5,17,25,"FIRST",TRUE,24.0688285723924,18.7664066726013,30.8694423473725,"",-0.0372468571043036,TRUE
0.5,17,25,"LAST",TRUE,21.3328332482585,16.9034561729468,26.9228830921781,"",-0.146686670069659,TRUE
1,17,6.25,"CHECK",TRUE,6.59240366004424,5.39974352357799,8.04849078983058,"",0.0547845856070791,TRUE
1,17,6.25,"FIRST",TRUE,6.41573707749555,4.95642352726582,8.30471448235128,"",0.0265179323992872,TRUE
1,17,6.25,"LAST",TRUE,6.95601061319847,5.31216076823058,9.10855031728391,"",0.112961698111755,TRUE
1,17,12.5,"CHECK",TRUE,14.7363002987176,12.64125604623,17.1785577081756,"",0.17890402389741,FALSE
1,17,12.5,"FIRST",TRUE,17.4069487312044,13.9986941451531,21.6450092407862,"",0.392555898496354,FALSE
1,17,12.5,"LAST",TRUE,18.8206129320773,13.537861782147,26.1648018600837,"",0.505649034566188,FALSE
1,17,25,"CHECK",TRUE,30.1267887186603,24.9052681094238,36.4430286199314,"",0.20507154874641,TRUE
1,17,25,"FIRST",TRUE,29.41515419158,21.7437372752691,39.7931268742169,"",0.176606167663198,TRUE
1,17,25,"LAST",TRUE,29.365727413098,24.4627330160183,35.2514147105193,"",0.174629096523919,TRUE
1.5,17,6.25,"CHECK",TRUE,9.78057976696061,7.78194051083049,12.29253043566,"",0.564892762713698,FALSE
1.5,17,6.25,"FIRST",TRUE,6.05528932990006,4.90558659797101,7.47444329776323,"",-0.0311537072159902,TRUE
1.5,17,6.25,"LAST",TRUE,13.6864259072244,7.1664074077378,26.138376379731,"",1.1898281451559,FALSE
1.5,17,12.5,"CHECK",TRUE,14.3521006175881,11.918284496852,17.2829229065458,"",0.148168049407048,TRUE
1.5,17,12.5,"FIRST",TRUE,12.2812410721064,9.48035977795519,15.9096158588746,"",-0.0175007142314897,TRUE
1.5,17,12.5,"LAST",TRUE,13.2554424668065,10.145828395367,17.318128017132,"",0.0604353973445237,TRUE
1.5,17,25,"CHECK",TRUE,26.2504103345246,22.0127364004804,31.3038792721779,"",0.050016413380983,TRUE
1.5,17,25,"FIRST",TRUE,27.2226938225834,21.9716428686421,33.7287049215504,"",0.0889077529033344,TRUE
1.5,17,25,"LAST",TRUE,32.1837887784995,25.0894778632693,41.2840899194425,"",0.287351551139981,FALSE
0,18,6.25,"CHECK",TRUE,6.59283330575937,5.54893523437361,7.83311557292605,"",0.0548533289214984,TRUE
0,18,6.25,"FIRST",TRUE,5.98096937502374,4.68558674997713,7.63447494919317,"",-0.0430448999962022,TRUE
0,18,6.25,"LAST",TRUE,7.14116607364484,5.41726784237769,9.41364805565777,"",0.142586571783175,TRUE
0,18,12.5,"CHECK",TRUE,12.5317143695716,10.9042390304899,14.4020930393592,"",0.00253714956572836,TRUE
0,18,12.5,"FIRST",TRUE,14.6243303464183,11.7317655547475,18.2300811487513,"",0.169946427713467,TRUE
0,18,12.5,"LAST",TRUE,12.1565858198327,9.45281651298882,15.6337085980557,"",-0.0274731344133875,TRUE
0,18,25,"CHECK",TRUE,26.8342310618582,22.9575513163954,31.3655383693707,"",0.073369242474329,TRUE
0,18,25,"FIRST",TRUE,22.0040545301452,17.2043304603161,28.1428223482698,"",-0.119837818794193,TRUE
0,18,25,"LAST",TRUE,28.528825981423,22.082203914857,36.8574583866931,"",0.141153039256918,TRUE
0.5,18,6.25,"CHECK",TRUE,6.67012997264561,5.83466760468669,7.62522166922557,"",0.067220795623298,TRUE
0.5,18,6.25,"FIRST",TRUE,5.9189797193649,4.88434070177336,7.17278401679331,"",-0.0529632449016164,TRUE
0.5,18,6.25,"LAST",TRUE,6.50416087777055,5.30894920569982,7.9684523405314,"",0.0406657404432887,TRUE
0.5,18,12.5,"CHECK",TRUE,12.7475874038618,11.19194251482,14.5194620508386,"",0.0198069923089452,TRUE
0.5,18,12.5,"FIRST",TRUE,14.0237122970256,10.2557150976813,19.176089109009,"",0.121896983762045,TRUE
0.5,18,12.5,"LAST",TRUE,11.3226610685018,8.89986969635941,14.4050034490516,"",-0.0941871145198535,TRUE
0.5,18,25,"CHECK",TRUE,27.5608931847373,23.301477606279,32.5989126516084,"",0.102435727389491,TRUE
0.5,18,25,"FIRST",TRUE,25.3945580863402,19.4039513157975,33.2346525666388,"",0.0157823234536062,TRUE
0.5,18,25,"LAST",TRUE,27.9938608423824,21.0769636608945,37.1806991495951,"",0.119754433695295,TRUE
1,18,6.25,"CHECK",TRUE,8.51927866207696,6.98116622577505,10.3962728539761,"",0.363084585932313,FALSE
1,18,6.25,"FIRST",TRUE,6.5964456554418,4.93774549729098,8.81234063381149,"",0.0554313048706882,TRUE
1,18,6.25,"LAST",TRUE,9.6180752703703,6.88395634979149,13.4381113426599,"",0.538892043259249,FALSE
1,18,12.5,"CHECK",TRUE,12.0303598336448,10.3725472269642,13.9531355760657,"",-0.0375712133084129,TRUE
1,18,12.5,"FIRST",TRUE,10.1712334325008,8.3685176030475,12.3622837933384,"",-0.186301325399939,FALSE
1,18,12.5,"LAST",TRUE,10.5882856977036,8.63877859138674,12.9777367055078,"",-0.152937144183711,TRUE
1,18,25,"CHECK",TRUE,25.5146518613912,21.9905280670104,29.6035391976149,"",0.0205860744556479,TRUE
1,18,25,"FIRST",TRUE,26.3990282636507,20.4680697234766,34.0485792104607,"",0.0559611305460263,TRUE
1,18,25,"LAST",TRUE,23.8374375497994,18.7973264444502,30.2289493465891,"",-0.0465024980080254,TRUE
1.5,18,6.25,"CHECK",TRUE,7.9734706442576,6.25623747270292,10.1620557710976,"",0.275755303081216,FALSE
1.5,18,6.25,"FIRST",TRUE,7.15227978507276,5.02835101365342,10.173336345267,"",0.144364765611642,TRUE
1.5,18,6.25,"LAST",TRUE,8.66733096369527,5.89240175833939,12.749067208106,"",0.386772954191243,TRUE
1.5,18,12.5,"CHECK",TRUE,14.7375162177769,12.0722638650316,17.991189282928,"",0.179001297422148,TRUE
1.5,18,12.5,"FIRST",TRUE,14.5226370935444,9.79992769222355,21.5212800312958,"",0.161810967483556,TRUE
1.5,18,12.5,"LAST",TRUE,18.6053099611253,11.4982593699634,30.105213981675,"",0.488424796890022,TRUE
1.5,18,25,"CHECK",TRUE,26.5499872280776,22.4144573278036,31.4485339306743,"",0.0619994891231046,TRUE
1.5,18,25,"FIRST",TRUE,28.9755354498493,23.0445854502937,36.432925053758,"",0.15902141799397,TRUE
1.5,18,25,"LAST",TRUE,31.3704536791506,25.0465376947537,39.2910739212416,"",0.254818147166022,FALSE
0,19,6.25,"CHECK",TRUE,6.46018115565856,5.51501256363063,7.56733372452225,"",0.0336289849053693,TRUE
0,19,6.25,"FIRST",TRUE,6.56210573209711,5.21624514383892,8.25521624306382,"",0.049936917135538,TRUE
0,19,6.25,"LAST",TRUE,6.67857017396497,5.28354094563126,8.44193317087003,"",0.0685712278343956,TRUE
0,19,12.5,"CHECK",TRUE,13.6518638340973,11.5395416296334,16.1508482855271,"",0.0921491067277816,TRUE
0,19,12.5,"FIRST",TRUE,13.5226792425045,10.113354707646,18.0813250579861,"",0.0818143394003583,TRUE
0,19,12.5,"LAST",TRUE,13.5737485299877,10.2314693550702,18.0078386360057,"",0.085899882399012,TRUE
0,19,25,"CHECK",TRUE,24.5736730892251,21.0694667697162,28.6606877951018,"",-0.017053076430994,TRUE
0,19,25,"FIRST",TRUE,22.6429588697682,17.5527165439438,29.2093582833429,"",-0.094281645209273,TRUE
0,19,25,"LAST",TRUE,28.1406391769506,22.052539284254,35.9094960938472,"",0.125625567078026,TRUE
0.5,19,6.25,"CHECK",TRUE,7.34286213963268,6.20549879395868,8.68868501822,"",0.174857942341229,TRUE
0.5,19,6.25,"FIRST",TRUE,6.53743752943771,5.08815262189801,8.39952977577119,"",0.0459900047100331,TRUE
0.5,19,6.25,"LAST",TRUE,7.17563549226485,5.46130780998028,9.42809790427048,"",0.148101678762376,TRUE
0.5,19,12.5,"CHECK",TRUE,14.2085357641261,12.0629164134628,16.7357943668696,"",0.136682861130089,TRUE
0.5,19,12.5,"FIRST",TRUE,14.0002127685878,10.5960097020637,18.4980915530451,"",0.120017021487025,TRUE
0.5,19,12.5,"LAST",TRUE,14.268641223187,10.7047670366199,19.0190147678653,"",0.141491297854961,TRUE
0.5,19,25,"CHECK",TRUE,27.0330555166643,22.9577061031227,31.8318427496402,"",0.0813222206665735,TRUE
0.5,19,25,"FIRST",TRUE,29.4514533913426,21.284235620064,40.7526078148075,"",0.178058135653705,TRUE
0.5,19,25,"LAST",TRUE,29.6586750519683,22.6214602954724,38.885067292243,"",0.186347002078732,TRUE
1,19,6.25,"CHECK",TRUE,7.35895969723986,5.99921605617152,9.02689406724916,"",0.177433551558378,TRUE
1,19,6.25,"FIRST",TRUE,6.59942247367022,4.78256278367627,9.10649351737431,"",0.0559075957872358,TRUE
1,19,6.25,"LAST",TRUE,8.38746695620147,5.91884979005819,11.8856880030199,"",0.341994712992235,TRUE
1,19,12.5,"CHECK",TRUE,13.9439135018943,11.721181701245,16.5881502995264,"",0.115513080151545,TRUE
1,19,12.5,"FIRST",TRUE,12.4990354956181,9.22549006935034,16.9341560335909,"",-7.71603505508267e-05,TRUE
1,19,12.5,"LAST",TRUE,14.8054915379072,10.3031176896101,21.2753640483105,"",0.184439323032578,TRUE
1,19,25,"CHECK",TRUE,25.2524996196034,21.9098453093838,29.1051227442922,"",0.0100999847841362,TRUE
1,19,25,"FIRST",TRUE,22.7951712221493,18.1712451498467,28.5957195977561,"",-0.0881931511140299,TRUE
1,19,25,"LAST",TRUE,22.0480166531484,17.7371859559631,27.4065480028461,"",-0.118079333874064,TRUE
1.5,19,6.25,"CHECK",TRUE,8.67128477796022,6.96848221954323,10.790180319268,"",0.387405564473635,FALSE
1.5,19,6.25,"FIRST",TRUE,6.80640590010204,5.25663995282004,8.81307483349524,"",0.0890249440163265,TRUE
1.5,19,6.25,"LAST",TRUE,8.42009109214126,6.29682258532699,11.2593189722646,"",0.347214574742601,FALSE
1.5,19,12.5,"CHECK",TRUE,14.8078515608178,12.5163678884943,17.5188576910385,"",0.184628124865427,FALSE
1.5,19,12.5,"FIRST",TRUE,15.1773774146234,10.5710039690856,21.7910035659411,"",0.214190193169872,TRUE
1.5,19,12.5,"LAST",TRUE,21.3992764441876,12.994219782181,35.2409794517035,"",0.711942115535007,FALSE
1.5,19,25,"CHECK",TRUE,25.9483338287062,22.0734627308724,30.5034165547695,"",0.0379333531482489,TRUE
1.5,19,25,"FIRST",TRUE,25.1554689826253,19.7288534910017,32.0747285200554,"",0.00621875930501389,TRUE
1.5,19,25,"LAST",TRUE,28.2617484240926,21.6942681841111,36.8173942171365,"",0.130469936963704,TRUE
0,20,6.25,"CHECK",TRUE,6.08614988058624,5.34219158330829,6.93371246450528,"",-0.0262160191062014,TRUE
0,20,6.25,"FIRST",TRUE,6.09951900362872,4.95973684911989,7.50123105467376,"",-0.024076959419404,TRUE
0,20,6.25,"LAST",TRUE,7.35175073168018,5.88511128960176,9.18389409496067,"",0.176280117068828,TRUE
0,20,12.5,"CHECK",TRUE,13.3554455981379,11.258364029109,15.8431479621411,"",0.068435647851032,TRUE
0,20,12.5,"FIRST",TRUE,12.8340825607565,9.30663693314932,17.698517344071,"",0.0267266048605222,TRUE
0,20,12.5,"LAST",TRUE,14.3037712321297,10.2821146910286,19.8984233894626,"",0.144301698570376,TRUE
0,20,25,"CHECK",TRUE,27.8650343069637,23.6493762627983,32.8321613348289,"",0.11460137227855,TRUE
0,20,25,"FIRST",TRUE,28.8872980187334,21.9887184285014,37.9501874807531,"",0.155491920749338,TRUE
0,20,25,"LAST",TRUE,31.8229384398318,25.7429551560106,39.3388950416935,"",0.272917537593271,FALSE
0.5,20,6.25,"CHECK",TRUE,5.59157436089315,4.74247567672078,6.59269671890369,"",-0.105348102257095,TRUE
0.5,20,6.25,"FIRST",TRUE,5.6922668044698,4.44276847009774,7.29317802432231,"",-0.0892373112848317,TRUE
0.5,20,6.25,"LAST",TRUE,5.5280799859145,4.3384618849909,7.04389461997833,"",-0.11550720225368,TRUE
0.5,20,12.5,"CHECK",TRUE,13.3206148777064,11.2532008857068,15.7678497453596,"",0.0656491902165082,TRUE
0.5,20,12.5,"FIRST",TRUE,13.3680533948032,9.62878715523809,18.5594352315799,"",0.0694442715842561,TRUE
0.5,20,12.5,"LAST",TRUE,16.6315412371196,12.9430150940988,21.3712308848443,"",0.330523298969571,FALSE
0.5,20,25,"CHECK",TRUE,23.418673938876,20.4308380000991,26.8434554203176,"",-0.0632530424449602,TRUE
0.5,20,25,"FIRST",TRUE,26.3200257906369,21.6419079964449,32.0093661674186,"",0.0528010316254743,TRUE
0.5,20,25,"LAST",TRUE,25.1210038910254,19.4076382099701,32.5163128900828,"",0.00484015564101526,TRUE
1,20,6.25,"CHECK",TRUE,9.41578110886799,7.70158733513075,11.5115144491977,"",0.506524977418879,FALSE
1,20,6.25,"FIRST",TRUE,5.70391639061729,4.65027495026061,6.99628786236162,"",-0.087373377501233,TRUE
1,20,6.25,"LAST",TRUE,10.5309236787998,7.66379281232906,14.4706878492717,"",0.684947788607963,FALSE
1,20,12.5,"CHECK",TRUE,13.9473826998416,11.6037599788786,16.7643491876706,"",0.115790615987324,TRUE
1,20,12.5,"FIRST",TRUE,13.1317607145982,9.40854505129845,18.328353483482,"",0.0505408571678531,TRUE
1,20,12.5,"LAST",TRUE,14.4917795760277,10.5199372603048,19.9632060613722,"",0.159342366082214,TRUE
1,20,25,"CHECK",TRUE,28.7042920795841,24.2005464502704,34.0461892248251,"",0.148171683183364,TRUE
1,20,25,"FIRST",TRUE,24.7168261528005,18.8918276164277,32.3378715639202,"",-0.0113269538879814,TRUE
1,20,25,"LAST",TRUE,24.1334360485019,18.5723902779129,31.3596002879485,"",-0.034662558059925,TRUE
1.5,20,6.25,"CHECK",TRUE,12.8358822293505,10.0715103053755,16.3590035267918,"",1.05374115669608,FALSE
1.5,20,6.25,"FIRST",TRUE,7.25980024590963,5.82701189754411,9.04489308366142,"",0.161568039345541,TRUE
1.5,20,6.25,"LAST",TRUE,18.5007096957718,10.1921173070956,33.5824489587594,"",1.96011355132349,FALSE
1.5,20,12.5,"CHECK",TRUE,16.7985295106045,13.46406429389,20.9587972516372,"",0.343882360848357,FALSE
1.5,20,12.5,"FIRST",TRUE,16.2572231393533,11.6121222691002,22.7604651482201,"",0.300577851148263,TRUE
1.5,20,12.5,"LAST",TRUE,21.2138364029451,14.471989617415,31.0964053200658,"",0.697106912235612,FALSE
1.5,20,25,"CHECK",TRUE,30.8882706019019,24.9557981084183,38.2310057418871,"",0.235530824076075,TRUE
1.5,20,25,"FIRST",TRUE,27.5477712449996,20.7370662536466,36.5953260352523,"",0.101910849799984,TRUE
1.5,20,25,"LAST",TRUE,31.2493666067985,20.9298261565648,46.6570006851109,"",0.24997466427194,TRUE
0,21,6.25,"CHECK",TRUE,5.81213047786863,4.76443675671657,7.09021074613857,"",-0.0700591235410194,TRUE
0,21,6.25,"FIRST",TRUE,5.34569175472902,3.97845245031592,7.18279800838353,"",-0.144689319243357,TRUE
0,21,6.25,"LAST",TRUE,7.55121788502118,5.48379669436567,10.3980681132198,"",0.208194861603389,TRUE
0,21,12.5,"CHECK",TRUE,11.4472922406515,9.52220751617706,13.7615673067677,"",-0.0842166207478793,TRUE
0,21,12.5,"FIRST",TRUE,11.5247183522679,8.2653911712268,16.0693100117833,"",-0.0780225318185684,TRUE
0,21,12.5,"LAST",TRUE,12.1115713881325,8.61256629923036,17.0321082466372,"",-0.0310742889493976,TRUE
0,21,25,"CHECK",TRUE,28.8929322416305,24.3425536121859,34.2939178370157,"",0.155717289665221,TRUE
0,21,25,"FIRST",TRUE,29.8055744927334,21.4491132350557,41.4176689314111,"",0.192222979709338,TRUE
0,21,25,"LAST",TRUE,29.5259919054079,21.7578549948648,40.0675617244424,"",0.181039676216316,TRUE
0.5,21,6.25,"CHECK",TRUE,7.1614425451008,6.11942612035204,8.3808936194542,"",0.145830807216128,TRUE
0.5,21,6.25,"FIRST",TRUE,6.39315095182679,5.05564594748623,8.08450186531879,"",0.0229041522922866,TRUE
0.5,21,6.25,"LAST",TRUE,8.1834805237124,6.24899950334654,10.7168120986593,"",0.309356883793984,TRUE
0.5,21,12.5,"CHECK",TRUE,12.0028562336601,10.2140987306524,14.104872252073,"",-0.0397715013071927,TRUE
0.5,21,12.5,"FIRST",TRUE,11.3485535685933,8.82179255846404,14.5990361081054,"",-0.0921157145125359,TRUE
0.5,21,12.5,"LAST",FALSE,NA,NA,NA,"non-finite prediction",NA,FALSE
0.5,21,25,"CHECK",TRUE,25.4658599577381,21.7933571478456,29.7572337748449,"",0.0186343983095232,TRUE
0.5,21,25,"FIRST",TRUE,29.0910364077098,23.0372672599584,36.7356244872694,"",0.163641456308394,TRUE
0.5,21,25,"LAST",TRUE,25.9130183392458,19.9033002202522,33.7373456672695,"",0.0365207335698331,TRUE
1,21,6.25,"CHECK",TRUE,7.76971758082025,6.43873852585759,9.37582898315733,"",0.24315481293124,FALSE
1,21,6.25,"FIRST",TRUE,5.59883669920388,4.37487946456557,7.16521966793547,"",-0.104186128127379,TRUE
1,21,6.25,"LAST",TRUE,8.64037798372482,6.34921809224788,11.7583189956553,"",0.382460477395971,FALSE
1,21,12.5,"CHECK",TRUE,14.6771253051487,12.3730380382977,17.4102760014367,"",0.174170024411899,TRUE
1,21,12.5,"FIRST",TRUE,13.8320476500009,10.4529729830353,18.3034570645507,"",0.10656381200007,TRUE
1,21,12.5,"LAST",TRUE,15.2018712964266,10.8277416476951,21.3430370276992,"",0.216149703714124,TRUE
1,21,25,"CHECK",TRUE,25.5649274347383,21.8269416222559,29.9430642210096,"",0.022597097389533,TRUE
1,21,25,"FIRST",TRUE,24.8701066356703,19.3467346995347,31.970366766051,"",-0.00519573457318842,TRUE
1,21,25,"LAST",TRUE,26.1764189259887,19.9997870081712,34.2606102509446,"",0.047056757039548,TRUE
1.5,21,6.25,"CHECK",TRUE,8.93118690207147,7.36810323708277,10.8258661575587,"",0.428989904331436,FALSE
1.5,21,6.25,"FIRST",TRUE,6.30037059923686,4.96134834941289,8.00078262846138,"",0.00805929587789734,TRUE
1.5,21,6.25,"LAST",TRUE,12.1167647034475,7.75949944927992,18.9208064048945,"",0.938682352551599,FALSE
1.5,21,12.5,"CHECK",TRUE,15.3917214180694,12.8608907713453,18.4205816240421,"",0.231337713445552,FALSE
1.5,21,12.5,"FIRST",TRUE,10.2161409565545,8.30581861641984,12.565833768373,"",-0.182708723475642,TRUE
1.5,21,12.5,"LAST",TRUE,15.0787136902158,11.4114077188506,19.9245888108887,"",0.206297095217261,TRUE
1.5,21,25,"CHECK",TRUE,27.4529744804546,23.4505911227696,32.1384567185903,"",0.0981189792181821,TRUE
1.5,21,25,"FIRST",TRUE,27.4067027611088,21.3317704967988,35.2116743590734,"",0.0962681104443534,TRUE
1.5,21,25,"LAST",TRUE,29.9244302734028,24.242820553235,36.9375966472784,"",0.196977210936111,TRUE
0,22,6.25,"CHECK",TRUE,6.27393903798141,5.25279530337104,7.49359317829231,"",0.00383024607702509,TRUE
0,22,6.25,"FIRST",TRUE,5.98824391426377,4.55479440156664,7.87281752264891,"",-0.0418809737177975,TRUE
0,22,6.25,"LAST",TRUE,7.00497353629662,5.23687898454989,9.3700187437945,"",0.120795765807459,TRUE
0,22,12.5,"CHECK",TRUE,12.962765035125,11.0256922785313,15.2401566369711,"",0.0370212028100002,TRUE
0,22,12.5,"FIRST",TRUE,12.2940090560432,9.30625329727266,16.2409783875501,"",-0.0164792755165453,TRUE
0,22,12.5,"LAST",TRUE,10.7504088704677,8.33874823569801,13.8595491332226,"",-0.139967290362586,TRUE
0,22,25,"CHECK",TRUE,27.1093097149629,23.0290168662704,31.9125509130257,"",0.084372388598517,TRUE
0,22,25,"FIRST",TRUE,31.7559027737346,23.6509323551135,42.638376611688,"",0.270236110949383,TRUE
0,22,25,"LAST",TRUE,37.0467662888549,32.4565500847209,42.2861606941746,"",0.481870651554195,FALSE
0.5,22,6.25,"CHECK",TRUE,7.39293719979845,6.08947235034485,8.97541154564379,"",0.182869951967753,TRUE
0.5,22,6.25,"FIRST",TRUE,8.02853154836841,6.00047855905815,10.7420296879228,"",0.284565047738946,TRUE
0.5,22,6.25,"LAST",TRUE,7.81414187858299,5.91749345830375,10.318695530274,"",0.250262700573278,TRUE
0.5,22,12.5,"CHECK",TRUE,13.8834888556192,11.8850435047243,16.2179686365881,"",0.110679108449538,TRUE
0.5,22,12.5,"FIRST",TRUE,13.9401599744052,10.776321863492,18.0328745348962,"",0.115212797952416,TRUE
0.5,22,12.5,"LAST",TRUE,12.7885355262838,9.94847357581303,16.4393702873816,"",0.0230828421027,TRUE
0.5,22,25,"CHECK",TRUE,25.3544310758763,21.6411870021436,29.7048020109842,"",0.0141772430350514,TRUE
0.5,22,25,"FIRST",TRUE,22.2250878219918,17.5427255253966,28.1572283611318,"",-0.110996487120327,TRUE
0.5,22,25,"LAST",TRUE,22.0506544976348,17.2599551121564,28.1710676890232,"",-0.117973820094609,TRUE
1,22,6.25,"CHECK",TRUE,8.55660566442909,6.93320620575073,10.5601215835484,"",0.369056906308654,FALSE
1,22,6.25,"FIRST",TRUE,6.4170931395658,4.97056875191181,8.28458198994309,"",0.0267349023305287,TRUE
1,22,6.25,"LAST",TRUE,11.5266891727058,7.83075750669009,16.9670128554821,"",0.844270267632934,FALSE
1,22,12.5,"CHECK",TRUE,13.4400427650337,11.4973388272176,15.7110051500195,"",0.0752034212026976,TRUE
1,22,12.5,"FIRST",TRUE,13.8853370875053,9.98015867134582,19.3185892512117,"",0.11082696700042,TRUE
1,22,12.5,"LAST",TRUE,18.5966565082948,13.491025066589,25.6344963841167,"",0.487732520663583,FALSE
1,22,25,"CHECK",TRUE,26.4519234122911,22.6380641618753,30.9083076718232,"",0.0580769364916451,TRUE
1,22,25,"FIRST",TRUE,28.3802271292091,21.7403421468427,37.0480504154562,"",0.135209085168364,TRUE
1,22,25,"LAST",TRUE,30.359114433316,22.2597239407508,41.4055372666983,"",0.214364577332639,TRUE
1.5,22,6.25,"CHECK",TRUE,8.5607779890902,7.06581095894908,10.3720464932155,"",0.369724478254432,FALSE
1.5,22,6.25,"FIRST",TRUE,5.56100796799826,4.43453083152417,6.97363730122294,"",-0.110238725120278,TRUE
1.5,22,6.25,"LAST",TRUE,10.121564960455,7.46416075486848,13.7250630865486,"",0.619450393672795,FALSE
1.5,22,12.5,"CHECK",TRUE,13.969116148127,11.8389296461462,16.4825885271972,"",0.117529291850162,TRUE
1.5,22,12.5,"FIRST",TRUE,12.3184980087291,9.45756275090027,16.0448729961234,"",-0.0145201593016731,TRUE
1.5,22,12.5,"LAST",TRUE,17.4035891141771,13.5772827288038,22.3082129248545,"",0.392287129134169,FALSE
1.5,22,25,"CHECK",TRUE,23.2595845590084,19.7976569084975,27.3268840023916,"",-0.0696166176396659,TRUE
1.5,22,25,"FIRST",TRUE,24.5334942353135,18.3145379928929,32.8641836134621,"",-0.0186602305874594,TRUE
1.5,22,25,"LAST",TRUE,23.5532043951596,17.834504384048,31.1056267858144,"",-0.0578718241936153,TRUE
0,23,6.25,"CHECK",TRUE,7.46667092180183,6.25080736588153,8.9190357966852,"",0.194667347488292,FALSE
0,23,6.25,"FIRST",TRUE,8.41370151095518,6.44514134734299,10.983525310059,"",0.346192241752829,FALSE
0,23,6.25,"LAST",TRUE,8.26104030957084,6.38528774374137,10.6878170154893,"",0.321766449531335,FALSE
0,23,12.5,"CHECK",TRUE,13.3249690687124,11.3125967191336,15.6953178028378,"",0.0659975254969949,TRUE
0,23,12.5,"FIRST",TRUE,16.0266776047701,11.003783327165,23.3423712018342,"",0.282134208381608,TRUE
0,23,12.5,"LAST",TRUE,15.1102313155033,10.7446807760677,21.2494996516384,"",0.208818505240264,TRUE
0,23,25,"CHECK",TRUE,23.4843381554229,20.2880847268196,27.184140150459,"",-0.0606264737830851,TRUE
0,23,25,"FIRST",TRUE,24.173171094228,18.5801220991139,31.4498579521546,"",-0.0330731562308794,TRUE
0,23,25,"LAST",TRUE,22.111933494627,17.3986192725768,28.1020921954109,"",-0.11552266021492,TRUE
0.5,23,6.25,"CHECK",TRUE,6.02710499685493,5.07150702368586,7.16276137910438,"",-0.0356632005032114,TRUE
0.5,23,6.25,"FIRST",TRUE,5.09259306383542,4.05338112295148,6.39823972312288,"",-0.185185109786334,TRUE
0.5,23,6.25,"LAST",TRUE,5.4982979837962,4.38119336805491,6.90023885707627,"",-0.120272322592609,TRUE
0.5,23,12.5,"CHECK",TRUE,14.1670586727447,12.3534544650667,16.2469171683557,"",0.133364693819579,TRUE
0.5,23,12.5,"FIRST",TRUE,16.7933317182388,12.6654436969607,22.2665701215411,"",0.343466537459107,FALSE
0.5,23,12.5,"LAST",TRUE,15.1904714747946,11.6812194042781,19.753967085152,"",0.215237717983568,TRUE
0.5,23,25,"CHECK",TRUE,24.0971680613719,20.5284633642764,28.2862627501135,"",-0.0361132775451244,TRUE
0.5,23,25,"FIRST",TRUE,27.2421622584084,20.3438193660387,36.4796497236083,"",0.0896864903363361,TRUE
0.5,23,25,"LAST",TRUE,23.6261484978097,17.7133665690974,31.5126371185915,"",-0.0549540600876128,TRUE
1,23,6.25,"CHECK",TRUE,7.23837887581738,5.83481627217702,8.97956787426496,"",0.15814062013078,TRUE
1,23,6.25,"FIRST",TRUE,6.42738771293003,4.97622365564289,8.3017395662026,"",0.0283820340688051,TRUE
1,23,6.25,"LAST",TRUE,7.78994425260941,5.84846596733139,10.3759228142438,"",0.246391080417505,TRUE
1,23,12.5,"CHECK",TRUE,13.4110151233239,11.5492616569623,15.5728852614228,"",0.0728812098659137,TRUE
1,23,12.5,"FIRST",TRUE,13.0539517969693,9.99577959249368,17.0477606014406,"",0.0443161437575445,TRUE
1,23,12.5,"LAST",TRUE,15.3876590899788,11.4624905182234,20.6569464020903,"",0.231012727198305,TRUE
1,23,25,"CHECK",TRUE,22.3577014977543,19.3009889914852,25.8985079201489,"",-0.105691940089826,TRUE
1,23,25,"FIRST",TRUE,27.5213423871477,20.5752671319884,36.8123670974381,"",0.100853695485907,TRUE
1,23,25,"LAST",TRUE,26.3463227435387,20.3117360551213,34.1737761963331,"",0.0538529097415486,TRUE
1.5,23,6.25,"CHECK",TRUE,9.46428473662025,7.71736594625648,11.6066396487616,"",0.514285557859241,FALSE
1.5,23,6.25,"FIRST",TRUE,6.17291715575381,4.79460696695731,7.94745147504371,"",-0.0123332550793899,TRUE
1.5,23,6.25,"LAST",TRUE,13.724339099551,8.47184888248745,22.2333384757164,"",1.19589425592815,FALSE
1.5,23,12.5,"CHECK",TRUE,14.6618011131486,11.9134530980114,18.0441732647109,"",0.172944089051887,TRUE
1.5,23,12.5,"FIRST",TRUE,10.7700045265246,8.42109515242575,13.7740989030325,"",-0.138399637878034,TRUE
1.5,23,12.5,"LAST",TRUE,11.5743395891523,8.80999806720723,15.206057470508,"",-0.0740528328678195,TRUE
1.5,23,25,"CHECK",TRUE,26.5848824494625,22.7153294149293,31.113613275942,"",0.063395297978501,TRUE
1.5,23,25,"FIRST",TRUE,24.1785941931507,18.715595638801,31.2362175609877,"",-0.0328562322739735,TRUE
1.5,23,25,"LAST",TRUE,28.4872901578501,21.463164146169,37.8101614007548,"",0.139491606314004,TRUE
0,24,6.25,"CHECK",TRUE,6.56504996098882,5.52128364090954,7.8061341878787,"",0.0504079937582117,TRUE
0,24,6.25,"FIRST",TRUE,6.0450154822274,4.79446140226337,7.62175542035193,"",-0.0327975228436155,TRUE
0,24,6.25,"LAST",TRUE,7.70488466909538,5.90978882566853,10.0452401118318,"",0.23278154705526,TRUE
0,24,12.5,"CHECK",TRUE,12.6669278118817,11.1864138207668,14.3433867870646,"",0.0133542249505362,TRUE
0,24,12.5,"FIRST",TRUE,12.5229071621386,9.95046011808291,15.7603972007834,"",0.00183257297108455,TRUE
0,24,12.5,"LAST",TRUE,14.1123062794924,11.9081291727506,16.724473310378,"",0.128984502359393,TRUE
0,24,25,"CHECK",TRUE,23.6210374327973,20.4423200494166,27.294035513231,"",-0.0551585026881082,TRUE
0,24,25,"FIRST",TRUE,20.5139955817823,15.9986324212885,26.3037491985513,"",-0.179440176728708,TRUE
0,24,25,"LAST",TRUE,25.7652218000802,19.8641524080418,33.4193294921849,"",0.0306088720032085,TRUE
0.5,24,6.25,"CHECK",TRUE,6.86595996191514,5.85118356176725,8.05673001042945,"",0.0985535939064218,TRUE
0.5,24,6.25,"FIRST",TRUE,6.26058254054501,4.95244055282326,7.91425829930114,"",0.00169320648720131,TRUE
0.5,24,6.25,"LAST",TRUE,6.95657256689144,5.4338722038631,8.9059698246164,"",0.113051610702631,TRUE
0.5,24,12.5,"CHECK",TRUE,13.9439344879262,11.9756982743682,16.2356552869846,"",0.115514759034097,TRUE
0.5,24,12.5,"FIRST",TRUE,14.7061046100518,10.8697468093919,19.8964627782241,"",0.17648836880414,TRUE
0.5,24,12.5,"LAST",TRUE,14.7658437985309,10.2160442409376,21.3419341127092,"",0.181267503882472,TRUE
0.5,24,25,"CHECK",TRUE,27.5672879121456,23.4765382611089,32.3708442181216,"",0.102691516485823,TRUE
0.5,24,25,"FIRST",TRUE,28.3095422515916,21.5137428381322,37.2520108901808,"",0.132381690063664,TRUE
0.5,24,25,"LAST",TRUE,30.9778113003904,24.5529286409387,39.0839238363831,"",0.239112452015618,TRUE
1,24,6.25,"CHECK",TRUE,8.75752553948455,7.30814812121376,10.4943485411988,"",0.401204086317528,FALSE
1,24,6.25,"FIRST",TRUE,6.49015347486304,5.11501532727775,8.23498844717921,"",0.0384245559780871,TRUE
1,24,6.25,"LAST",TRUE,9.72803033198108,7.3612825518137,12.8557182085923,"",0.556484853116972,FALSE
1,24,12.5,"CHECK",TRUE,13.3312804431729,11.283264813334,15.7510296172876,"",0.0665024354538296,TRUE
1,24,12.5,"FIRST",TRUE,12.7177957946463,9.48670303558646,17.0493720808583,"",0.0174236635717001,TRUE
1,24,12.5,"LAST",TRUE,16.5408394590389,12.4643927313989,21.9504773241361,"",0.323267156723113,TRUE
1,24,25,"CHECK",TRUE,26.7192739759725,22.683774897525,31.4726982183629,"",0.0687709590388989,TRUE
1,24,25,"FIRST",TRUE,29.310028510916,21.7380487029293,39.519543959571,"",0.172401140436641,TRUE
1,24,25,"LAST",TRUE,20.555242622694,16.3133117324378,25.9001977163024,"",-0.177790295092241,TRUE
1.5,24,6.25,"CHECK",TRUE,7.92588387357491,6.7338782616624,9.32889380181436,"",0.268141419771985,FALSE
1.5,24,6.25,"FIRST",TRUE,9.02517936352248,6.63401789394841,12.2782096530151,"",0.444028698163597,FALSE
1.5,24,6.25,"LAST",TRUE,10.3835940718021,7.8211951038865,13.7854924235793,"",0.66137505148833,FALSE
1.5,24,12.5,"CHECK",TRUE,15.799277967618,13.0022303413431,19.1980281647799,"",0.26394223740944,FALSE
1.5,24,12.5,"FIRST",TRUE,14.5156950568227,11.309753624501,18.6304149478732,"",0.161255604545814,TRUE
1.5,24,12.5,"LAST",TRUE,15.4998402630754,10.8377035474478,22.1675235098516,"",0.23998722104603,TRUE
1.5,24,25,"CHECK",TRUE,26.4992522175914,22.6270406825405,31.0341231954988,"",0.0599700887036572,TRUE
1.5,24,25,"FIRST",TRUE,28.102720032009,21.9606776261857,35.9625912570099,"",0.124108801280359,TRUE
1.5,24,25,"LAST",TRUE,28.9740099047038,23.0696657413767,36.3894847618965,"",0.15896039618815,TRUE
