site_a,site_b,shared_carrier_count,union_carrier_count,jaccard,shared_carriers
JORN,KONA,0,11,0,
JORN,LAJA,0,9,0,
JORN,LENO,0,10,0,
JORN,MLBS,0,10,0,
JORN,MOAB,1,11,0.09090909090909091,Dipodomys ordii
JORN,NIWO,0,9,0,
JORN,NOGP,0,10,0,
JORN,OAES,0,13,0,
JORN,ONAQ,1,12,0.08333333333333333,Reithrodontomys megalotis
JORN,ORNL,0,11,0,
JORN,OSBS,0,10,0,
JORN,RMNP,0,9,0,
JORN,SERC,0,10,0,
JORN,SJER,1,12,0.08333333333333333,Reithrodontomys megalotis
JORN,SOAP,0,10,0,
KONA,LAJA,0,4,0,
KONA,LENO,1,4,0.25,Sigmodon hispidus
KONA,MLBS,0,5,0,
KONA,MOAB,0,7,0,
KONA,NIWO,0,4,0,
KONA,NOGP,1,4,0.25,Microtus ochrogaster
KONA,OAES,2,6,0.3333333333333333,Chaetodipus hispidus;Sigmodon hispidus
KONA,ONAQ,0,8,0,
KONA,ORNL,0,6,0,
KONA,OSBS,0,5,0,
KONA,RMNP,0,4,0,
KONA,SERC,0,5,0,
KONA,SJER,0,8,0,
KONA,SOAP,0,5,0,
LAJA,LENO,0,3,0,
LAJA,MLBS,0,3,0,
LAJA,MOAB,0,5,0,
LAJA,NIWO,0,2,0,
LAJA,NOGP,0,3,0,
LAJA,OAES,0,6,0,
LAJA,ONAQ,0,6,0,
LAJA,ORNL,0,4,0,
LAJA,OSBS,0,3,0,
LAJA,RMNP,0,2,0,
LAJA,SERC,1,2,0.5,Mus musculus
LAJA,SJER,1,5,0.2,Mus musculus
LAJA,SOAP,0,3,0,
LENO,MLBS,0,4,0,
LENO,MOAB,0,6,0,
LENO,NIWO,0,3,0,
LENO,NOGP,0,4,0,
LENO,OAES,1,6,0.16666666666666666,Sigmodon hispidus
LENO,ONAQ,0,7,0,
LENO,ORNL,0,5,0,
LENO,OSBS,1,3,0.3333333333333333,Peromyscus gossypinus
LENO,RMNP,0,3,0,
LENO,SERC,0,4,0,
LENO,SJER,0,7,0,
LENO,SOAP,0,4,0,
MLBS,MOAB,0,6,0,
MLBS,NIWO,0,3,0,
MLBS,NOGP,0,4,0,
MLBS,OAES,0,7,0,
MLBS,ONAQ,0,7,0,
MLBS,ORNL,1,4,0.25,Ochrotomys nuttalli
MLBS,OSBS,0,4,0,
MLBS,RMNP,0,3,0,
MLBS,SERC,0,4,0,
MLBS,SJER,0,7,0,
MLBS,SOAP,0,4,0,
MOAB,NIWO,0,5,0,
MOAB,NOGP,0,6,0,
MOAB,OAES,1,8,0.125,Onychomys leucogaster
MOAB,ONAQ,1,8,0.125,Neotoma lepida
MOAB,ORNL,0,7,0,
MOAB,OSBS,0,6,0,
MOAB,RMNP,0,5,0,
MOAB,SERC,0,6,0,
MOAB,SJER,1,8,0.125,Peromyscus boylii
MOAB,SOAP,1,5,0.2,Peromyscus boylii
NIWO,NOGP,0,3,0,
NIWO,OAES,0,6,0,
NIWO,ONAQ,0,6,0,
NIWO,ORNL,0,4,0,
NIWO,OSBS,0,3,0,
NIWO,RMNP,0,2,0,
NIWO,SERC,0,3,0,
NIWO,SJER,0,6,0,
NIWO,SOAP,0,3,0,
NOGP,OAES,0,7,0,
NOGP,ONAQ,0,7,0,
NOGP,ORNL,0,5,0,
NOGP,OSBS,0,4,0,
NOGP,RMNP,0,3,0,
NOGP,SERC,0,4,0,
NOGP,SJER,0,7,0,
NOGP,SOAP,0,4,0,
OAES,ONAQ,0,10,0,
OAES,ORNL,0,8,0,
OAES,OSBS,0,7,0,
OAES,RMNP,0,6,0,
OAES,SERC,0,7,0,
OAES,SJER,0,10,0,
OAES,SOAP,0,7,0,
ONAQ,ORNL,0,8,0,
ONAQ,OSBS,0,7,0,
ONAQ,RMNP,0,6,0,
ONAQ,SERC,0,7,0,
ONAQ,SJER,1,9,0.1111111111111111,Reithrodontomys megalotis
ONAQ,SOAP,0,7,0,
ORNL,OSBS,0,5,0,
ORNL,RMNP,0,4,0,
ORNL,SERC,0,5,0,
ORNL,SJER,0,8,0,
ORNL,SOAP,0,5,0,
OSBS,RMNP,0,3,0,
OSBS,SERC,0,4,0,
OSBS,SJER,0,7,0,
OSBS,SOAP,0,4,0,
RMNP,SERC,0,3,0,
RMNP,SJER,0,6,0,
RMNP,SOAP,0,3,0,
SERC,SJER,1,6,0.16666666666666666,Mus musculus
SERC,SOAP,0,4,0,
SJER,SOAP,2,5,0.4,Chaetodipus californicus;Peromyscus boylii
