species_name,carrier_sites,carrier_site_count,primary_trophic_group,trophic_niche,habitat_niche,space_use_or_life_form,ecosystem_role_examples,source
Mus musculus,"LAJA;SERC;SJER",3,omnivore,omnivore,"human-associated generalist; cultivated fields; fencerows; wooded areas",terrestrial,"seed/insect consumer; prey; strong commensal/disturbance association","Animal Diversity Web: Mus musculus"
Peromyscus boylii,"MOAB;SJER;SOAP",3,omnivore,omnivore,"western woodland/shrub/rock habitats; diet tracks locally available resources",terrestrial,"seed/fruit and arthropod consumer; prey","Mammalian Species 838; DOI 10.1644/838.1"
Reithrodontomys megalotis,"JORN;ONAQ;SJER",3,granivore,granivore/herbivore,"grassland; old field; desert; shrubland; cropland; riparian margins",terrestrial/climbing,"seed consumer; prey","NatureServe Explorer: Reithrodontomys megalotis"
Sigmodon hispidus,"KONA;LENO;OAES",3,herbivore,herbivore-dominant omnivore,"broad regional habitat use; local association with grassy patches and shrub cover",terrestrial,"green-vegetation/seed consumer; occasional animal prey; prey","USFS FEIS: Sigmodon hispidus"
Chaetodipus californicus,"SJER;SOAP",2,granivore,granivore,"chaparral; grassland; hardwood and hardwood-conifer; coastal scrub",fossorial/terrestrial,"seed consumer/cacher; prey","Animal Diversity Web: Chaetodipus californicus"
Chaetodipus hispidus,"KONA;OAES",2,granivore,granivore,"shortgrass prairie; grassland; fencerows; some cropland",fossorial/terrestrial,"seed consumer/cacher; prey","Animal Diversity Web and NatureServe: Chaetodipus hispidus"
Dipodomys ordii,"JORN;MOAB",2,granivore,granivore,"arid and semi-arid open habitats; grass/forb seed resources",fossorial/terrestrial,"seed predator/cacher; prey","USFS FEIS and Animal Diversity Web: Dipodomys ordii"
Microtus ochrogaster,"KONA;NOGP",2,herbivore,herbivore,"prairie/grassland systems; grasses roots tubers and seeds",fossorial/terrestrial,"primary consumer; prey; vegetation consumer","Animal Diversity Web: Microtus ochrogaster"
Neotoma lepida,"MOAB;ONAQ",2,herbivore,herbivore/folivore/granivore,"desert scrub to juniper-sagebrush; plant-resource specialization at local scale",terrestrial/den-building,"plant consumer; seed dispersal; den habitat creation; soil aeration; prey","Animal Diversity Web: Neotoma lepida"
Ochrotomys nuttalli,"MLBS;ORNL",2,granivore,granivore,"thick woodland; swampy vegetation; vines and shrubs",terrestrial/arboreal,"seed consumer; prey","Animal Diversity Web: Ochrotomys nuttalli"
Onychomys leucogaster,"MOAB;OAES",2,predator,carnivore/invertivore,"grassland; prairie; sagebrush desert; pasture; semi-stabilized dunes",fossorial/terrestrial,"arthropod and small-vertebrate predator; prey","NatureServe and Animal Diversity Web: Onychomys leucogaster"
Peromyscus gossypinus,"LENO;OSBS",2,omnivore,omnivore,"swamps and riparian forest to fields dunes and suburban settings",terrestrial,"fruit/seed and invertebrate consumer; seed dispersal; scavenging; prey","Animal Diversity Web: Peromyscus gossypinus"
Chaetodipus eremicus,JORN,1,granivore,granivore,"sparsely vegetated sandy desert floors; river bottoms and washes",fossorial/terrestrial,"seed consumer/cacher; prey","NatureServe and Texas Tech: Chaetodipus eremicus"
Chaetodipus penicillatus,JORN,1,granivore,granivore,"arid open desert; sandy/silty washes and valleys; sparse shrub cover",fossorial/terrestrial,"seed consumer/cacher; prey","Animal Diversity Web: Chaetodipus penicillatus"
Dipodomys merriami,JORN,1,granivore,granivore,"low desert; open grassland/chaparral; creosote and sagebrush scrub",fossorial/terrestrial,"seed predator/cacher/disperser; soil disturbance/aeration; prey","NatureServe and Animal Diversity Web: Dipodomys merriami"
Dipodomys microps,ONAQ,1,herbivore,folivore/granivore,"Great Basin shrub systems; strong use of saltbush and blackbrush leaves",fossorial/terrestrial,"folivory; seed consumption/caching; prey","Animal Diversity Web: Dipodomys microps"
Dipodomys spectabilis,JORN,1,granivore,granivore,"arid/semi-arid grassland and foothill shrubland",fossorial/terrestrial,"seed consumer/cacher; large burrow mound effects; prey","NatureServe and Animal Diversity Web: Dipodomys spectabilis"
Lemmiscus curtatus,ONAQ,1,herbivore,folivore,"sagebrush and bunchgrass systems",fossorial/terrestrial,"green-plant consumer; prey","NatureServe and Animal Diversity Web: Lemmiscus curtatus"
Microtus longicaudus,NIWO,1,herbivore,herbivore,"montane/open and shrub-associated habitats; broad plant diet",fossorial/terrestrial,"green-plant/root/bark/seed consumer; prey","Animal Diversity Web: Microtus longicaudus"
Microtus pennsylvanicus,NOGP,1,herbivore,herbivore,"pasture; grassland; wetland; old field; cropland; wooded swamp",fossorial/terrestrial,"green-plant consumer; prey; vegetation turnover","Animal Diversity Web and NatureServe: Microtus pennsylvanicus"
Microtus pinetorum,SERC,1,herbivore,herbivore/granivore,"woodland/forest-floor and subterranean root/tuber resource niche",fossorial/subterranean,"root/tuber/leaf/seed consumer; prey","Animal Diversity Web: Microtus pinetorum"
Neotoma floridana,OAES,1,herbivore,herbivore/granivore/frugivore,"woodland; floodplain; wetland-upland ecotones; rocky habitats",terrestrial/den-building,"seed predation/caching; large middens provide habitat; prey","NatureServe and Animal Diversity Web: Neotoma floridana"
Onychomys arenicola,JORN,1,predator,carnivore/insectivore,"arid terrestrial habitats",fossorial/terrestrial,"predator of insects/scorpions and small vertebrates; prey; possible seed dispersal","Animal Diversity Web: Onychomys arenicola"
Oryzomys palustris,ORNL,1,omnivore,omnivore/carnivore,"semiaquatic wetland and marsh niche; transient upland colonization possible",semiaquatic/terrestrial,"animal/plant consumer; wetland prey; carnivore-dominated trophic role in some populations","Mammalian Species 55(1031):sead006; DOI 10.1093/mspecies/sead006"
Perognathus flavus,JORN,1,granivore,granivore,"arid open habitats with sparse/clumped grass and open ground",fossorial/sedentary,"seed consumer/cacher; prey","NatureServe and Animal Diversity Web: Perognathus flavus"
Perognathus parvus,ONAQ,1,granivore,granivore,"Great Basin shrub/grassland including sagebrush and shadscale",fossorial/terrestrial,"seed consumer/cacher; prey","Animal Diversity Web: Perognathus parvus"
Peromyscus nasutus,RMNP,1,omnivore,invertivore/granivore/frugivore,"rocky cliffs/canyons/outcrops; ponderosa pine/juniper/oak/pinyon woodland",terrestrial/rock-dwelling,"seed/nut/fruit/insect consumer; prey","NatureServe Explorer: Peromyscus nasutus"
Peromyscus polionotus,OSBS,1,granivore,granivore,"early-successional fields; dunes; scrub; suburban/agricultural habitats",fossorial/terrestrial,"seed predator; prey","Animal Diversity Web: Peromyscus polionotus"
Peromyscus truei,SJER,1,granivore,frugivore/granivore,"arid/semi-arid brushland; pinyon-juniper; rocky slopes; open grassland",terrestrial/rock-denning,"conifer seed predation; seed caching/dispersal; prey","Animal Diversity Web: Peromyscus truei"
Reithrodontomys fulvescens,OAES,1,omnivore,seasonally variable granivore/invertivore/herbivore,"grassy/shrubby open habitats; forest edges; riparian margins; disturbed fields",terrestrial/climbing,"seed and invertebrate consumer; prey","Animal Diversity Web and NatureServe: Reithrodontomys fulvescens"
Reithrodontomys humulis,ORNL,1,omnivore,granivore/invertivore,"dense low vegetation; wet/flooded grassland; pasture; field edges",terrestrial,"seed/grain consumer; insects; prey","Texas Tech Mammals of Texas; Mammalian Species account"
Synaptomys cooperi,MLBS,1,herbivore,herbivore,"grassland; wet meadow; marsh; bog; forest; local vegetation requirements",fossorial/terrestrial,"grass/sedge and other herbaceous plant consumer; prey","Mammalian Species 53(1007):95-117"
