species_name,carrier_sites,carrier_site_count,primary_trophic_group,trophic_niche,habitat_niche,space_use_or_life_form,ecosystem_role_examples,evidence_scope,source
Mus musculus,"LAJA;SERC;SJER",3,omnivore,omnivore,"human-associated generalist; cultivated fields; fencerows; wooded areas",terrestrial,"seed consumer; insect consumer; prey; strong commensal/disturbance association",species-level,"Animal Diversity Web: Mus musculus"
Peromyscus boylii,"MOAB;SJER;SOAP",3,omnivore,omnivore,"western woodland/shrub/rock habitats; diet varies with local resource availability",terrestrial,"seed and fruit consumer; arthropod consumer; prey",species-level,"Mammalian Species 838; DOI 10.1644/838.1"
Reithrodontomys megalotis,"JORN;ONAQ;SJER",3,granivore,granivore/herbivore,"broad open-habitat range including grassland, old field, desert, shrubland, cropland and riparian margins",terrestrial/climbing in vegetation,"seed consumer; prey",species-level,"NatureServe Explorer: Reithrodontomys megalotis"
Sigmodon hispidus,"KONA;LENO;OAES",3,herbivore,herbivore-dominant omnivore,"wide regional habitat use but strong microhabitat association with grassy patches and shrub cover",terrestrial,"green-vegetation consumer; seed consumer; occasional animal prey; prey species",species-level,"USFS FEIS: Sigmodon hispidus"
Dipodomys ordii,"JORN;MOAB",2,granivore,granivore,"arid and semi-arid open habitats; seed-based foraging",terrestrial/fossorial,"seed predator and cacher; prey",species-level,"USFS FEIS and Animal Diversity Web: Dipodomys ordii"
Perognathus flavus,JORN,1,granivore,granivore,"arid open habitats with sparse/clumped grass and open ground",fossorial/sedentary,"seed consumer and cacher; prey",species-level,"NatureServe Explorer: Perognathus flavus"
Onychomys arenicola,JORN,1,predator,carnivore/insectivore,"arid terrestrial habitat; animal-dominated diet",terrestrial/fossorial,"predator of insects/scorpions and small vertebrates; prey; possible seed dispersal through caching",species-level,"Animal Diversity Web: Onychomys arenicola"
Neotoma lepida,"MOAB;ONAQ",2,herbivore,herbivore/folivore/granivore,"desert scrub to juniper-sagebrush; plant-resource specialist at local scale",terrestrial/den-building,"plant consumer; seed dispersal; houses provide habitat; soil aeration; prey",species-level,"Animal Diversity Web: Neotoma lepida"
Ochrotomys nuttalli,"MLBS;ORNL",2,granivore,granivore,"thick woodland, swampy vegetation, vines and shrubs",terrestrial/arboreal,"seed consumer; prey",species-level,"Animal Diversity Web: Ochrotomys nuttalli"
Synaptomys cooperi,MLBS,1,herbivore,herbivore,"habitat generalist across grassland, wet meadow, marsh, bog and forest, often with specific local vegetation requirements",terrestrial/fossorial,"grass/sedge consumer; prey",species-level,"Mammalian Species 53(1007):95-117"
Microtus longicaudus,NIWO,1,herbivore,herbivore,"montane/open and shrub-associated habitats; broad plant diet",terrestrial/fossorial,"green-plant consumer; root/bark/seed consumer; prey",species-level,"Animal Diversity Web: Microtus longicaudus"
Oryzomys palustris,ORNL,1,omnivore,omnivore/carnivore,"semiaquatic wetland and marsh specialist; can colonize upland old fields transiently",semiaquatic/terrestrial,"consumer of animal and plant material; wetland prey; trophic niche can be carnivore-dominated",species-level,"Mammalian Species 55(1031):sead006; DOI 10.1093/mspecies/sead006"
Peromyscus gossypinus,"LENO;OSBS",2,omnivore,omnivore,"broad southeastern habitats from swamps and riparian forest to fields, dunes and suburban settings",terrestrial,"fruit/seed and invertebrate consumer; seed dispersal; scavenging; prey",species-level,"Animal Diversity Web: Peromyscus gossypinus"
Peromyscus polionotus,OSBS,1,granivore,granivore,"early-successional fields, dunes, scrub, suburban and agricultural habitats",fossorial/terrestrial,"seed predator; prey",species-level,"Animal Diversity Web: Peromyscus polionotus"
Lemmiscus curtatus,ONAQ,1,herbivore,herbivore/folivore,"sagebrush and bunchgrass systems",fossorial/terrestrial,"green-plant consumer; prey",species-level,"Animal Diversity Web and NatureServe Explorer: Lemmiscus curtatus"
Reithrodontomys fulvescens,OAES,1,omnivore,seasonally variable granivore/invertivore/herbivore,"grassy and shrubby open habitats, forest edges, riparian margins and disturbed fields",terrestrial/climbing in vegetation,"seed and invertebrate consumer; prey",species-level,"Animal Diversity Web and NatureServe Explorer: Reithrodontomys fulvescens"
Neotoma floridana,OAES,1,herbivore,herbivore/granivore/frugivore,"woodland, floodplain, wetland-upland ecotones and rocky habitats",terrestrial/den-building,"seed predation/caching; large middens provide habitat; prey",species-level,"NatureServe Explorer and Animal Diversity Web: Neotoma floridana"
